x,y,C10,C01,C20,invD,ux_pred,uy_pred
0.61067796,0.26955038,0.5,1.0,1.0,1.5,-0.02945444,0.36851433
0.60662526,0.27865803,0.5,1.0,1.0,1.5,-0.038215525,0.30312574
0.5951776,0.29494858,0.5,1.0,1.0,1.5,-0.03471246,0.37554973
0.5727965,0.31472373,0.5,1.0,1.0,1.5,-0.02695675,0.45862168
0.55589753,0.32531822,0.5,1.0,1.0,1.5,-0.025403254,0.48804337
0.528875,0.33814842,0.5,1.0,1.0,1.5,-0.022052903,0.55214006
0.50061697,0.34798566,0.5,1.0,1.0,1.5,-0.020602118,0.56627184
0.49101412,0.35069326,0.5,1.0,1.0,1.5,-0.017155338,0.6304887
0.47160888,0.35533613,0.5,1.0,1.0,1.5,-0.008663661,0.6139436
0.4618253,0.35729292,0.5,1.0,1.0,1.5,-0.010520348,0.62002826
0.44213456,0.36051974,0.5,1.0,1.0,1.5,-0.0074122855,0.6065072
0.42232025,0.36287332,0.5,1.0,1.0,1.5,-0.0004747021,0.66663843
0.4123801,0.3637347,0.5,1.0,1.0,1.5,0.005888174,0.6450555
0.39245713,0.3648428,0.5,1.0,1.0,1.5,0.013265075,0.6551609
0.3725056,0.36514375,0.5,1.0,1.0,1.5,0.02288592,0.653679
0.36252934,0.36499333,0.5,1.0,1.0,1.5,0.022943163,0.67226654
0.3425961,0.3640881,0.5,1.0,1.0,1.5,0.029123457,0.69127035
0.322717,0.36236453,0.5,1.0,1.0,1.5,0.035887722,0.6636826
0.30292937,0.35979667,0.5,1.0,1.0,1.5,0.045894478,0.6534408
0.2930832,0.3581841,0.5,1.0,1.0,1.5,0.044134054,0.6803567
0.27351797,0.3542684,0.5,1.0,1.0,1.5,0.04957782,0.63713914
0.26381418,0.35194832,0.5,1.0,1.0,1.5,0.051247437,0.62906927
0.24461149,0.3465297,0.5,1.0,1.0,1.5,0.05793462,0.62504995
0.21651779,0.33623517,0.5,1.0,1.0,1.5,0.060907725,0.54600114
0.19848922,0.3276938,0.5,1.0,1.0,1.5,0.06250416,0.52772033
0.17317884,0.31177616,0.5,1.0,1.0,1.5,0.066395536,0.52252054
0.15820682,0.29861316,0.5,1.0,1.0,1.5,0.065163285,0.44295552
0.14586757,0.28297833,0.5,1.0,1.0,1.5,0.065005444,0.44653156
0.13783112,0.26479104,0.5,1.0,1.0,1.5,0.06393691,0.3799073
0.13607395,0.24501792,0.5,1.0,1.0,1.5,0.061797615,0.29665756
0.14118136,0.22582154,0.5,1.0,1.0,1.5,0.05501876,0.25605178
0.15162073,0.20887658,0.5,1.0,1.0,1.5,0.05002054,0.20166063
0.17317884,0.18822384,0.5,1.0,1.0,1.5,0.04650747,0.16111481
0.18977389,0.17716174,0.5,1.0,1.0,1.5,0.040561307,0.0844233
0.20741601,0.16785102,0.5,1.0,1.0,1.5,0.032054324,0.12590614
0.22576569,0.1600208,0.5,1.0,1.0,1.5,0.027512113,0.06921455
0.24461149,0.1534703,0.5,1.0,1.0,1.5,0.02535177,0.044734716
0.26381418,0.1480517,0.5,1.0,1.0,1.5,0.017856542,0.06869221
0.283277,0.14365606,0.5,1.0,1.0,1.5,0.017832369,0.049194932
0.30292937,0.14020333,0.5,1.0,1.0,1.5,0.013114366,0.039919555
0.3326476,0.1366701,0.5,1.0,1.0,1.5,0.008268096,0.043010592
0.35255814,0.13535812,0.5,1.0,1.0,1.5,0.006059331,0.03967774
0.3725056,0.13485627,0.5,1.0,1.0,1.5,0.0012169813,0.035329342
0.40242428,0.13560963,0.5,1.0,1.0,1.5,-0.0030509615,0.012106776
0.42232025,0.13712668,0.5,1.0,1.0,1.5,-0.0024078768,0.013409376
0.44213456,0.13948026,0.5,1.0,1.0,1.5,-0.0042082174,0.081819
0.4618253,0.14270708,0.5,1.0,1.0,1.5,-0.006409305,0.020412087
0.49101412,0.14930674,0.5,1.0,1.0,1.5,-0.009539033,0.038498223
0.510138,0.15499678,0.5,1.0,1.0,1.5,-0.009437143,0.019024312
0.528875,0.16185157,0.5,1.0,1.0,1.5,-0.013619954,0.014301121
0.54707134,0.17003065,0.5,1.0,1.0,1.5,-0.013821237,0.09572843
0.55589753,0.1746818,0.5,1.0,1.0,1.5,-0.015136531,0.07782143
0.5727965,0.18527626,0.5,1.0,1.0,1.5,-0.02023986,0.1284157
0.5951776,0.2050514,0.5,1.0,1.0,1.5,-0.02746691,0.13692337
0.61067796,0.2304496,0.5,1.0,1.0,1.5,-0.029460236,0.22649798
0.61415,0.25,0.5,1.0,1.0,1.5,-0.033127002,0.29198655
0.7304496,0.86067796,0.5,1.0,1.0,1.5,-0.007516506,0.93629
0.72134197,0.85662526,0.5,1.0,1.0,1.5,-0.0052148085,0.9498614
0.7050514,0.8451776,0.5,1.0,1.0,1.5,-0.005595212,0.9980395
0.68527627,0.8227965,0.5,1.0,1.0,1.5,-0.0022819564,0.9226792
0.6746818,0.80589753,0.5,1.0,1.0,1.5,0.007970601,0.91530514
0.6618516,0.778875,0.5,1.0,1.0,1.5,0.0023245844,0.8989408
0.6520144,0.75061697,0.5,1.0,1.0,1.5,0.008683764,0.8718097
0.6493067,0.7410141,0.5,1.0,1.0,1.5,0.00749542,0.8386478
0.6446639,0.7216089,0.5,1.0,1.0,1.5,0.0089965835,0.8390186
0.6427071,0.7118253,0.5,1.0,1.0,1.5,0.013059372,0.78836024
0.6394803,0.69213456,0.5,1.0,1.0,1.5,0.014733256,0.74094963
0.6371267,0.67232025,0.5,1.0,1.0,1.5,0.013487666,0.7474001
0.63626534,0.6623801,0.5,1.0,1.0,1.5,0.015187348,0.8078494
0.6351572,0.6424571,0.5,1.0,1.0,1.5,0.016817495,0.7401792
0.6348563,0.6225056,0.5,1.0,1.0,1.5,0.019341772,0.682472
0.63500667,0.61252934,0.5,1.0,1.0,1.5,0.019897835,0.71491253
0.63591194,0.5925961,0.5,1.0,1.0,1.5,0.02497052,0.66927516
0.63763547,0.572717,0.5,1.0,1.0,1.5,0.026405195,0.63124096
0.64020336,0.55292934,0.5,1.0,1.0,1.5,0.02692195,0.5484344
0.6418159,0.5430832,0.5,1.0,1.0,1.5,0.02182081,0.59068346
0.64573157,0.52351797,0.5,1.0,1.0,1.5,0.024783215,0.6133579
0.6480517,0.51381415,0.5,1.0,1.0,1.5,0.024411758,0.547174
0.6534703,0.4946115,0.5,1.0,1.0,1.5,0.023238352,0.543459
0.66376483,0.46651778,0.5,1.0,1.0,1.5,0.012982103,0.5278083
0.67230624,0.44848922,0.5,1.0,1.0,1.5,0.0030987286,0.5050059
0.68822384,0.42317882,0.5,1.0,1.0,1.5,-0.0002172268,0.38401824
0.7013868,0.40820682,0.5,1.0,1.0,1.5,-0.005808209,0.38760728
0.71702164,0.3958676,0.5,1.0,1.0,1.5,-0.014001783,0.40867347
0.735209,0.38783112,0.5,1.0,1.0,1.5,-0.016799523,0.31870374
0.75498205,0.38607395,0.5,1.0,1.0,1.5,-0.022701798,0.31540835
0.77417845,0.39118135,0.5,1.0,1.0,1.5,-0.02863061,0.33621025
0.7911234,0.40162075,0.5,1.0,1.0,1.5,-0.037111707,0.33079875
0.81177616,0.42317882,0.5,1.0,1.0,1.5,-0.040197227,0.31804425
0.82283825,0.4397739,0.5,1.0,1.0,1.5,-0.044920664,0.36188245
0.83214897,0.457416,0.5,1.0,1.0,1.5,-0.045284085,0.39761972
0.8399792,0.47576568,0.5,1.0,1.0,1.5,-0.048729848,0.37297624
0.8465297,0.4946115,0.5,1.0,1.0,1.5,-0.0519399,0.43818083
0.8519483,0.51381415,0.5,1.0,1.0,1.5,-0.050456375,0.4250884
0.8563439,0.53327703,0.5,1.0,1.0,1.5,-0.05328802,0.4406594
0.85979664,0.55292934,0.5,1.0,1.0,1.5,-0.05557819,0.48445588
0.8633299,0.58264756,0.5,1.0,1.0,1.5,-0.054686524,0.5773265
0.8646419,0.60255814,0.5,1.0,1.0,1.5,-0.054849688,0.56986725
0.8651437,0.6225056,0.5,1.0,1.0,1.5,-0.04824008,0.57637644
0.8643904,0.6524243,0.5,1.0,1.0,1.5,-0.05470309,0.63080966
0.8628733,0.67232025,0.5,1.0,1.0,1.5,-0.050690748,0.68856627
0.8605197,0.69213456,0.5,1.0,1.0,1.5,-0.047659796,0.67462885
0.8572929,0.7118253,0.5,1.0,1.0,1.5,-0.044530835,0.7333534
0.8506933,0.7410141,0.5,1.0,1.0,1.5,-0.042084485,0.7293853
0.8450032,0.760138,0.5,1.0,1.0,1.5,-0.039573133,0.8085439
0.8381484,0.778875,0.5,1.0,1.0,1.5,-0.036407355,0.7920287
0.82996935,0.79707134,0.5,1.0,1.0,1.5,-0.027880855,0.8622681
0.8253182,0.80589753,0.5,1.0,1.0,1.5,-0.027965024,0.9040791
0.81472373,0.8227965,0.5,1.0,1.0,1.5,-0.02759382,0.8627666
0.7949486,0.8451776,0.5,1.0,1.0,1.5,-0.017800841,0.92930007
0.7695504,0.86067796,0.5,1.0,1.0,1.5,-0.012427421,0.9617975
0.75,0.86415,0.5,1.0,1.0,1.5,-0.0077434983,1.0047079
0.98,0.0,0.5,1.0,1.0,1.5,-0.0009791395,0.5497288
0.96,0.0,0.5,1.0,1.0,1.5,-0.00014115847,0.521281
0.94,0.0,0.5,1.0,1.0,1.5,0.0020242562,0.49651632
0.92,0.0,0.5,1.0,1.0,1.5,0.000764407,0.53093165
0.9,0.0,0.5,1.0,1.0,1.5,-0.0008775592,0.48934042
0.87,0.0,0.5,1.0,1.0,1.5,-0.00034232484,0.5268547
0.85,0.0,0.5,1.0,1.0,1.5,0.0009733683,0.5257415
0.83,0.0,0.5,1.0,1.0,1.5,0.0018539632,0.48857766
0.81,0.0,0.5,1.0,1.0,1.5,0.0011073402,0.49233332
0.79,0.0,0.5,1.0,1.0,1.5,0.00015328475,0.5159365
0.77,0.0,0.5,1.0,1.0,1.5,-0.00037840847,0.49689323
0.75,0.0,0.5,1.0,1.0,1.5,0.00025150715,0.51698637
0.73,0.0,0.5,1.0,1.0,1.5,-0.0008949265,0.51299906
0.71,0.0,0.5,1.0,1.0,1.5,0.004150483,0.56475294
0.69,0.0,0.5,1.0,1.0,1.5,1.8823426e-05,0.5031768
0.67,0.0,0.5,1.0,1.0,1.5,0.0008497571,0.50270253
0.65,0.0,0.5,1.0,1.0,1.5,0.0004390292,0.5132368
0.62,0.0,0.5,1.0,1.0,1.5,-0.00067984685,0.516726
0.6,0.0,0.5,1.0,1.0,1.5,0.00020776736,0.5405898
0.58,0.0,0.5,1.0,1.0,1.5,0.004051677,0.5231024
0.56,0.0,0.5,1.0,1.0,1.5,0.0013769129,0.4867351
0.54,0.0,0.5,1.0,1.0,1.5,-0.0013366155,0.5338033
0.52,0.0,0.5,1.0,1.0,1.5,0.0015193142,0.4968398
0.5,0.0,0.5,1.0,1.0,1.5,-0.00074059004,0.50835615
0.48,0.0,0.5,1.0,1.0,1.5,-0.0009794463,0.5497283
0.46,0.0,0.5,1.0,1.0,1.5,-0.00014121644,0.52127993
0.44,0.0,0.5,1.0,1.0,1.5,0.0020238792,0.49651277
0.42,0.0,0.5,1.0,1.0,1.5,0.00076464703,0.53093
0.4,0.0,0.5,1.0,1.0,1.5,-0.0008775522,0.48934063
0.37,0.0,0.5,1.0,1.0,1.5,-0.00034219678,0.5268537
0.35,0.0,0.5,1.0,1.0,1.5,0.00097394106,0.525749
0.33,0.0,0.5,1.0,1.0,1.5,0.0018533854,0.48857793
0.31,0.0,0.5,1.0,1.0,1.5,0.0011073581,0.49233255
0.29,0.0,0.5,1.0,1.0,1.5,0.00015255227,0.5159367
0.27,0.0,0.5,1.0,1.0,1.5,-0.00037819054,0.49689567
0.25,0.0,0.5,1.0,1.0,1.5,0.00025158492,0.5169868
0.23,0.0,0.5,1.0,1.0,1.5,-0.0008950867,0.5129947
0.21,0.0,0.5,1.0,1.0,1.5,0.004150576,0.56475264
0.19,0.0,0.5,1.0,1.0,1.5,1.8369174e-05,0.5031791
0.17,0.0,0.5,1.0,1.0,1.5,0.0008490358,0.5026973
0.15,0.0,0.5,1.0,1.0,1.5,0.00043760077,0.51324654
0.12,0.0,0.5,1.0,1.0,1.5,-0.00068024686,0.5167245
0.1,0.0,0.5,1.0,1.0,1.5,0.00020860462,0.54059523
0.08,0.0,0.5,1.0,1.0,1.5,0.0040518185,0.52310246
0.06,0.0,0.5,1.0,1.0,1.5,0.0013769078,0.4867353
0.04,0.0,0.5,1.0,1.0,1.5,-0.001337707,0.5338063
0.02,0.0,0.5,1.0,1.0,1.5,0.0015191953,0.49683878
1.0,0.0,0.5,1.0,1.0,1.5,-0.00074060075,0.50835514
0.0,0.0,0.5,1.0,1.0,1.5,-0.0007406529,0.5083572
1.0,0.98,0.5,1.0,1.0,1.5,-0.0038272557,0.7401156
1.0,0.96,0.5,1.0,1.0,1.5,-0.0021217088,0.788259
1.0,0.94,0.5,1.0,1.0,1.5,0.0018390791,0.72403234
1.0,0.92,0.5,1.0,1.0,1.5,0.0027345526,0.6879168
1.0,0.9,0.5,1.0,1.0,1.5,-0.0013477309,0.708619
1.0,0.87,0.5,1.0,1.0,1.5,0.0039626714,0.65106106
1.0,0.85,0.5,1.0,1.0,1.5,0.0003399423,0.64408934
1.0,0.83,0.5,1.0,1.0,1.5,0.0023563248,0.6080003
1.0,0.81,0.5,1.0,1.0,1.5,0.007859938,0.6728971
1.0,0.79,0.5,1.0,1.0,1.5,0.0030251422,0.5854227
1.0,0.77,0.5,1.0,1.0,1.5,0.0025222572,0.54813087
1.0,0.75,0.5,1.0,1.0,1.5,0.0076974495,0.551611
1.0,0.73,0.5,1.0,1.0,1.5,0.0040745963,0.5010318
1.0,0.71,0.5,1.0,1.0,1.5,-0.00020218943,0.47038618
1.0,0.69,0.5,1.0,1.0,1.5,0.00015363563,0.48866546
1.0,0.67,0.5,1.0,1.0,1.5,0.0018292667,0.41582516
1.0,0.65,0.5,1.0,1.0,1.5,-0.0016084914,0.44378594
1.0,0.62,0.5,1.0,1.0,1.5,-0.008849178,0.34839422
1.0,0.6,0.5,1.0,1.0,1.5,-0.0028144275,0.33591598
1.0,0.58,0.5,1.0,1.0,1.5,-0.0042857043,0.36095762
1.0,0.56,0.5,1.0,1.0,1.5,-0.005677743,0.32609236
1.0,0.54,0.5,1.0,1.0,1.5,-0.0018043518,0.324749
1.0,0.52,0.5,1.0,1.0,1.5,-0.0055315495,0.19980979
1.0,0.5,0.5,1.0,1.0,1.5,-0.00074065384,0.508357
1.0,0.48,0.5,1.0,1.0,1.5,-0.0038268664,0.7401158
1.0,0.46,0.5,1.0,1.0,1.5,-0.0021215677,0.7882595
1.0,0.44,0.5,1.0,1.0,1.5,0.0018390657,0.72402894
1.0,0.42,0.5,1.0,1.0,1.5,0.002734084,0.68791395
1.0,0.4,0.5,1.0,1.0,1.5,-0.001347993,0.7086183
1.0,0.37,0.5,1.0,1.0,1.5,0.003963149,0.6510546
1.0,0.35,0.5,1.0,1.0,1.5,0.0003413544,0.6440794
1.0,0.33,0.5,1.0,1.0,1.5,0.0023564524,0.60799867
1.0,0.31,0.5,1.0,1.0,1.5,0.007859683,0.67289805
1.0,0.29,0.5,1.0,1.0,1.5,0.0030251988,0.5854192
1.0,0.27,0.5,1.0,1.0,1.5,0.0025223875,0.5481291
1.0,0.25,0.5,1.0,1.0,1.5,0.0076975767,0.55161023
1.0,0.23,0.5,1.0,1.0,1.5,0.004073371,0.50102264
1.0,0.21,0.5,1.0,1.0,1.5,-0.00020222156,0.47038543
1.0,0.19,0.5,1.0,1.0,1.5,0.00015437533,0.48867628
1.0,0.17,0.5,1.0,1.0,1.5,0.0018293747,0.4158249
1.0,0.15,0.5,1.0,1.0,1.5,-0.0016086171,0.4437831
1.0,0.12,0.5,1.0,1.0,1.5,-0.008849479,0.34839374
1.0,0.1,0.5,1.0,1.0,1.5,-0.0028147772,0.33592728
1.0,0.08,0.5,1.0,1.0,1.5,-0.00428576,0.3609565
1.0,0.06,0.5,1.0,1.0,1.5,-0.005677753,0.32609236
1.0,0.04,0.5,1.0,1.0,1.5,-0.0018036938,0.3247742
1.0,0.02,0.5,1.0,1.0,1.5,-0.005531688,0.19980633
1.0,1.0,0.5,1.0,1.0,1.5,-0.0007406417,0.5083584
0.02,1.0,0.5,1.0,1.0,1.5,0.0015187915,0.49683934
0.04,1.0,0.5,1.0,1.0,1.5,-0.0013372796,0.53380644
0.06,1.0,0.5,1.0,1.0,1.5,0.0013771739,0.48673585
0.08,1.0,0.5,1.0,1.0,1.5,0.0040512825,0.52310014
0.1,1.0,0.5,1.0,1.0,1.5,0.0002083499,0.5405909
0.13,1.0,0.5,1.0,1.0,1.5,-0.0015530549,0.447344
0.15,1.0,0.5,1.0,1.0,1.5,0.00043704454,0.51324326
0.17,1.0,0.5,1.0,1.0,1.5,0.00084895315,0.502701
0.19,1.0,0.5,1.0,1.0,1.5,1.7811079e-05,0.5031782
0.21,1.0,0.5,1.0,1.0,1.5,0.0041508535,0.564755
0.23,1.0,0.5,1.0,1.0,1.5,-0.00089545315,0.5129931
0.25,1.0,0.5,1.0,1.0,1.5,0.0002520911,0.5169862
0.27,1.0,0.5,1.0,1.0,1.5,-0.00037787063,0.49689728
0.29,1.0,0.5,1.0,1.0,1.5,0.0001522468,0.5159365
0.31,1.0,0.5,1.0,1.0,1.5,0.0011080317,0.49233276
0.33,1.0,0.5,1.0,1.0,1.5,0.0018525467,0.48857933
0.35,1.0,0.5,1.0,1.0,1.5,0.00097421464,0.5257508
0.38,1.0,0.5,1.0,1.0,1.5,-0.0026773727,0.49737465
0.4,1.0,0.5,1.0,1.0,1.5,-0.00087744556,0.48934385
0.42,1.0,0.5,1.0,1.0,1.5,0.0007640221,0.5309287
0.44,1.0,0.5,1.0,1.0,1.5,0.0020236145,0.4965135
0.46,1.0,0.5,1.0,1.0,1.5,-0.00014133588,0.52127963
0.48,1.0,0.5,1.0,1.0,1.5,-0.0009797201,0.5497308
0.5,1.0,0.5,1.0,1.0,1.5,-0.0007407181,0.50835896
0.52,1.0,0.5,1.0,1.0,1.5,0.0015189087,0.49684045
0.54,1.0,0.5,1.0,1.0,1.5,-0.0013360004,0.53380287
0.56,1.0,0.5,1.0,1.0,1.5,0.0013772144,0.48673582
0.58,1.0,0.5,1.0,1.0,1.5,0.0040513272,0.52310055
0.6,1.0,0.5,1.0,1.0,1.5,0.00020745606,0.5405851
0.63,1.0,0.5,1.0,1.0,1.5,-0.0015518796,0.4473494
0.65,1.0,0.5,1.0,1.0,1.5,0.00043849228,0.51323384
0.67,1.0,0.5,1.0,1.0,1.5,0.0008497026,0.5027061
0.69,1.0,0.5,1.0,1.0,1.5,1.827511e-05,0.50317645
0.71,1.0,0.5,1.0,1.0,1.5,0.0041507347,0.5647552
0.73,1.0,0.5,1.0,1.0,1.5,-0.0008952515,0.51299715
0.75,1.0,0.5,1.0,1.0,1.5,0.00025192462,0.5169857
0.77,1.0,0.5,1.0,1.0,1.5,-0.00037809648,0.4968948
0.79,1.0,0.5,1.0,1.0,1.5,0.00015294505,0.5159365
0.81,1.0,0.5,1.0,1.0,1.5,0.0011079607,0.4923341
0.83,1.0,0.5,1.0,1.0,1.5,0.0018530805,0.48857892
0.85,1.0,0.5,1.0,1.0,1.5,0.0009736663,0.5257429
0.88,1.0,0.5,1.0,1.0,1.5,-0.0026774756,0.4973661
0.9,1.0,0.5,1.0,1.0,1.5,-0.00087760994,0.48934418
0.92,1.0,0.5,1.0,1.0,1.5,0.00076376647,0.5309304
0.94,1.0,0.5,1.0,1.0,1.5,0.0020239668,0.4965177
0.96,1.0,0.5,1.0,1.0,1.5,-0.00014129071,0.521281
0.98,1.0,0.5,1.0,1.0,1.5,-0.0009794324,0.5497312
0.0,1.0,0.5,1.0,1.0,1.5,-0.0007407442,0.50835985
0.0,0.02,0.5,1.0,1.0,1.5,-0.005532304,0.19979739
0.0,0.04,0.5,1.0,1.0,1.5,-0.0018036817,0.32478708
0.0,0.06,0.5,1.0,1.0,1.5,-0.0056782113,0.32608515
0.0,0.08,0.5,1.0,1.0,1.5,-0.004285643,0.3609566
0.0,0.1,0.5,1.0,1.0,1.5,-0.0028144391,0.33593854
0.0,0.13,0.5,1.0,1.0,1.5,-0.0008568079,0.42771086
0.0,0.15,0.5,1.0,1.0,1.5,-0.0016082628,0.44378492
0.0,0.17,0.5,1.0,1.0,1.5,0.0018291817,0.41582754
0.0,0.19,0.5,1.0,1.0,1.5,0.00015461212,0.48867577
0.0,0.21,0.5,1.0,1.0,1.5,-0.0002021864,0.4703939
0.0,0.23,0.5,1.0,1.0,1.5,0.0040731016,0.50102156
0.0,0.25,0.5,1.0,1.0,1.5,0.0076980023,0.551613
0.0,0.27,0.5,1.0,1.0,1.5,0.0025225836,0.548132
0.0,0.29,0.5,1.0,1.0,1.5,0.0030256468,0.58542484
0.0,0.31,0.5,1.0,1.0,1.5,0.007859828,0.67290926
0.0,0.33,0.5,1.0,1.0,1.5,0.0023569018,0.60799676
0.0,0.35,0.5,1.0,1.0,1.5,0.00034165476,0.64407974
0.0,0.38,0.5,1.0,1.0,1.5,-0.00083808694,0.6730868
0.0,0.4,0.5,1.0,1.0,1.5,-0.0013479148,0.70862055
0.0,0.42,0.5,1.0,1.0,1.5,0.0027337216,0.68791544
0.0,0.44,0.5,1.0,1.0,1.5,0.0018393326,0.7240255
0.0,0.46,0.5,1.0,1.0,1.5,-0.002122139,0.78824973
0.0,0.48,0.5,1.0,1.0,1.5,-0.0038260971,0.7401126
0.0,0.5,0.5,1.0,1.0,1.5,-0.0007406706,0.5083588
0.0,0.52,0.5,1.0,1.0,1.5,-0.00553215,0.19980109
0.0,0.54,0.5,1.0,1.0,1.5,-0.0018043518,0.32476252
0.0,0.56,0.5,1.0,1.0,1.5,-0.0056782225,0.32608485
0.0,0.58,0.5,1.0,1.0,1.5,-0.0042856066,0.36095768
0.0,0.6,0.5,1.0,1.0,1.5,-0.0028140396,0.33592755
0.0,0.63,0.5,1.0,1.0,1.5,-0.0008570878,0.42770877
0.0,0.65,0.5,1.0,1.0,1.5,-0.0016081212,0.44378674
0.0,0.67,0.5,1.0,1.0,1.5,0.0018291469,0.41582847
0.0,0.69,0.5,1.0,1.0,1.5,0.00015383004,0.48866546
0.0,0.71,0.5,1.0,1.0,1.5,-0.00020219223,0.47039422
0.0,0.73,0.5,1.0,1.0,1.5,0.004074326,0.5010313
0.0,0.75,0.5,1.0,1.0,1.5,0.0076978644,0.5516136
0.0,0.77,0.5,1.0,1.0,1.5,0.0025225033,0.5481341
0.0,0.79,0.5,1.0,1.0,1.5,0.0030256535,0.58542764
0.0,0.81,0.5,1.0,1.0,1.5,0.007860046,0.6729081
0.0,0.83,0.5,1.0,1.0,1.5,0.0023566943,0.6079984
0.0,0.85,0.5,1.0,1.0,1.5,0.00034022494,0.6440894
0.0,0.88,0.5,1.0,1.0,1.5,-0.0008381782,0.6730729
0.0,0.9,0.5,1.0,1.0,1.5,-0.0013476792,0.7086207
0.0,0.92,0.5,1.0,1.0,1.5,0.002734223,0.6879175
0.0,0.94,0.5,1.0,1.0,1.5,0.0018393518,0.72402865
0.0,0.96,0.5,1.0,1.0,1.5,-0.0021222667,0.7882496
0.0,0.98,0.5,1.0,1.0,1.5,-0.0038265078,0.7401123
0.39193997,0.1247396,0.5,1.0,1.0,1.5,0.0015700941,0.026527524
0.77340853,0.36834598,0.5,1.0,1.0,1.5,-0.02839804,0.28247216
0.62929267,0.22645167,0.5,1.0,1.0,1.5,-0.029684097,0.18577978
0.64778286,0.23291495,0.5,1.0,1.0,1.5,-0.029890794,0.2678005
0.666418,0.22502536,0.5,1.0,1.0,1.5,-0.025575435,0.1960009
0.68683463,0.23103988,0.5,1.0,1.0,1.5,-0.02948777,0.20884457
0.70680004,0.23311618,0.5,1.0,1.0,1.5,-0.031246148,0.24460617
0.72628534,0.23141274,0.5,1.0,1.0,1.5,-0.028485075,0.22267649
0.7431934,0.22839849,0.5,1.0,1.0,1.5,-0.027549677,0.1549789
0.7709586,0.22825702,0.5,1.0,1.0,1.5,-0.031895246,0.16981414
0.7915757,0.22975579,0.5,1.0,1.0,1.5,-0.029368654,0.18656117
0.81175697,0.23348871,0.5,1.0,1.0,1.5,-0.03507113,0.20782787
0.83698034,0.22417267,0.5,1.0,1.0,1.5,-0.032737788,0.18888506
0.8561744,0.22661792,0.5,1.0,1.0,1.5,-0.037686504,0.15010998
0.8767915,0.22598566,0.5,1.0,1.0,1.5,-0.033879593,0.19877318
0.89117026,0.22758597,0.5,1.0,1.0,1.5,-0.04014126,0.19222459
0.9144262,0.22147208,0.5,1.0,1.0,1.5,-0.035203792,0.23315573
0.93605834,0.23070079,0.5,1.0,1.0,1.5,-0.03673751,0.19032055
0.94981843,0.23187427,0.5,1.0,1.0,1.5,-0.038465075,0.21592093
0.9778975,0.2275537,0.5,1.0,1.0,1.5,-0.035276204,0.16896147
0.9784868,0.251294,0.5,1.0,1.0,1.5,-0.04137365,0.2316381
0.9541597,0.25290066,0.5,1.0,1.0,1.5,-0.045189165,0.21515822
0.9327988,0.25328657,0.5,1.0,1.0,1.5,-0.03845409,0.22950363
0.91204226,0.25167942,0.5,1.0,1.0,1.5,-0.040912423,0.19939065
0.89698374,0.2499881,0.5,1.0,1.0,1.5,-0.033790305,0.26337844
0.87992793,0.25074306,0.5,1.0,1.0,1.5,-0.033440027,0.26896495
0.850067,0.25799096,0.5,1.0,1.0,1.5,-0.031845633,0.22517958
0.8287929,0.25633734,0.5,1.0,1.0,1.5,-0.03431656,0.21319136
0.8128013,0.25160813,0.5,1.0,1.0,1.5,-0.031696796,0.2151196
0.7886065,0.2528736,0.5,1.0,1.0,1.5,-0.036117088,0.1860961
0.76894975,0.2493244,0.5,1.0,1.0,1.5,-0.032116957,0.21052158
0.73439056,0.25113064,0.5,1.0,1.0,1.5,-0.02961953,0.21328706
0.7081671,0.2520935,0.5,1.0,1.0,1.5,-0.030558884,0.27440035
0.6847945,0.24933028,0.5,1.0,1.0,1.5,-0.030790105,0.22540036
0.6685293,0.25196633,0.5,1.0,1.0,1.5,-0.035507906,0.23494586
0.6454291,0.24949567,0.5,1.0,1.0,1.5,-0.032117765,0.2467773
0.6234171,0.2526762,0.5,1.0,1.0,1.5,-0.030255076,0.2922456
0.62173617,0.20696995,0.5,1.0,1.0,1.5,-0.022503508,0.18923011
0.6479891,0.20435256,0.5,1.0,1.0,1.5,-0.025970323,0.1824584
0.6749798,0.20553702,0.5,1.0,1.0,1.5,-0.02865979,0.1910719
0.6998064,0.21004185,0.5,1.0,1.0,1.5,-0.028258566,0.20681053
0.7069101,0.20586061,0.5,1.0,1.0,1.5,-0.026488332,0.1572915
0.7249603,0.20145385,0.5,1.0,1.0,1.5,-0.025130967,0.16082376
0.7448494,0.20575273,0.5,1.0,1.0,1.5,-0.028304078,0.17207289
0.76839226,0.20501131,0.5,1.0,1.0,1.5,-0.03156372,0.1683467
0.79626405,0.20896865,0.5,1.0,1.0,1.5,-0.031757675,0.16982111
0.8132677,0.20682994,0.5,1.0,1.0,1.5,-0.028459642,0.187134
0.8375997,0.20721042,0.5,1.0,1.0,1.5,-0.030776974,0.16403553
0.85410684,0.2066708,0.5,1.0,1.0,1.5,-0.03307826,0.18067431
0.8709988,0.20645529,0.5,1.0,1.0,1.5,-0.029828586,0.15280864
0.89537346,0.20603418,0.5,1.0,1.0,1.5,-0.035328276,0.19787139
0.9173715,0.20694323,0.5,1.0,1.0,1.5,-0.040275443,0.20237091
0.94366014,0.20246257,0.5,1.0,1.0,1.5,-0.036660273,0.18280539
0.9585543,0.21347795,0.5,1.0,1.0,1.5,-0.037639823,0.18032175
0.9804935,0.2077589,0.5,1.0,1.0,1.5,-0.042176783,0.16216555
0.6048922,0.1848578,0.5,1.0,1.0,1.5,-0.021767031,0.15039086
0.6252292,0.18011904,0.5,1.0,1.0,1.5,-0.021816332,0.1302903
0.648742,0.18928155,0.5,1.0,1.0,1.5,-0.022202514,0.20171508
0.67263263,0.18375702,0.5,1.0,1.0,1.5,-0.021676075,0.16476133
0.68699515,0.1806174,0.5,1.0,1.0,1.5,-0.023416096,0.1560843
0.70970726,0.18459353,0.5,1.0,1.0,1.5,-0.02353461,0.17919931
0.72249055,0.18830627,0.5,1.0,1.0,1.5,-0.025987847,0.18497962
0.7498366,0.19100459,0.5,1.0,1.0,1.5,-0.029467661,0.20473763
0.77243704,0.19047351,0.5,1.0,1.0,1.5,-0.028965171,0.16960558
0.7971586,0.19543533,0.5,1.0,1.0,1.5,-0.024937294,0.17892048
0.8128767,0.18877374,0.5,1.0,1.0,1.5,-0.023931744,0.1635269
0.8378334,0.18476535,0.5,1.0,1.0,1.5,-0.026332038,0.16971222
0.8567148,0.19502358,0.5,1.0,1.0,1.5,-0.030100062,0.18207538
0.8743206,0.18529828,0.5,1.0,1.0,1.5,-0.026430322,0.19095758
0.8925792,0.19166012,0.5,1.0,1.0,1.5,-0.034921918,0.18444678
0.9146901,0.18599737,0.5,1.0,1.0,1.5,-0.030360024,0.17580107
0.9372877,0.1882263,0.5,1.0,1.0,1.5,-0.033568233,0.16584814
0.95446056,0.18646844,0.5,1.0,1.0,1.5,-0.031192843,0.1664426
0.98147404,0.18860972,0.5,1.0,1.0,1.5,-0.04126839,0.22389191
0.5691668,0.17189758,0.5,1.0,1.0,1.5,-0.012515878,0.13110158
0.58265483,0.16974767,0.5,1.0,1.0,1.5,-0.013823245,0.0861752
0.60265833,0.16565835,0.5,1.0,1.0,1.5,-0.016059382,0.112540394
0.62750894,0.16671853,0.5,1.0,1.0,1.5,-0.014492007,0.17706412
0.64269316,0.16699246,0.5,1.0,1.0,1.5,-0.017434284,0.15339032
0.6639717,0.16414516,0.5,1.0,1.0,1.5,-0.019651916,0.10132736
0.6907531,0.16112551,0.5,1.0,1.0,1.5,-0.02020581,0.1100125
0.7102734,0.1653428,0.5,1.0,1.0,1.5,-0.022085013,0.12191966
0.7305405,0.1667235,0.5,1.0,1.0,1.5,-0.022745635,0.14047435
0.7487418,0.16922759,0.5,1.0,1.0,1.5,-0.019987594,0.16832867
0.7689182,0.16676007,0.5,1.0,1.0,1.5,-0.024022315,0.16440907
0.7917942,0.17092496,0.5,1.0,1.0,1.5,-0.02322717,0.20893687
0.8140642,0.16503792,0.5,1.0,1.0,1.5,-0.027202848,0.1541985
0.8363815,0.16251056,0.5,1.0,1.0,1.5,-0.022381015,0.13397208
0.85545427,0.17044392,0.5,1.0,1.0,1.5,-0.028408315,0.1693035
0.88406885,0.1706565,0.5,1.0,1.0,1.5,-0.030241854,0.12873647
0.8998146,0.16653188,0.5,1.0,1.0,1.5,-0.030324072,0.1664702
0.9143999,0.16407768,0.5,1.0,1.0,1.5,-0.02898864,0.11620027
0.9435871,0.16982108,0.5,1.0,1.0,1.5,-0.03099269,0.15511844
0.9626597,0.1692643,0.5,1.0,1.0,1.5,-0.03692993,0.18397716
0.9815108,0.1695835,0.5,1.0,1.0,1.5,-0.038988654,0.20352149
0.52326816,0.14952645,0.5,1.0,1.0,1.5,-0.012766343,0.043376565
0.546624,0.1481439,0.5,1.0,1.0,1.5,-0.00976063,0.03266436
0.56216055,0.14131892,0.5,1.0,1.0,1.5,-0.0010374277,0.11712873
0.5821885,0.13584751,0.5,1.0,1.0,1.5,-0.007071293,0.12418556
0.6055466,0.14273158,0.5,1.0,1.0,1.5,-0.011213094,0.1137726
0.62201536,0.14754443,0.5,1.0,1.0,1.5,-0.010989564,0.1373032
0.6469561,0.14299731,0.5,1.0,1.0,1.5,-0.01537963,0.12355718
0.6675943,0.14832743,0.5,1.0,1.0,1.5,-0.015925039,0.12681147
0.6864427,0.14430526,0.5,1.0,1.0,1.5,-0.018882232,0.14854515
0.703088,0.14167458,0.5,1.0,1.0,1.5,-0.014683943,0.16971037
0.72608507,0.15156132,0.5,1.0,1.0,1.5,-0.019652933,0.13961622
0.7511524,0.14515512,0.5,1.0,1.0,1.5,-0.020262305,0.0979836
0.76891905,0.14071107,0.5,1.0,1.0,1.5,-0.01878313,0.12418491
0.79698694,0.14908686,0.5,1.0,1.0,1.5,-0.020667586,0.13536814
0.8134641,0.14547853,0.5,1.0,1.0,1.5,-0.022395117,0.107958615
0.8417309,0.14021547,0.5,1.0,1.0,1.5,-0.025740832,0.12395638
0.8576317,0.14293085,0.5,1.0,1.0,1.5,-0.02642572,0.11102778
0.8762012,0.14958166,0.5,1.0,1.0,1.5,-0.024009088,0.14427033
0.89771676,0.14856778,0.5,1.0,1.0,1.5,-0.026380954,0.10336217
0.919791,0.14422782,0.5,1.0,1.0,1.5,-0.030109443,0.17168343
0.94002646,0.14109781,0.5,1.0,1.0,1.5,-0.028016038,0.1911794
0.9617751,0.14396898,0.5,1.0,1.0,1.5,-0.03858345,0.15370691
0.9810251,0.15058859,0.5,1.0,1.0,1.5,-0.033701565,0.2059704
0.020985186,0.120441906,0.5,1.0,1.0,1.5,0.035518933,0.21631163
0.04099784,0.11888335,0.5,1.0,1.0,1.5,0.02547639,0.22903281
0.061846886,0.12553298,0.5,1.0,1.0,1.5,0.029178655,0.13786879
0.082668655,0.13025045,0.5,1.0,1.0,1.5,0.030752968,0.12602362
0.10324638,0.11944898,0.5,1.0,1.0,1.5,0.027280716,0.15583736
0.12436106,0.13096341,0.5,1.0,1.0,1.5,0.027054548,0.14538279
0.15156901,0.128792,0.5,1.0,1.0,1.5,0.024753325,0.07891506
0.17129888,0.120996974,0.5,1.0,1.0,1.5,0.020532174,0.116319716
0.18609075,0.12127892,0.5,1.0,1.0,1.5,0.016688175,0.11911732
0.21243751,0.12113854,0.5,1.0,1.0,1.5,0.015863193,0.044343352
0.23100832,0.122213766,0.5,1.0,1.0,1.5,0.012281549,0.054533184
0.25001118,0.121945485,0.5,1.0,1.0,1.5,0.013152201,0.0854086
0.2692876,0.13004261,0.5,1.0,1.0,1.5,0.012689936,0.029756546
0.29250607,0.1213321,0.5,1.0,1.0,1.5,0.007018434,-0.026137471
0.30923113,0.12469407,0.5,1.0,1.0,1.5,0.010653411,0.0042253137
0.3321595,0.1264222,0.5,1.0,1.0,1.5,0.010320752,0.0025835037
0.35207862,0.12609798,0.5,1.0,1.0,1.5,0.007383421,0.025946736
0.37188825,0.12554625,0.5,1.0,1.0,1.5,0.0063871853,0.02140212
0.4144077,0.1220275,0.5,1.0,1.0,1.5,-0.002180892,0.03647411
0.43874395,0.122487955,0.5,1.0,1.0,1.5,-0.0004878221,0.045617938
0.4617702,0.120734595,0.5,1.0,1.0,1.5,-0.0025307508,0.022611082
0.4867416,0.122316115,0.5,1.0,1.0,1.5,0.001009054,0.046119034
0.5039107,0.12015251,0.5,1.0,1.0,1.5,-0.0023536743,0.036064386
0.5223975,0.127541,0.5,1.0,1.0,1.5,-0.003098498,0.0762735
0.5445318,0.12667805,0.5,1.0,1.0,1.5,-0.0013176305,0.13125983
0.5706895,0.12772436,0.5,1.0,1.0,1.5,-0.0031868168,0.08246514
0.5851181,0.12818915,0.5,1.0,1.0,1.5,-0.007174343,0.061801583
0.6014137,0.12508215,0.5,1.0,1.0,1.5,-0.0051634256,0.12632123
0.6234181,0.12857738,0.5,1.0,1.0,1.5,-0.0079547735,0.05889091
0.6464759,0.12792271,0.5,1.0,1.0,1.5,-0.0101924185,0.10140392
0.6706894,0.12534085,0.5,1.0,1.0,1.5,-0.012519589,0.1264163
0.69264346,0.12351799,0.5,1.0,1.0,1.5,-0.01303434,0.117884636
0.70715564,0.12078813,0.5,1.0,1.0,1.5,-0.014885036,0.1615192
0.7303601,0.12492402,0.5,1.0,1.0,1.5,-0.0140294675,0.058856875
0.7458197,0.12186399,0.5,1.0,1.0,1.5,-0.016426103,0.11861959
0.7740283,0.1275924,0.5,1.0,1.0,1.5,-0.014259327,0.107700944
0.7912145,0.13037294,0.5,1.0,1.0,1.5,-0.01919991,0.09558004
0.8136876,0.124493904,0.5,1.0,1.0,1.5,-0.01590173,0.106839776
0.8360813,0.12442062,0.5,1.0,1.0,1.5,-0.025698591,0.12748343
0.8624343,0.124601014,0.5,1.0,1.0,1.5,-0.017691271,0.10285121
0.8742016,0.12974776,0.5,1.0,1.0,1.5,-0.023951469,0.15627393
0.89782023,0.12659611,0.5,1.0,1.0,1.5,-0.02122077,0.13069612
0.91834956,0.12589265,0.5,1.0,1.0,1.5,-0.026310626,0.111774325
0.93607503,0.123718865,0.5,1.0,1.0,1.5,-0.026153857,0.11027941
0.95724624,0.1261904,0.5,1.0,1.0,1.5,-0.02898144,0.13045743
0.9794219,0.13121791,0.5,1.0,1.0,1.5,-0.027732782,0.15155804
0.23202884,0.14601569,0.5,1.0,1.0,1.5,0.022949537,0.10187617
0.20844063,0.14403354,0.5,1.0,1.0,1.5,0.024485756,0.090967566
0.18629478,0.13914135,0.5,1.0,1.0,1.5,0.026955057,0.09783399
0.1662778,0.14076716,0.5,1.0,1.0,1.5,0.028061787,0.114337206
0.1488145,0.14596707,0.5,1.0,1.0,1.5,0.029846335,0.096091956
0.122446194,0.14385399,0.5,1.0,1.0,1.5,0.034679506,0.18883383
0.10320352,0.14260182,0.5,1.0,1.0,1.5,0.040718272,0.16709158
0.08429407,0.14533132,0.5,1.0,1.0,1.5,0.032444146,0.18498352
0.063317716,0.14139117,0.5,1.0,1.0,1.5,0.03884222,0.20857054
0.039288085,0.14483067,0.5,1.0,1.0,1.5,0.043454763,0.15675655
0.024337756,0.14219896,0.5,1.0,1.0,1.5,0.04000927,0.15115476
0.1922458,0.16225576,0.5,1.0,1.0,1.5,0.02880321,0.07044852
0.16709888,0.16698858,0.5,1.0,1.0,1.5,0.039297555,0.14019024
0.14247514,0.16262747,0.5,1.0,1.0,1.5,0.036129978,0.14962989
0.12837061,0.16436103,0.5,1.0,1.0,1.5,0.03989796,0.11839557
0.1000793,0.16451862,0.5,1.0,1.0,1.5,0.03589846,0.17825145
0.08041957,0.16542037,0.5,1.0,1.0,1.5,0.042730283,0.19075966
0.057644952,0.16105533,0.5,1.0,1.0,1.5,0.04604669,0.22549146
0.046684768,0.16806868,0.5,1.0,1.0,1.5,0.05087649,0.20705438
0.019963264,0.16318972,0.5,1.0,1.0,1.5,0.050500356,0.2503983
0.1459702,0.18956447,0.5,1.0,1.0,1.5,0.04594614,0.21992335
0.12526886,0.18574831,0.5,1.0,1.0,1.5,0.05028192,0.24143794
0.099317424,0.18783893,0.5,1.0,1.0,1.5,0.04812617,0.23317346
0.08574208,0.18420087,0.5,1.0,1.0,1.5,0.049623128,0.22024745
0.06417713,0.18826935,0.5,1.0,1.0,1.5,0.05513225,0.1844585
0.04359583,0.19205819,0.5,1.0,1.0,1.5,0.05390829,0.26419628
0.0208458,0.18305531,0.5,1.0,1.0,1.5,0.05536165,0.24963558
0.12474307,0.20797794,0.5,1.0,1.0,1.5,0.052514713,0.24565724
0.102639295,0.20694092,0.5,1.0,1.0,1.5,0.058199093,0.280682
0.08413568,0.21114005,0.5,1.0,1.0,1.5,0.054527827,0.27507332
0.062189236,0.21277986,0.5,1.0,1.0,1.5,0.05769029,0.2782759
0.038257778,0.20683235,0.5,1.0,1.0,1.5,0.05994894,0.23054707
0.019404558,0.20247133,0.5,1.0,1.0,1.5,0.060481254,0.27465677
0.11828773,0.22783759,0.5,1.0,1.0,1.5,0.057334535,0.2943603
0.09665832,0.22488378,0.5,1.0,1.0,1.5,0.05775762,0.24902838
0.08299006,0.22640614,0.5,1.0,1.0,1.5,0.06093403,0.2700975
0.06128664,0.232426,0.5,1.0,1.0,1.5,0.061929382,0.29836506
0.038747255,0.2319694,0.5,1.0,1.0,1.5,0.05955616,0.3246467
0.018893644,0.22174196,0.5,1.0,1.0,1.5,0.062366374,0.27318966
0.12054512,0.27087235,0.5,1.0,1.0,1.5,0.06615112,0.3801784
0.10162159,0.26963112,0.5,1.0,1.0,1.5,0.0626003,0.32695085
0.08140589,0.27983785,0.5,1.0,1.0,1.5,0.06970192,0.26587924
0.06396403,0.2683624,0.5,1.0,1.0,1.5,0.06800781,0.33942562
0.04219159,0.2689611,0.5,1.0,1.0,1.5,0.07398751,0.36925918
0.020876653,0.26964992,0.5,1.0,1.0,1.5,0.06964817,0.29179028
0.019803211,0.25034565,0.5,1.0,1.0,1.5,0.07206397,0.3453362
0.040075406,0.25019696,0.5,1.0,1.0,1.5,0.0661596,0.33433235
0.06136247,0.24716084,0.5,1.0,1.0,1.5,0.06367488,0.30733752
0.08292679,0.24702694,0.5,1.0,1.0,1.5,0.064163715,0.4362802
0.097136304,0.25031537,0.5,1.0,1.0,1.5,0.06255886,0.30310255
0.123012744,0.24456635,0.5,1.0,1.0,1.5,0.06340575,0.3198869
0.12445378,0.29135224,0.5,1.0,1.0,1.5,0.06414043,0.43862668
0.10583047,0.29134136,0.5,1.0,1.0,1.5,0.06481349,0.36469543
0.08427672,0.29315242,0.5,1.0,1.0,1.5,0.061595697,0.37291712
0.06096799,0.29041994,0.5,1.0,1.0,1.5,0.06850551,0.3590743
0.040848747,0.2935936,0.5,1.0,1.0,1.5,0.07014588,0.3524112
0.024542598,0.29169866,0.5,1.0,1.0,1.5,0.07440006,0.42469504
0.14718066,0.31281045,0.5,1.0,1.0,1.5,0.06033035,0.4720791
0.123656884,0.31131253,0.5,1.0,1.0,1.5,0.058302134,0.43684494
0.101131365,0.31066358,0.5,1.0,1.0,1.5,0.066618115,0.40641725
0.08690811,0.31611368,0.5,1.0,1.0,1.5,0.063231654,0.3709845
0.06185632,0.30740443,0.5,1.0,1.0,1.5,0.06402984,0.46016124
0.047986798,0.31096312,0.5,1.0,1.0,1.5,0.06945184,0.3872738
0.018997902,0.31267446,0.5,1.0,1.0,1.5,0.07383055,0.36994466
0.19317077,0.3351124,0.5,1.0,1.0,1.5,0.062084198,0.55644846
0.17035809,0.33181256,0.5,1.0,1.0,1.5,0.056560528,0.5419233
0.14116822,0.3340875,0.5,1.0,1.0,1.5,0.056785442,0.44764185
0.12747468,0.33256152,0.5,1.0,1.0,1.5,0.060388196,0.47048545
0.10078327,0.33375373,0.5,1.0,1.0,1.5,0.06072705,0.46730688
0.07972724,0.33493543,0.5,1.0,1.0,1.5,0.06192653,0.47474787
0.057936978,0.32892853,0.5,1.0,1.0,1.5,0.06432302,0.4592642
0.046911467,0.33214116,0.5,1.0,1.0,1.5,0.06452045,0.44168422
0.018557124,0.33146948,0.5,1.0,1.0,1.5,0.065878995,0.39520156
0.2293221,0.3566734,0.5,1.0,1.0,1.5,0.054299343,0.5863291
0.20415466,0.35342258,0.5,1.0,1.0,1.5,0.06363687,0.53515315
0.18960038,0.35547844,0.5,1.0,1.0,1.5,0.055259425,0.5718014
0.16723758,0.35328797,0.5,1.0,1.0,1.5,0.055348072,0.51969784
0.14458115,0.3553637,0.5,1.0,1.0,1.5,0.053910322,0.49277923
0.1249563,0.35794917,0.5,1.0,1.0,1.5,0.060045417,0.49858326
0.10225595,0.3458822,0.5,1.0,1.0,1.5,0.05446212,0.45641652
0.07496236,0.35255942,0.5,1.0,1.0,1.5,0.060238566,0.47122794
0.057435248,0.35921538,0.5,1.0,1.0,1.5,0.06444611,0.44419894
0.03867856,0.35019287,0.5,1.0,1.0,1.5,0.06482755,0.46417847
0.019431744,0.35061926,0.5,1.0,1.0,1.5,0.07126868,0.47791126
0.97944117,0.3807977,0.5,1.0,1.0,1.5,-0.047594856,0.35153222
0.95703614,0.37434116,0.5,1.0,1.0,1.5,-0.041136704,0.3585687
0.9386476,0.36950514,0.5,1.0,1.0,1.5,-0.04506621,0.33713895
0.92075443,0.3776326,0.5,1.0,1.0,1.5,-0.04641869,0.33989006
0.89861006,0.3745548,0.5,1.0,1.0,1.5,-0.039122213,0.3573854
0.8738913,0.37262848,0.5,1.0,1.0,1.5,-0.03064613,0.41402102
0.8555602,0.37285104,0.5,1.0,1.0,1.5,-0.0365358,0.3260653
0.83359694,0.373489,0.5,1.0,1.0,1.5,-0.03289331,0.3591237
0.8143959,0.37103298,0.5,1.0,1.0,1.5,-0.031093944,0.3440562
0.79251176,0.375836,0.5,1.0,1.0,1.5,-0.030794326,0.303357
0.756475,0.37289873,0.5,1.0,1.0,1.5,-0.028333243,0.32631654
0.7333525,0.37859562,0.5,1.0,1.0,1.5,-0.02521957,0.33530962
0.71257615,0.37089837,0.5,1.0,1.0,1.5,-0.01947001,0.3406462
0.6802049,0.3702155,0.5,1.0,1.0,1.5,-0.01960225,0.40837336
0.66770625,0.37444958,0.5,1.0,1.0,1.5,-0.015963024,0.40690392
0.64763343,0.3721446,0.5,1.0,1.0,1.5,-0.014589185,0.41778123
0.62607396,0.37640262,0.5,1.0,1.0,1.5,-0.006304603,0.44812134
0.6004051,0.37775,0.5,1.0,1.0,1.5,-0.008570716,0.44381464
0.58707297,0.37658384,0.5,1.0,1.0,1.5,-0.008143441,0.49883804
0.56400394,0.37814206,0.5,1.0,1.0,1.5,-0.007844676,0.5321436
0.5412945,0.37480244,0.5,1.0,1.0,1.5,-0.0017267661,0.5528575
0.495426,0.37674028,0.5,1.0,1.0,1.5,0.0014884181,0.5967383
0.47446078,0.37325507,0.5,1.0,1.0,1.5,-0.0034385212,0.604573
0.4545897,0.3773213,0.5,1.0,1.0,1.5,0.001585545,0.6535922
0.43458483,0.37987,0.5,1.0,1.0,1.5,0.009051146,0.74398273
0.41349918,0.37278223,0.5,1.0,1.0,1.5,0.009285835,0.67019224
0.3935596,0.37413022,0.5,1.0,1.0,1.5,0.015271591,0.68412286
0.37371963,0.37487343,0.5,1.0,1.0,1.5,0.023255084,0.6897701
0.3540281,0.37559557,0.5,1.0,1.0,1.5,0.023671074,0.6480698
0.33594155,0.37785432,0.5,1.0,1.0,1.5,0.026264748,0.6607722
0.31897143,0.37133726,0.5,1.0,1.0,1.5,0.033562616,0.6148541
0.28872114,0.3753426,0.5,1.0,1.0,1.5,0.04176478,0.6182031
0.26985434,0.37284246,0.5,1.0,1.0,1.5,0.04558,0.66127765
0.24863239,0.3777498,0.5,1.0,1.0,1.5,0.045663297,0.6280811
0.22676863,0.37483543,0.5,1.0,1.0,1.5,0.04273419,0.5793837
0.20270705,0.38041794,0.5,1.0,1.0,1.5,0.040180273,0.585326
0.19032632,0.38039473,0.5,1.0,1.0,1.5,0.045638792,0.5522249
0.17215788,0.37815407,0.5,1.0,1.0,1.5,0.052389156,0.5397009
0.1452769,0.37759802,0.5,1.0,1.0,1.5,0.05374816,0.49932608
0.12981369,0.3721904,0.5,1.0,1.0,1.5,0.052617345,0.49589762
0.10136741,0.37093252,0.5,1.0,1.0,1.5,0.05684142,0.48055294
0.083264284,0.3689899,0.5,1.0,1.0,1.5,0.061475553,0.48393083
0.058528747,0.37624824,0.5,1.0,1.0,1.5,0.06139491,0.49067184
0.04021208,0.36887917,0.5,1.0,1.0,1.5,0.06111667,0.4371178
0.020709164,0.37030393,0.5,1.0,1.0,1.5,0.06375405,0.4873049
0.5115181,0.35362253,0.5,1.0,1.0,1.5,-0.015182421,0.5878362
0.5397343,0.3600098,0.5,1.0,1.0,1.5,-0.008763527,0.51314
0.5668522,0.35543546,0.5,1.0,1.0,1.5,-0.011047744,0.55166405
0.58149993,0.35381028,0.5,1.0,1.0,1.5,-0.015799023,0.48744696
0.60099894,0.35933968,0.5,1.0,1.0,1.5,-0.019656274,0.39668247
0.6330958,0.36545524,0.5,1.0,1.0,1.5,-0.014715673,0.45683575
0.64584,0.35578847,0.5,1.0,1.0,1.5,-0.02042181,0.41012654
0.6658571,0.351764,0.5,1.0,1.0,1.5,-0.023779027,0.3736915
0.68121755,0.35093004,0.5,1.0,1.0,1.5,-0.020609792,0.36366767
0.7151696,0.3507754,0.5,1.0,1.0,1.5,-0.030346476,0.29988727
0.7332243,0.34717983,0.5,1.0,1.0,1.5,-0.03263579,0.32592487
0.75314826,0.34714794,0.5,1.0,1.0,1.5,-0.031836726,0.3085187
0.7783341,0.34605885,0.5,1.0,1.0,1.5,-0.029600952,0.29238465
0.792041,0.3546587,0.5,1.0,1.0,1.5,-0.02911064,0.3014406
0.81186885,0.35169125,0.5,1.0,1.0,1.5,-0.028797157,0.31962633
0.8378413,0.36014813,0.5,1.0,1.0,1.5,-0.031206973,0.30695966
0.8574431,0.35796335,0.5,1.0,1.0,1.5,-0.03548351,0.27309757
0.87683725,0.35766968,0.5,1.0,1.0,1.5,-0.039620206,0.32055837
0.90164965,0.3626564,0.5,1.0,1.0,1.5,-0.04082179,0.3126613
0.91306514,0.3529294,0.5,1.0,1.0,1.5,-0.03955753,0.3198009
0.9322293,0.35553706,0.5,1.0,1.0,1.5,-0.040553316,0.3341707
0.9623991,0.35323933,0.5,1.0,1.0,1.5,-0.042696867,0.28990567
0.97704405,0.35908487,0.5,1.0,1.0,1.5,-0.048703957,0.28499305
0.5607611,0.3339897,0.5,1.0,1.0,1.5,-0.022510396,0.47727916
0.5814571,0.33290234,0.5,1.0,1.0,1.5,-0.027961586,0.4818894
0.60819846,0.34162802,0.5,1.0,1.0,1.5,-0.019008866,0.45596558
0.62490755,0.33605486,0.5,1.0,1.0,1.5,-0.027862538,0.41478983
0.64407563,0.33986384,0.5,1.0,1.0,1.5,-0.027870271,0.41208413
0.66618085,0.33617127,0.5,1.0,1.0,1.5,-0.025376575,0.38107637
0.6875172,0.33485502,0.5,1.0,1.0,1.5,-0.02993561,0.3272789
0.70438826,0.3337269,0.5,1.0,1.0,1.5,-0.029914103,0.3241866
0.7223617,0.33200312,0.5,1.0,1.0,1.5,-0.034971777,0.26862755
0.7539568,0.3320026,0.5,1.0,1.0,1.5,-0.035885476,0.29416177
0.77482826,0.32933754,0.5,1.0,1.0,1.5,-0.034697473,0.25663584
0.793564,0.33101976,0.5,1.0,1.0,1.5,-0.031729165,0.30694622
0.8118805,0.33341742,0.5,1.0,1.0,1.5,-0.034578126,0.28167266
0.832282,0.3316304,0.5,1.0,1.0,1.5,-0.038462836,0.29483452
0.8541266,0.33100826,0.5,1.0,1.0,1.5,-0.035849698,0.26848942
0.88270044,0.33380467,0.5,1.0,1.0,1.5,-0.040647313,0.30345994
0.8944339,0.33530614,0.5,1.0,1.0,1.5,-0.036560114,0.29111317
0.9161161,0.3345818,0.5,1.0,1.0,1.5,-0.040256508,0.31982392
0.93986416,0.33181766,0.5,1.0,1.0,1.5,-0.04361615,0.29350555
0.95909894,0.3327256,0.5,1.0,1.0,1.5,-0.045301512,0.27649578
0.9793337,0.33990374,0.5,1.0,1.0,1.5,-0.043961916,0.3271504
0.6038913,0.3129096,0.5,1.0,1.0,1.5,-0.032974984,0.42021805
0.6228717,0.31589812,0.5,1.0,1.0,1.5,-0.03179702,0.38444552
0.64178365,0.31727463,0.5,1.0,1.0,1.5,-0.02658484,0.39737362
0.66022605,0.31655532,0.5,1.0,1.0,1.5,-0.034839306,0.34912443
0.6801357,0.31307584,0.5,1.0,1.0,1.5,-0.029515173,0.3158292
0.70129883,0.3120786,0.5,1.0,1.0,1.5,-0.03436228,0.31740713
0.7294255,0.31401318,0.5,1.0,1.0,1.5,-0.03451401,0.25684956
0.7482802,0.31234148,0.5,1.0,1.0,1.5,-0.032160792,0.29120693
0.76886743,0.31274462,0.5,1.0,1.0,1.5,-0.034463458,0.2877137
0.7902106,0.313827,0.5,1.0,1.0,1.5,-0.037454348,0.22711909
0.81345326,0.31353092,0.5,1.0,1.0,1.5,-0.031495813,0.28488475
0.83472174,0.31170025,0.5,1.0,1.0,1.5,-0.036055535,0.31184095
0.85478914,0.31260082,0.5,1.0,1.0,1.5,-0.039367776,0.24581245
0.877373,0.30727765,0.5,1.0,1.0,1.5,-0.034935012,0.256271
0.8950819,0.30962747,0.5,1.0,1.0,1.5,-0.041824117,0.26561335
0.91798633,0.31295806,0.5,1.0,1.0,1.5,-0.041174732,0.25925592
0.93847895,0.31234595,0.5,1.0,1.0,1.5,-0.0410566,0.35855478
0.9548251,0.30890864,0.5,1.0,1.0,1.5,-0.04312514,0.2831251
0.97589225,0.3176923,0.5,1.0,1.0,1.5,-0.049838513,0.3961647
0.622432,0.29548565,0.5,1.0,1.0,1.5,-0.031159006,0.34274697
0.64846927,0.29377043,0.5,1.0,1.0,1.5,-0.031885207,0.2953697
0.66772556,0.29156557,0.5,1.0,1.0,1.5,-0.03349412,0.29197672
0.6875626,0.2922845,0.5,1.0,1.0,1.5,-0.0381285,0.2689499
0.70979047,0.2938372,0.5,1.0,1.0,1.5,-0.02717252,0.3216823
0.73028135,0.28765842,0.5,1.0,1.0,1.5,-0.036493775,0.28069836
0.74886906,0.29164732,0.5,1.0,1.0,1.5,-0.03112403,0.26121873
0.7697512,0.28929758,0.5,1.0,1.0,1.5,-0.035894617,0.20239085
0.79118687,0.29330447,0.5,1.0,1.0,1.5,-0.03372216,0.26398498
0.808092,0.2923328,0.5,1.0,1.0,1.5,-0.03091883,0.2376652
0.83094776,0.291567,0.5,1.0,1.0,1.5,-0.03584449,0.2511873
0.85164106,0.29687852,0.5,1.0,1.0,1.5,-0.03869258,0.25807035
0.87351155,0.29053953,0.5,1.0,1.0,1.5,-0.04072643,0.2596653
0.8969942,0.2909364,0.5,1.0,1.0,1.5,-0.042019155,0.18269768
0.9181383,0.29292315,0.5,1.0,1.0,1.5,-0.04328465,0.23967642
0.9379807,0.29360142,0.5,1.0,1.0,1.5,-0.038862817,0.3093701
0.9552131,0.29871643,0.5,1.0,1.0,1.5,-0.0414126,0.2495366
0.98114645,0.29709926,0.5,1.0,1.0,1.5,-0.055809602,0.3880893
0.6193522,0.27294016,0.5,1.0,1.0,1.5,-0.030517694,0.3045846
0.6432086,0.26955682,0.5,1.0,1.0,1.5,-0.035993338,0.2709032
0.66595066,0.27198383,0.5,1.0,1.0,1.5,-0.035159502,0.296209
0.6950412,0.27540755,0.5,1.0,1.0,1.5,-0.03550986,0.29163665
0.71240246,0.27406204,0.5,1.0,1.0,1.5,-0.03371441,0.2679592
0.7510428,0.26860914,0.5,1.0,1.0,1.5,-0.032681372,0.237317
0.7703844,0.275367,0.5,1.0,1.0,1.5,-0.035158303,0.23872882
0.78877246,0.26676235,0.5,1.0,1.0,1.5,-0.03663898,0.24034926
0.81201714,0.26514548,0.5,1.0,1.0,1.5,-0.033525057,0.24446207
0.8306369,0.2686182,0.5,1.0,1.0,1.5,-0.03342253,0.21453324
0.85723287,0.27675998,0.5,1.0,1.0,1.5,-0.03696347,0.22799078
0.87383467,0.27126968,0.5,1.0,1.0,1.5,-0.034908943,0.22850913
0.89297724,0.27025416,0.5,1.0,1.0,1.5,-0.0399574,0.29003817
0.9190596,0.27285162,0.5,1.0,1.0,1.5,-0.041592143,0.22974706
0.938051,0.26744226,0.5,1.0,1.0,1.5,-0.045678694,0.2287713
0.9569189,0.27352276,0.5,1.0,1.0,1.5,-0.0480841,0.21911943
0.9826758,0.27890986,0.5,1.0,1.0,1.5,-0.046765946,0.2733202
0.9788969,0.8789039,0.5,1.0,1.0,1.5,-0.022092113,0.89296806
0.9577892,0.87920105,0.5,1.0,1.0,1.5,-0.023832358,0.8998975
0.93467706,0.8806467,0.5,1.0,1.0,1.5,-0.015184753,0.786857
0.91298145,0.870685,0.5,1.0,1.0,1.5,-0.022214297,0.8941376
0.8956746,0.8721406,0.5,1.0,1.0,1.5,-0.015996967,0.9212308
0.87487715,0.87079406,0.5,1.0,1.0,1.5,-0.011520179,0.93250626
0.8519178,0.8731498,0.5,1.0,1.0,1.5,-0.016066577,0.8837024
0.8315671,0.87795347,0.5,1.0,1.0,1.5,-0.012268005,0.94482505
0.8186208,0.8799512,0.5,1.0,1.0,1.5,-0.011630878,0.94143426
0.7945006,0.8737114,0.5,1.0,1.0,1.5,-0.010495017,0.9481789
0.77312297,0.8798741,0.5,1.0,1.0,1.5,-0.008936404,0.89588475
0.7472549,0.8733314,0.5,1.0,1.0,1.5,-0.007258593,0.9868624
0.7270287,0.869276,0.5,1.0,1.0,1.5,-0.0063704206,0.9834238
0.7045551,0.87248,0.5,1.0,1.0,1.5,-0.004550522,1.0120313
0.6845011,0.8730816,0.5,1.0,1.0,1.5,-0.005447656,0.9544924
0.66145027,0.8779116,0.5,1.0,1.0,1.5,-0.00593385,0.95536816
0.6405433,0.8772868,0.5,1.0,1.0,1.5,-0.004515022,0.9212693
0.6218065,0.8750314,0.5,1.0,1.0,1.5,-0.0057596983,0.9482937
0.61024445,0.8730063,0.5,1.0,1.0,1.5,-0.0051236358,0.95377135
0.58187544,0.8810078,0.5,1.0,1.0,1.5,-0.002084448,0.8633845
0.560466,0.8730719,0.5,1.0,1.0,1.5,-0.0036611268,0.9455506
0.54342854,0.8694671,0.5,1.0,1.0,1.5,0.00441954,0.88868356
0.52366304,0.87690103,0.5,1.0,1.0,1.5,0.0018929271,0.89560497
0.5001245,0.8786985,0.5,1.0,1.0,1.5,-0.001329388,0.9241232
0.47334942,0.8782448,0.5,1.0,1.0,1.5,0.004245242,0.8980727
0.4651252,0.88019305,0.5,1.0,1.0,1.5,0.0013503195,0.9963409
0.43422806,0.87765384,0.5,1.0,1.0,1.5,0.004236283,0.94861805
0.4137259,0.8749429,0.5,1.0,1.0,1.5,0.006279975,0.9256123
0.39512116,0.87165076,0.5,1.0,1.0,1.5,0.006605714,0.933265
0.37587884,0.8787674,0.5,1.0,1.0,1.5,0.0041170577,0.93262947
0.3592728,0.86529905,0.5,1.0,1.0,1.5,0.010780571,0.98050916
0.33079764,0.87699115,0.5,1.0,1.0,1.5,0.010495547,0.91645336
0.31319654,0.8717646,0.5,1.0,1.0,1.5,0.007920617,0.88873744
0.29774785,0.8720302,0.5,1.0,1.0,1.5,0.01539603,0.89980483
0.27626994,0.8774166,0.5,1.0,1.0,1.5,0.01076393,0.91741836
0.25285575,0.87796956,0.5,1.0,1.0,1.5,0.010472519,0.9248058
0.22977616,0.87500125,0.5,1.0,1.0,1.5,0.011151241,0.89433306
0.20670295,0.8711707,0.5,1.0,1.0,1.5,0.013362999,0.94093764
0.18848586,0.872454,0.5,1.0,1.0,1.5,0.013365358,0.9302355
0.16636725,0.8787187,0.5,1.0,1.0,1.5,0.02010541,0.9073121
0.1412939,0.87955785,0.5,1.0,1.0,1.5,0.020195566,0.9313582
0.12694283,0.8770409,0.5,1.0,1.0,1.5,0.02056945,0.9097728
0.107452,0.8761402,0.5,1.0,1.0,1.5,0.021116933,0.8941233
0.0802613,0.87230235,0.5,1.0,1.0,1.5,0.020738633,0.87267816
0.061034873,0.87864697,0.5,1.0,1.0,1.5,0.02104921,0.9217955
0.039609477,0.8706549,0.5,1.0,1.0,1.5,0.025665408,0.9245324
0.019934213,0.87063795,0.5,1.0,1.0,1.5,0.025751887,0.89303637
0.018895421,0.8511803,0.5,1.0,1.0,1.5,0.030400379,0.8656616
0.03786762,0.8513483,0.5,1.0,1.0,1.5,0.028873177,0.8949782
0.061820466,0.85807407,0.5,1.0,1.0,1.5,0.029811658,0.9197614
0.07894184,0.85646665,0.5,1.0,1.0,1.5,0.02209696,0.913664
0.10464261,0.8554878,0.5,1.0,1.0,1.5,0.02529272,0.9020065
0.12397644,0.85662705,0.5,1.0,1.0,1.5,0.019756628,0.8758215
0.13698962,0.853291,0.5,1.0,1.0,1.5,0.019033505,0.89433956
0.16426425,0.856731,0.5,1.0,1.0,1.5,0.017969446,0.8727542
0.1826795,0.85138637,0.5,1.0,1.0,1.5,0.017806794,0.91432285
0.20324719,0.84884214,0.5,1.0,1.0,1.5,0.013090883,0.9003199
0.22657697,0.85481566,0.5,1.0,1.0,1.5,0.014559308,0.8671948
0.25538242,0.8477488,0.5,1.0,1.0,1.5,0.012868836,0.8896706
0.27444714,0.85551864,0.5,1.0,1.0,1.5,0.017037233,0.8516122
0.29262593,0.85391796,0.5,1.0,1.0,1.5,0.01118491,0.92255133
0.31777182,0.8546522,0.5,1.0,1.0,1.5,0.011411911,0.90535307
0.330777,0.85468525,0.5,1.0,1.0,1.5,0.0103472695,0.8918059
0.35665715,0.85365105,0.5,1.0,1.0,1.5,0.011872475,0.8944485
0.3783606,0.8556683,0.5,1.0,1.0,1.5,0.0066402913,0.8868288
0.39584082,0.8502265,0.5,1.0,1.0,1.5,0.004968809,0.91658956
0.41176763,0.84829867,0.5,1.0,1.0,1.5,0.0045067933,0.87047505
0.43357337,0.8529066,0.5,1.0,1.0,1.5,0.0107462015,0.8860774
0.45903844,0.85957927,0.5,1.0,1.0,1.5,0.0018883499,0.9209566
0.47963482,0.8537615,0.5,1.0,1.0,1.5,0.004317644,0.9041781
0.5040784,0.85436505,0.5,1.0,1.0,1.5,0.004743862,0.90355074
0.5263326,0.8509845,0.5,1.0,1.0,1.5,0.00029351376,0.9173472
0.5452385,0.8565055,0.5,1.0,1.0,1.5,0.0028746137,0.9439126
0.56739867,0.85539544,0.5,1.0,1.0,1.5,-0.00029115472,0.8022548
0.5866658,0.8533883,0.5,1.0,1.0,1.5,0.0032178222,0.87482107
0.60606277,0.85762924,0.5,1.0,1.0,1.5,-0.0036898903,0.9005846
0.62483966,0.8548934,0.5,1.0,1.0,1.5,-0.00169094,0.904657
0.64169055,0.8518877,0.5,1.0,1.0,1.5,-0.0034301411,0.9278506
0.65902185,0.85891277,0.5,1.0,1.0,1.5,-0.0027605942,0.93780434
0.68733346,0.85409886,0.5,1.0,1.0,1.5,-0.0025939154,0.9443177
0.81609756,0.8543376,0.5,1.0,1.0,1.5,-0.015947275,0.9112371
0.8347542,0.8515208,0.5,1.0,1.0,1.5,-0.019942269,0.8837948
0.8564005,0.8567322,0.5,1.0,1.0,1.5,-0.018744614,0.90969306
0.8888393,0.85529035,0.5,1.0,1.0,1.5,-0.01980666,0.9161663
0.89806956,0.85185236,0.5,1.0,1.0,1.5,-0.025383813,0.88129646
0.9176865,0.8493231,0.5,1.0,1.0,1.5,-0.023985254,0.89656043
0.9379086,0.8550743,0.5,1.0,1.0,1.5,-0.0257615,0.8757346
0.9541727,0.85672814,0.5,1.0,1.0,1.5,-0.024322541,0.87801445
0.978756,0.8586686,0.5,1.0,1.0,1.5,-0.0305455,0.87439436
0.83084756,0.83223677,0.5,1.0,1.0,1.5,-0.024498377,0.8679222
0.8545468,0.8354413,0.5,1.0,1.0,1.5,-0.025342625,0.8413807
0.8753482,0.83883524,0.5,1.0,1.0,1.5,-0.020347962,0.92284644
0.8892879,0.83520025,0.5,1.0,1.0,1.5,-0.028286848,0.8439005
0.9380958,0.8310966,0.5,1.0,1.0,1.5,-0.0328884,0.85311925
0.9604196,0.8349672,0.5,1.0,1.0,1.5,-0.03016109,0.8778167
0.97953,0.83915126,0.5,1.0,1.0,1.5,-0.029237099,0.8499045
0.82843924,0.81901026,0.5,1.0,1.0,1.5,-0.027082393,0.8686437
0.8602337,0.8111547,0.5,1.0,1.0,1.5,-0.02365659,0.8349904
0.8756137,0.8178763,0.5,1.0,1.0,1.5,-0.028631665,0.89625615
0.9012039,0.80868286,0.5,1.0,1.0,1.5,-0.025090056,0.8425075
0.91494,0.8130623,0.5,1.0,1.0,1.5,-0.03355711,0.8036109
0.9360964,0.8113042,0.5,1.0,1.0,1.5,-0.033517327,0.8323393
0.9544975,0.8079499,0.5,1.0,1.0,1.5,-0.03951721,0.8298928
0.9762638,0.8178163,0.5,1.0,1.0,1.5,-0.032261908,0.71614784
0.85237944,0.7959666,0.5,1.0,1.0,1.5,-0.031109635,0.7884471
0.87373096,0.79174006,0.5,1.0,1.0,1.5,-0.034535676,0.8085352
0.89072746,0.79161566,0.5,1.0,1.0,1.5,-0.036807455,0.7879902
0.9335119,0.7898123,0.5,1.0,1.0,1.5,-0.038066354,0.80424327
0.955753,0.7955084,0.5,1.0,1.0,1.5,-0.038734417,0.8040105
0.98120314,0.7972812,0.5,1.0,1.0,1.5,-0.03163698,0.68893266
0.85046756,0.77299595,0.5,1.0,1.0,1.5,-0.038458336,0.7775128
0.87211007,0.77127767,0.5,1.0,1.0,1.5,-0.036084667,0.75657874
0.89306855,0.7771785,0.5,1.0,1.0,1.5,-0.036984783,0.8502523
0.9150174,0.77261275,0.5,1.0,1.0,1.5,-0.037024036,0.76654756
0.93845314,0.7716979,0.5,1.0,1.0,1.5,-0.0408954,0.7944539
0.9585985,0.7711698,0.5,1.0,1.0,1.5,-0.04351467,0.72710407
0.98083943,0.7782353,0.5,1.0,1.0,1.5,-0.044106603,0.7709043
0.8796729,0.75373274,0.5,1.0,1.0,1.5,-0.041965503,0.7563276
0.8986306,0.7525175,0.5,1.0,1.0,1.5,-0.037725255,0.78279114
0.9185349,0.7543769,0.5,1.0,1.0,1.5,-0.045788314,0.79374075
0.93742967,0.7574311,0.5,1.0,1.0,1.5,-0.041151974,0.7943131
0.9557552,0.7490253,0.5,1.0,1.0,1.5,-0.044307783,0.7503544
0.9783778,0.7498037,0.5,1.0,1.0,1.5,-0.046706315,0.76230043
0.8780556,0.73681456,0.5,1.0,1.0,1.5,-0.043008175,0.7755914
0.9014952,0.7315763,0.5,1.0,1.0,1.5,-0.04884522,0.7393891
0.9201133,0.7288717,0.5,1.0,1.0,1.5,-0.052815236,0.6972808
0.938204,0.7267517,0.5,1.0,1.0,1.5,-0.051019333,0.7038718
0.9504761,0.7286663,0.5,1.0,1.0,1.5,-0.048181634,0.73118275
0.9777241,0.72652835,0.5,1.0,1.0,1.5,-0.045876496,0.7064544
0.87983364,0.7116145,0.5,1.0,1.0,1.5,-0.042276606,0.7147729
0.90167236,0.7045011,0.5,1.0,1.0,1.5,-0.051434305,0.695027
0.92072093,0.70794874,0.5,1.0,1.0,1.5,-0.050651927,0.71841866
0.93318105,0.7053564,0.5,1.0,1.0,1.5,-0.05314847,0.71442086
0.9572934,0.7111271,0.5,1.0,1.0,1.5,-0.049346812,0.7166589
0.9802702,0.7071086,0.5,1.0,1.0,1.5,-0.05527345,0.6499592
0.87840176,0.68674916,0.5,1.0,1.0,1.5,-0.042766366,0.6761162
0.8988399,0.684107,0.5,1.0,1.0,1.5,-0.04899409,0.704827
0.9156797,0.69118106,0.5,1.0,1.0,1.5,-0.054774676,0.696987
0.93359214,0.6887549,0.5,1.0,1.0,1.5,-0.056680232,0.65763474
0.9551829,0.6837538,0.5,1.0,1.0,1.5,-0.052829865,0.70075023
0.98159593,0.68825877,0.5,1.0,1.0,1.5,-0.04733501,0.6456579
0.8736458,0.66388464,0.5,1.0,1.0,1.5,-0.049575478,0.69572395
0.89604616,0.66831046,0.5,1.0,1.0,1.5,-0.0549012,0.65123695
0.9181572,0.66262454,0.5,1.0,1.0,1.5,-0.057617854,0.6149619
0.9411001,0.6717128,0.5,1.0,1.0,1.5,-0.053441312,0.6617955
0.96355325,0.66878134,0.5,1.0,1.0,1.5,-0.055476353,0.62780476
0.98191315,0.66950685,0.5,1.0,1.0,1.5,-0.05320243,0.6299991
0.8752082,0.6433378,0.5,1.0,1.0,1.5,-0.05281985,0.62833613
0.8956279,0.6449693,0.5,1.0,1.0,1.5,-0.054067265,0.6224268
0.9157251,0.6454307,0.5,1.0,1.0,1.5,-0.058837637,0.6646026
0.9441213,0.6488447,0.5,1.0,1.0,1.5,-0.050807644,0.6647853
0.96162957,0.6436388,0.5,1.0,1.0,1.5,-0.062296093,0.59827304
0.9811907,0.6506021,0.5,1.0,1.0,1.5,-0.060405813,0.52608865
0.87456316,0.60219723,0.5,1.0,1.0,1.5,-0.047442403,0.5826251
0.8941717,0.6003082,0.5,1.0,1.0,1.5,-0.056902215,0.601629
0.91553825,0.59859854,0.5,1.0,1.0,1.5,-0.05763267,0.56233186
0.9344437,0.60381246,0.5,1.0,1.0,1.5,-0.055637322,0.54841053
0.9627786,0.6038845,0.5,1.0,1.0,1.5,-0.06019885,0.56988925
0.9771583,0.60938233,0.5,1.0,1.0,1.5,-0.06508836,0.48966184
0.9795789,0.631101,0.5,1.0,1.0,1.5,-0.060772777,0.5569522
0.9579142,0.6254373,0.5,1.0,1.0,1.5,-0.056405395,0.58917737
0.93653286,0.6210574,0.5,1.0,1.0,1.5,-0.058410212,0.5975818
0.9172518,0.62831837,0.5,1.0,1.0,1.5,-0.05654774,0.60047597
0.89786845,0.62190247,0.5,1.0,1.0,1.5,-0.05603943,0.5944296
0.87559634,0.62256706,0.5,1.0,1.0,1.5,-0.051163264,0.6374459
0.87363356,0.58204037,0.5,1.0,1.0,1.5,-0.057124004,0.566037
0.8916569,0.582274,0.5,1.0,1.0,1.5,-0.05469955,0.535328
0.91390395,0.58194566,0.5,1.0,1.0,1.5,-0.05761447,0.5534891
0.940967,0.5853254,0.5,1.0,1.0,1.5,-0.055833496,0.5365613
0.9593952,0.5835275,0.5,1.0,1.0,1.5,-0.0620938,0.5245096
0.9793695,0.59012294,0.5,1.0,1.0,1.5,-0.06332948,0.48020807
0.8748309,0.55934566,0.5,1.0,1.0,1.5,-0.05848129,0.51143706
0.8955608,0.5657115,0.5,1.0,1.0,1.5,-0.054821655,0.54491204
0.9174637,0.56821185,0.5,1.0,1.0,1.5,-0.059011318,0.5678572
0.9371058,0.5646494,0.5,1.0,1.0,1.5,-0.0632309,0.53841794
0.9539196,0.5585333,0.5,1.0,1.0,1.5,-0.05889284,0.54283285
0.97580796,0.56777716,0.5,1.0,1.0,1.5,-0.061613806,0.5405861
0.8774152,0.54357374,0.5,1.0,1.0,1.5,-0.056998827,0.5195221
0.89611846,0.5446652,0.5,1.0,1.0,1.5,-0.052892774,0.5087353
0.92086,0.54475,0.5,1.0,1.0,1.5,-0.05492583,0.5063985
0.9418628,0.5438156,0.5,1.0,1.0,1.5,-0.0579013,0.53207034
0.9560883,0.5474901,0.5,1.0,1.0,1.5,-0.0589037,0.50850475
0.9811918,0.547027,0.5,1.0,1.0,1.5,-0.06012217,0.5086573
0.8757899,0.5171447,0.5,1.0,1.0,1.5,-0.05332728,0.4724156
0.8946941,0.5231752,0.5,1.0,1.0,1.5,-0.05307931,0.44106764
0.91496676,0.5209839,0.5,1.0,1.0,1.5,-0.058177754,0.4424132
0.9430241,0.52086085,0.5,1.0,1.0,1.5,-0.05558138,0.45461133
0.96430165,0.5193737,0.5,1.0,1.0,1.5,-0.059610352,0.4841367
0.98223966,0.5286421,0.5,1.0,1.0,1.5,-0.059889324,0.46721172
0.87922573,0.5015056,0.5,1.0,1.0,1.5,-0.051754564,0.44482327
0.8995118,0.4979895,0.5,1.0,1.0,1.5,-0.05090202,0.49498224
0.9197207,0.5046253,0.5,1.0,1.0,1.5,-0.046276875,0.46224597
0.93629444,0.50286925,0.5,1.0,1.0,1.5,-0.053710256,0.47067124
0.9559239,0.50129414,0.5,1.0,1.0,1.5,-0.055655077,0.4133341
0.97864795,0.50026894,0.5,1.0,1.0,1.5,-0.050812546,0.5057186
0.85149264,0.48221844,0.5,1.0,1.0,1.5,-0.051393073,0.38814658
0.8787615,0.48158568,0.5,1.0,1.0,1.5,-0.047535814,0.4346366
0.9010551,0.48686585,0.5,1.0,1.0,1.5,-0.05412112,0.47901803
0.9167827,0.4815632,0.5,1.0,1.0,1.5,-0.04963975,0.41368946
0.9377495,0.47964278,0.5,1.0,1.0,1.5,-0.05254779,0.42928976
0.9507937,0.4809743,0.5,1.0,1.0,1.5,-0.057824235,0.47829464
0.97803605,0.47698328,0.5,1.0,1.0,1.5,-0.059864335,0.45266148
0.8537839,0.46053308,0.5,1.0,1.0,1.5,-0.049225397,0.40379685
0.8731614,0.46574,0.5,1.0,1.0,1.5,-0.04598023,0.42655116
0.8896918,0.46357003,0.5,1.0,1.0,1.5,-0.048612975,0.47186047
0.9160128,0.4616606,0.5,1.0,1.0,1.5,-0.048647333,0.4330192
0.9401876,0.4538916,0.5,1.0,1.0,1.5,-0.054817826,0.40498987
0.95846176,0.46276307,0.5,1.0,1.0,1.5,-0.053523935,0.45010704
0.98040384,0.45737165,0.5,1.0,1.0,1.5,-0.053994544,0.4162858
0.8375928,0.4434922,0.5,1.0,1.0,1.5,-0.044189386,0.382147
0.86163133,0.44016525,0.5,1.0,1.0,1.5,-0.0465893,0.40544957
0.89703715,0.44284606,0.5,1.0,1.0,1.5,-0.040906407,0.39914033
0.9183274,0.43317935,0.5,1.0,1.0,1.5,-0.04814108,0.4333931
0.93565816,0.43970755,0.5,1.0,1.0,1.5,-0.049563408,0.41683555
0.952908,0.434776,0.5,1.0,1.0,1.5,-0.05544191,0.42500857
0.9814418,0.4383436,0.5,1.0,1.0,1.5,-0.059376806,0.43774566
0.83320224,0.42011458,0.5,1.0,1.0,1.5,-0.04100795,0.38668224
0.85489976,0.4129266,0.5,1.0,1.0,1.5,-0.04638298,0.32917136
0.87607026,0.41635484,0.5,1.0,1.0,1.5,-0.04930416,0.37048367
0.8993905,0.4178445,0.5,1.0,1.0,1.5,-0.046536732,0.3180524
0.91893774,0.41518378,0.5,1.0,1.0,1.5,-0.046273164,0.33972862
0.94035155,0.4185052,0.5,1.0,1.0,1.5,-0.051502403,0.4100682
0.9626482,0.41854486,0.5,1.0,1.0,1.5,-0.05235082,0.36940488
0.98172677,0.41951606,0.5,1.0,1.0,1.5,-0.052761015,0.40890086
0.8126177,0.39667678,0.5,1.0,1.0,1.5,-0.037910253,0.38733727
0.83518165,0.3928219,0.5,1.0,1.0,1.5,-0.04255106,0.26472265
0.85491693,0.39854443,0.5,1.0,1.0,1.5,-0.040020123,0.35323322
0.8748095,0.39250955,0.5,1.0,1.0,1.5,-0.03914128,0.3678525
0.8970212,0.3973912,0.5,1.0,1.0,1.5,-0.04338613,0.37647158
0.91971177,0.3966327,0.5,1.0,1.0,1.5,-0.04506915,0.38985208
0.93853176,0.38923046,0.5,1.0,1.0,1.5,-0.045677483,0.36200422
0.96079105,0.3928525,0.5,1.0,1.0,1.5,-0.05554248,0.29446623
0.981025,0.40042576,0.5,1.0,1.0,1.5,-0.049200486,0.4027962
0.6830117,0.39297977,0.5,1.0,1.0,1.5,-0.010634347,0.42457062
0.66166216,0.39185923,0.5,1.0,1.0,1.5,-0.007729916,0.42585552
0.64607924,0.39994958,0.5,1.0,1.0,1.5,-0.0069780517,0.4341161
0.6278187,0.39271554,0.5,1.0,1.0,1.5,-0.006516685,0.4838117
0.6050492,0.3904396,0.5,1.0,1.0,1.5,-0.0054310365,0.49978346
0.58256996,0.3879388,0.5,1.0,1.0,1.5,-0.006318611,0.5572075
0.56739664,0.3954353,0.5,1.0,1.0,1.5,-0.0011988054,0.50780356
0.54061234,0.39651114,0.5,1.0,1.0,1.5,0.0017828437,0.5411084
0.52353746,0.40067807,0.5,1.0,1.0,1.5,0.0046513146,0.5602939
0.48041394,0.39918634,0.5,1.0,1.0,1.5,0.008773178,0.63535714
0.45625567,0.3965111,0.5,1.0,1.0,1.5,0.00998896,0.61361516
0.43644306,0.39770856,0.5,1.0,1.0,1.5,0.012495912,0.6548053
0.41587216,0.3908774,0.5,1.0,1.0,1.5,0.0075387266,0.65704405
0.39614278,0.3931362,0.5,1.0,1.0,1.5,0.019111695,0.6786915
0.3767274,0.39488453,0.5,1.0,1.0,1.5,0.019124426,0.69757766
0.34849638,0.39727497,0.5,1.0,1.0,1.5,0.02444491,0.66277564
0.32957733,0.4012444,0.5,1.0,1.0,1.5,0.026785506,0.6575129
0.31471154,0.39401957,0.5,1.0,1.0,1.5,0.027419284,0.6715482
0.28845546,0.393985,0.5,1.0,1.0,1.5,0.039363787,0.6531997
0.27102795,0.39911345,0.5,1.0,1.0,1.5,0.03207954,0.6261159
0.24861287,0.40052313,0.5,1.0,1.0,1.5,0.037904423,0.63864315
0.22450851,0.39679402,0.5,1.0,1.0,1.5,0.04177423,0.63529074
0.21183316,0.39537904,0.5,1.0,1.0,1.5,0.04252818,0.5749524
0.18906581,0.3978489,0.5,1.0,1.0,1.5,0.04542391,0.58056957
0.16248305,0.39256158,0.5,1.0,1.0,1.5,0.04600497,0.48594862
0.14384666,0.39952523,0.5,1.0,1.0,1.5,0.046944596,0.5289105
0.123247325,0.40124756,0.5,1.0,1.0,1.5,0.04592148,0.5612084
0.10228063,0.40077224,0.5,1.0,1.0,1.5,0.0522094,0.46175182
0.082742386,0.39053026,0.5,1.0,1.0,1.5,0.04966205,0.54781383
0.062253013,0.39279854,0.5,1.0,1.0,1.5,0.055882517,0.50606054
0.03657022,0.3938423,0.5,1.0,1.0,1.5,0.062430486,0.5153362
0.023520267,0.3919079,0.5,1.0,1.0,1.5,0.058145184,0.54213375
0.66753566,0.4220954,0.5,1.0,1.0,1.5,-0.0026179026,0.46910635
0.64546967,0.42059767,0.5,1.0,1.0,1.5,-0.0002989599,0.47296774
0.62471217,0.41614747,0.5,1.0,1.0,1.5,0.0042456174,0.4774853
0.60526586,0.4170452,0.5,1.0,1.0,1.5,0.0011160367,0.5290136
0.58637637,0.41209665,0.5,1.0,1.0,1.5,0.006065462,0.5071265
0.56458706,0.41707817,0.5,1.0,1.0,1.5,0.008090822,0.5682157
0.5382955,0.41564548,0.5,1.0,1.0,1.5,0.010602832,0.5773991
0.5155614,0.41997597,0.5,1.0,1.0,1.5,0.01070018,0.5916186
0.49908495,0.41402012,0.5,1.0,1.0,1.5,0.016565196,0.6082579
0.48144555,0.41717994,0.5,1.0,1.0,1.5,0.011538469,0.6551631
0.46330905,0.4173438,0.5,1.0,1.0,1.5,0.013703359,0.5973062
0.4371834,0.41464782,0.5,1.0,1.0,1.5,0.017122388,0.6240872
0.4186182,0.40818462,0.5,1.0,1.0,1.5,0.020592108,0.65570295
0.3999872,0.41177365,0.5,1.0,1.0,1.5,0.020780897,0.64239234
0.37939402,0.41804576,0.5,1.0,1.0,1.5,0.022774905,0.65290976
0.35174266,0.41588628,0.5,1.0,1.0,1.5,0.025730232,0.6747562
0.33477488,0.41965201,0.5,1.0,1.0,1.5,0.022118222,0.6306248
0.3141287,0.418196,0.5,1.0,1.0,1.5,0.023698725,0.66509104
0.29013494,0.41863248,0.5,1.0,1.0,1.5,0.026715871,0.6691879
0.27468988,0.42434037,0.5,1.0,1.0,1.5,0.030779459,0.66829205
0.24861494,0.4174061,0.5,1.0,1.0,1.5,0.03061698,0.66564715
0.22972421,0.4164111,0.5,1.0,1.0,1.5,0.03431017,0.61414284
0.2047569,0.42275187,0.5,1.0,1.0,1.5,0.0385665,0.5979812
0.18651202,0.4158036,0.5,1.0,1.0,1.5,0.038092323,0.5927438
0.16247506,0.41658813,0.5,1.0,1.0,1.5,0.045045827,0.5650966
0.14919317,0.41941217,0.5,1.0,1.0,1.5,0.047079828,0.629556
0.12761866,0.4202194,0.5,1.0,1.0,1.5,0.044888932,0.5359405
0.11097375,0.41816875,0.5,1.0,1.0,1.5,0.041723516,0.5503541
0.08195141,0.4186246,0.5,1.0,1.0,1.5,0.04324535,0.48818082
0.06326079,0.4134634,0.5,1.0,1.0,1.5,0.05275572,0.509005
0.04266795,0.41994178,0.5,1.0,1.0,1.5,0.050268393,0.51609516
0.019002015,0.4122902,0.5,1.0,1.0,1.5,0.052561224,0.4605117
0.66479844,0.44397196,0.5,1.0,1.0,1.5,0.007638068,0.45125458
0.64402264,0.44251305,0.5,1.0,1.0,1.5,0.007914476,0.4624609
0.6214185,0.44061604,0.5,1.0,1.0,1.5,0.008717969,0.5045551
0.60440475,0.43668658,0.5,1.0,1.0,1.5,0.009931152,0.56397575
0.58449423,0.43445283,0.5,1.0,1.0,1.5,0.011363408,0.5753193
0.56880724,0.43423828,0.5,1.0,1.0,1.5,0.013671651,0.5689254
0.5403419,0.43553087,0.5,1.0,1.0,1.5,0.018639063,0.58891296
0.52224046,0.43788347,0.5,1.0,1.0,1.5,0.014751302,0.6441503
0.50327367,0.43455806,0.5,1.0,1.0,1.5,0.017363869,0.64456594
0.48171872,0.43700504,0.5,1.0,1.0,1.5,0.016815286,0.6151805
0.4621317,0.436501,0.5,1.0,1.0,1.5,0.014233159,0.6388669
0.444641,0.4356987,0.5,1.0,1.0,1.5,0.021944711,0.59037274
0.41663268,0.43439108,0.5,1.0,1.0,1.5,0.0268529,0.67738914
0.3984703,0.44240367,0.5,1.0,1.0,1.5,0.020442735,0.71891564
0.37872133,0.43584758,0.5,1.0,1.0,1.5,0.022645421,0.70916575
0.35391736,0.43692026,0.5,1.0,1.0,1.5,0.025475772,0.7015793
0.33269534,0.43991548,0.5,1.0,1.0,1.5,0.027385473,0.6733597
0.31280956,0.43927816,0.5,1.0,1.0,1.5,0.02660836,0.6686386
0.29366192,0.44047987,0.5,1.0,1.0,1.5,0.021900347,0.7100533
0.2661168,0.44071272,0.5,1.0,1.0,1.5,0.030958153,0.6669899
0.25135732,0.43754992,0.5,1.0,1.0,1.5,0.03213028,0.6479924
0.23421106,0.43473417,0.5,1.0,1.0,1.5,0.03033636,0.6205189
0.21265137,0.43967295,0.5,1.0,1.0,1.5,0.036282416,0.5908074
0.18823542,0.43254748,0.5,1.0,1.0,1.5,0.035419177,0.6041343
0.16520488,0.43055403,0.5,1.0,1.0,1.5,0.040370427,0.5590327
0.12784776,0.43980744,0.5,1.0,1.0,1.5,0.039897647,0.5482757
0.10258262,0.437746,0.5,1.0,1.0,1.5,0.043520603,0.51477456
0.079702094,0.437235,0.5,1.0,1.0,1.5,0.0436672,0.587649
0.05940664,0.43400726,0.5,1.0,1.0,1.5,0.045509413,0.47610414
0.04083433,0.43673557,0.5,1.0,1.0,1.5,0.052118536,0.5802136
0.019583572,0.43133917,0.5,1.0,1.0,1.5,0.05499464,0.5342699
0.64700377,0.4560976,0.5,1.0,1.0,1.5,0.012119369,0.50159985
0.6270298,0.45299694,0.5,1.0,1.0,1.5,0.0123953335,0.5289911
0.6067231,0.46060005,0.5,1.0,1.0,1.5,0.025033016,0.57744306
0.5838171,0.45376813,0.5,1.0,1.0,1.5,0.021262132,0.62508285
0.56354356,0.4552376,0.5,1.0,1.0,1.5,0.021822147,0.60219705
0.5398461,0.4603117,0.5,1.0,1.0,1.5,0.018002596,0.5600052
0.5245269,0.46105063,0.5,1.0,1.0,1.5,0.026080292,0.5640329
0.49951288,0.4558694,0.5,1.0,1.0,1.5,0.02286957,0.59525466
0.4810877,0.45745808,0.5,1.0,1.0,1.5,0.017254416,0.62890935
0.45885262,0.45635325,0.5,1.0,1.0,1.5,0.02478777,0.69218916
0.4339538,0.45741224,0.5,1.0,1.0,1.5,0.022867247,0.6602583
0.42123935,0.46151304,0.5,1.0,1.0,1.5,0.025968406,0.6971889
0.3996426,0.4612833,0.5,1.0,1.0,1.5,0.0228688,0.6790036
0.36880678,0.4587703,0.5,1.0,1.0,1.5,0.026995817,0.66202927
0.3520039,0.46248084,0.5,1.0,1.0,1.5,0.026284954,0.6705464
0.3310884,0.46078083,0.5,1.0,1.0,1.5,0.024885682,0.68788004
0.3111769,0.46014473,0.5,1.0,1.0,1.5,0.027492583,0.7057897
0.2922056,0.4593792,0.5,1.0,1.0,1.5,0.023509856,0.6827415
0.27368945,0.45668858,0.5,1.0,1.0,1.5,0.025257213,0.69081974
0.2513375,0.4660347,0.5,1.0,1.0,1.5,0.029369859,0.6630637
0.22947672,0.45303124,0.5,1.0,1.0,1.5,0.02378118,0.6140386
0.21013759,0.46140966,0.5,1.0,1.0,1.5,0.027065143,0.6008427
0.18770348,0.45808142,0.5,1.0,1.0,1.5,0.029417206,0.6289792
0.17125222,0.4609935,0.5,1.0,1.0,1.5,0.032296903,0.589991
0.15150306,0.46126297,0.5,1.0,1.0,1.5,0.032811932,0.570088
0.13277861,0.45691487,0.5,1.0,1.0,1.5,0.037410837,0.57018954
0.11398545,0.4557637,0.5,1.0,1.0,1.5,0.036949318,0.5100761
0.09015388,0.45832,0.5,1.0,1.0,1.5,0.040959466,0.5883648
0.06417712,0.4556774,0.5,1.0,1.0,1.5,0.04058832,0.52279335
0.047408935,0.4574626,0.5,1.0,1.0,1.5,0.04998634,0.5821111
0.02244166,0.4516595,0.5,1.0,1.0,1.5,0.045480303,0.49669644
0.6438303,0.48031747,0.5,1.0,1.0,1.5,0.02125199,0.54871696
0.62615913,0.47832176,0.5,1.0,1.0,1.5,0.016264502,0.56322974
0.60517603,0.47526082,0.5,1.0,1.0,1.5,0.024239894,0.5787555
0.5830402,0.48416975,0.5,1.0,1.0,1.5,0.02280266,0.59358287
0.56240666,0.48050725,0.5,1.0,1.0,1.5,0.03171835,0.60297465
0.5400208,0.47584623,0.5,1.0,1.0,1.5,0.024189103,0.6574611
0.5177835,0.48038486,0.5,1.0,1.0,1.5,0.021688199,0.6296765
0.50339997,0.47560284,0.5,1.0,1.0,1.5,0.025780795,0.6168806
0.481895,0.47802886,0.5,1.0,1.0,1.5,0.024373354,0.62150055
0.4611003,0.48063183,0.5,1.0,1.0,1.5,0.025411505,0.7150224
0.44163805,0.48113197,0.5,1.0,1.0,1.5,0.026289497,0.6755081
0.42342162,0.48270562,0.5,1.0,1.0,1.5,0.028451608,0.6477082
0.3933759,0.47874212,0.5,1.0,1.0,1.5,0.020765502,0.63529575
0.37363586,0.4821798,0.5,1.0,1.0,1.5,0.025674729,0.7289535
0.35645598,0.48276976,0.5,1.0,1.0,1.5,0.02601495,0.67225283
0.33656064,0.47864068,0.5,1.0,1.0,1.5,0.0283964,0.67233944
0.30777735,0.4812504,0.5,1.0,1.0,1.5,0.02817845,0.69768524
0.2877475,0.47997782,0.5,1.0,1.0,1.5,0.024235379,0.669471
0.26810783,0.47683698,0.5,1.0,1.0,1.5,0.029140476,0.6467769
0.25068882,0.4818632,0.5,1.0,1.0,1.5,0.027453423,0.6294575
0.22660945,0.47095767,0.5,1.0,1.0,1.5,0.03001494,0.6621932
0.21075964,0.48039812,0.5,1.0,1.0,1.5,0.027101861,0.61822826
0.1869697,0.48224735,0.5,1.0,1.0,1.5,0.031016234,0.62952065
0.16323526,0.48090854,0.5,1.0,1.0,1.5,0.03012346,0.56107485
0.14287153,0.47133902,0.5,1.0,1.0,1.5,0.034619145,0.59895724
0.12507872,0.47333,0.5,1.0,1.0,1.5,0.035603303,0.62402093
0.105676316,0.48014775,0.5,1.0,1.0,1.5,0.035667166,0.6181962
0.089656636,0.4777574,0.5,1.0,1.0,1.5,0.040716726,0.5213898
0.062736064,0.48029348,0.5,1.0,1.0,1.5,0.033569966,0.5908525
0.042241026,0.4822229,0.5,1.0,1.0,1.5,0.041959077,0.63637304
0.023007814,0.4742001,0.5,1.0,1.0,1.5,0.047080442,0.60236084
0.62246263,0.4990619,0.5,1.0,1.0,1.5,0.021370944,0.5422993
0.59894764,0.4977743,0.5,1.0,1.0,1.5,0.022129925,0.5837098
0.5819326,0.5017057,0.5,1.0,1.0,1.5,0.022138,0.5990008
0.5623236,0.5042454,0.5,1.0,1.0,1.5,0.025685847,0.6071564
0.54283834,0.499146,0.5,1.0,1.0,1.5,0.030448953,0.59439594
0.5198436,0.50233924,0.5,1.0,1.0,1.5,0.028663874,0.65105885
0.50079286,0.5051132,0.5,1.0,1.0,1.5,0.030258594,0.66328484
0.48307103,0.50172055,0.5,1.0,1.0,1.5,0.028950296,0.63736534
0.4646787,0.4992246,0.5,1.0,1.0,1.5,0.02686693,0.671672
0.4381658,0.4997479,0.5,1.0,1.0,1.5,0.025231045,0.6376252
0.41704088,0.5006774,0.5,1.0,1.0,1.5,0.029676305,0.6559357
0.39600134,0.5008134,0.5,1.0,1.0,1.5,0.027576894,0.6275738
0.37571597,0.50042576,0.5,1.0,1.0,1.5,0.024207566,0.68350613
0.35935524,0.5016045,0.5,1.0,1.0,1.5,0.024467533,0.70779395
0.3410699,0.49746054,0.5,1.0,1.0,1.5,0.027578924,0.6762254
0.31322446,0.49827683,0.5,1.0,1.0,1.5,0.025606884,0.6900828
0.2922259,0.49910668,0.5,1.0,1.0,1.5,0.022753041,0.6693083
0.27122185,0.495698,0.5,1.0,1.0,1.5,0.0259263,0.74793446
0.25391296,0.49906868,0.5,1.0,1.0,1.5,0.028985597,0.7116938
0.23025641,0.50172937,0.5,1.0,1.0,1.5,0.03057797,0.69131577
0.21058081,0.50162446,0.5,1.0,1.0,1.5,0.026592106,0.6275676
0.18143436,0.5034084,0.5,1.0,1.0,1.5,0.03285476,0.62012637
0.16436411,0.5012905,0.5,1.0,1.0,1.5,0.03190745,0.5896312
0.14987795,0.4968084,0.5,1.0,1.0,1.5,0.034793995,0.568516
0.12169274,0.49771848,0.5,1.0,1.0,1.5,0.036707778,0.6540145
0.10058345,0.504727,0.5,1.0,1.0,1.5,0.03916722,0.6024893
0.07929821,0.49951345,0.5,1.0,1.0,1.5,0.028876545,0.55411375
0.059227273,0.49785364,0.5,1.0,1.0,1.5,0.028521506,0.5807281
0.039609816,0.5040668,0.5,1.0,1.0,1.5,0.039593454,0.5538171
0.017408878,0.5006013,0.5,1.0,1.0,1.5,0.039035764,0.57684606
0.62724584,0.5199383,0.5,1.0,1.0,1.5,0.026190564,0.58053213
0.6011397,0.52124923,0.5,1.0,1.0,1.5,0.0249357,0.60977834
0.57681054,0.5258056,0.5,1.0,1.0,1.5,0.026898818,0.62767833
0.55979216,0.5194141,0.5,1.0,1.0,1.5,0.02702268,0.6036561
0.5418584,0.52559185,0.5,1.0,1.0,1.5,0.02798596,0.6325773
0.521609,0.51578534,0.5,1.0,1.0,1.5,0.022473484,0.69899935
0.5035289,0.52127075,0.5,1.0,1.0,1.5,0.030991815,0.66927713
0.48071775,0.52431244,0.5,1.0,1.0,1.5,0.030796485,0.6446084
0.4589489,0.5147512,0.5,1.0,1.0,1.5,0.02442696,0.63954556
0.434109,0.5220723,0.5,1.0,1.0,1.5,0.023913728,0.64702404
0.41817108,0.52231693,0.5,1.0,1.0,1.5,0.023784725,0.64406294
0.39800197,0.5231332,0.5,1.0,1.0,1.5,0.024648448,0.6724403
0.37931204,0.51587397,0.5,1.0,1.0,1.5,0.02868447,0.6771285
0.35281062,0.520808,0.5,1.0,1.0,1.5,0.024486298,0.71925485
0.3312254,0.5227129,0.5,1.0,1.0,1.5,0.024933146,0.68847674
0.3111096,0.5255769,0.5,1.0,1.0,1.5,0.028350914,0.69643605
0.28873095,0.52489734,0.5,1.0,1.0,1.5,0.027079439,0.67520595
0.27304614,0.51880205,0.5,1.0,1.0,1.5,0.028482325,0.65585005
0.2525786,0.51578635,0.5,1.0,1.0,1.5,0.0275714,0.6727941
0.23415108,0.5152121,0.5,1.0,1.0,1.5,0.027594479,0.6373345
0.20982991,0.5184522,0.5,1.0,1.0,1.5,0.028092364,0.6488572
0.18101373,0.51598704,0.5,1.0,1.0,1.5,0.028321913,0.6705932
0.16249888,0.52020466,0.5,1.0,1.0,1.5,0.031085528,0.65766704
0.14342302,0.52026874,0.5,1.0,1.0,1.5,0.03589701,0.6063532
0.1241207,0.5228919,0.5,1.0,1.0,1.5,0.03139945,0.6259612
0.103559524,0.5237234,0.5,1.0,1.0,1.5,0.033925824,0.6643069
0.08273859,0.5247904,0.5,1.0,1.0,1.5,0.038145278,0.6200449
0.062057294,0.51741177,0.5,1.0,1.0,1.5,0.03812573,0.6322376
0.04346719,0.5234319,0.5,1.0,1.0,1.5,0.04085318,0.60559994
0.020668974,0.5189309,0.5,1.0,1.0,1.5,0.03869436,0.5951823
0.62469155,0.5387426,0.5,1.0,1.0,1.5,0.026309505,0.5915745
0.60612875,0.53856033,0.5,1.0,1.0,1.5,0.029384473,0.63070196
0.582121,0.5404968,0.5,1.0,1.0,1.5,0.031307913,0.6148614
0.5600436,0.5430781,0.5,1.0,1.0,1.5,0.027311813,0.625755
0.5402386,0.5389639,0.5,1.0,1.0,1.5,0.03180276,0.57818156
0.5197226,0.5360936,0.5,1.0,1.0,1.5,0.027407434,0.66616064
0.50096804,0.5418671,0.5,1.0,1.0,1.5,0.024255475,0.61784863
0.47660166,0.54016966,0.5,1.0,1.0,1.5,0.02714786,0.636478
0.45633194,0.54347134,0.5,1.0,1.0,1.5,0.026715565,0.67211187
0.43850031,0.5447758,0.5,1.0,1.0,1.5,0.026276387,0.66629887
0.41173232,0.53906214,0.5,1.0,1.0,1.5,0.022399304,0.6753642
0.3927976,0.5414004,0.5,1.0,1.0,1.5,0.024918573,0.6551233
0.36939752,0.54649264,0.5,1.0,1.0,1.5,0.027622705,0.730569
0.35514954,0.54096687,0.5,1.0,1.0,1.5,0.027708806,0.66984606
0.33281475,0.5429313,0.5,1.0,1.0,1.5,0.030880684,0.6701079
0.30808645,0.5465999,0.5,1.0,1.0,1.5,0.026456729,0.7107337
0.29188424,0.5479297,0.5,1.0,1.0,1.5,0.02732456,0.6937347
0.27288246,0.54302627,0.5,1.0,1.0,1.5,0.026887992,0.6709484
0.24898724,0.5437332,0.5,1.0,1.0,1.5,0.025783498,0.6830971
0.23110552,0.5406905,0.5,1.0,1.0,1.5,0.026792038,0.7341385
0.21115145,0.5384223,0.5,1.0,1.0,1.5,0.028919432,0.68579066
0.18517072,0.5379649,0.5,1.0,1.0,1.5,0.030561108,0.64553607
0.16836993,0.54857373,0.5,1.0,1.0,1.5,0.028925132,0.67198807
0.1491379,0.5387943,0.5,1.0,1.0,1.5,0.01756598,0.30683136
0.12727195,0.54139835,0.5,1.0,1.0,1.5,0.026724486,0.62198204
0.10551527,0.54155594,0.5,1.0,1.0,1.5,0.03483495,0.60634273
0.08472405,0.54205555,0.5,1.0,1.0,1.5,0.03562266,0.65296483
0.064702585,0.54344726,0.5,1.0,1.0,1.5,0.036004506,0.62619424
0.042884134,0.5437743,0.5,1.0,1.0,1.5,0.0342468,0.5253703
0.025713975,0.54150903,0.5,1.0,1.0,1.5,0.040821552,0.64526665
0.62866455,0.56897867,0.5,1.0,1.0,1.5,0.024695324,0.61670107
0.6060026,0.5647463,0.5,1.0,1.0,1.5,0.025878323,0.65363723
0.5818028,0.5640753,0.5,1.0,1.0,1.5,0.027711833,0.63781154
0.56066763,0.5622963,0.5,1.0,1.0,1.5,0.025347037,0.6739428
0.5399633,0.55986035,0.5,1.0,1.0,1.5,0.031167142,0.6935911
0.51886564,0.5565924,0.5,1.0,1.0,1.5,0.023876788,0.64314175
0.5020999,0.56270415,0.5,1.0,1.0,1.5,0.026220022,0.69736004
0.47573978,0.561629,0.5,1.0,1.0,1.5,0.025585126,0.6787527
0.4571541,0.5578279,0.5,1.0,1.0,1.5,0.023472102,0.6433434
0.43233064,0.559799,0.5,1.0,1.0,1.5,0.02209939,0.7216667
0.4150926,0.56209797,0.5,1.0,1.0,1.5,0.02619331,0.6984729
0.39297053,0.5580802,0.5,1.0,1.0,1.5,0.028392289,0.71746576
0.376191,0.5633618,0.5,1.0,1.0,1.5,0.028337348,0.71459377
0.35978535,0.5603649,0.5,1.0,1.0,1.5,0.026256762,0.7240876
0.3290815,0.561057,0.5,1.0,1.0,1.5,0.02643507,0.75764966
0.3102651,0.5662075,0.5,1.0,1.0,1.5,0.028127452,0.7106699
0.29369837,0.57104033,0.5,1.0,1.0,1.5,0.02211335,0.7152394
0.27567095,0.5623626,0.5,1.0,1.0,1.5,0.020055128,0.68067473
0.24526405,0.5660198,0.5,1.0,1.0,1.5,0.02666489,0.7113621
0.22702362,0.5611542,0.5,1.0,1.0,1.5,0.025291974,0.6923333
0.21415928,0.5595477,0.5,1.0,1.0,1.5,0.030658115,0.6891961
0.19510205,0.5625097,0.5,1.0,1.0,1.5,0.028671375,0.680919
0.16253409,0.5624595,0.5,1.0,1.0,1.5,0.029309902,0.6465122
0.14350837,0.5590972,0.5,1.0,1.0,1.5,0.032630973,0.6919222
0.12659304,0.56492066,0.5,1.0,1.0,1.5,0.029195435,0.6608266
0.106678866,0.5592615,0.5,1.0,1.0,1.5,0.03435265,0.685147
0.0867283,0.5597671,0.5,1.0,1.0,1.5,0.032402016,0.6654717
0.06233609,0.5606816,0.5,1.0,1.0,1.5,0.03404668,0.6510661
0.047497164,0.5656861,0.5,1.0,1.0,1.5,0.0362081,0.64057404
0.019911049,0.5629006,0.5,1.0,1.0,1.5,0.038139317,0.58273596
0.62214524,0.5859486,0.5,1.0,1.0,1.5,0.025692808,0.69571114
0.598748,0.57957774,0.5,1.0,1.0,1.5,0.025817778,0.6695621
0.5803047,0.58475196,0.5,1.0,1.0,1.5,0.022741605,0.7000662
0.56003964,0.58250207,0.5,1.0,1.0,1.5,0.028809167,0.68596816
0.53930736,0.58048373,0.5,1.0,1.0,1.5,0.027076842,0.64675593
0.5216991,0.58580756,0.5,1.0,1.0,1.5,0.025792018,0.69037366
0.5035677,0.59040046,0.5,1.0,1.0,1.5,0.024201078,0.7074594
0.4781689,0.58178604,0.5,1.0,1.0,1.5,0.022132982,0.6519927
0.45793045,0.5831016,0.5,1.0,1.0,1.5,0.025873812,0.66672325
0.4400863,0.5782692,0.5,1.0,1.0,1.5,0.024306793,0.6922301
0.42126802,0.5817278,0.5,1.0,1.0,1.5,0.031968787,0.7048969
0.40071973,0.5820064,0.5,1.0,1.0,1.5,0.027070338,0.69582
0.3789842,0.58520263,0.5,1.0,1.0,1.5,0.025151448,0.7358718
0.35637227,0.5793835,0.5,1.0,1.0,1.5,0.02097141,0.68325067
0.33147538,0.582808,0.5,1.0,1.0,1.5,0.024180993,0.75548303
0.31582704,0.58741045,0.5,1.0,1.0,1.5,0.025870414,0.71267545
0.29195324,0.5924698,0.5,1.0,1.0,1.5,0.0229426,0.6616649
0.2771995,0.5825339,0.5,1.0,1.0,1.5,0.027666215,0.7215438
0.2459248,0.58792317,0.5,1.0,1.0,1.5,0.027480762,0.7521875
0.22718139,0.58116156,0.5,1.0,1.0,1.5,0.024848688,0.72219074
0.20959048,0.5796326,0.5,1.0,1.0,1.5,0.029374134,0.67621356
0.18844654,0.5811058,0.5,1.0,1.0,1.5,0.032688208,0.7099201
0.16374147,0.58182895,0.5,1.0,1.0,1.5,0.0292725,0.6597424
0.14476338,0.58620656,0.5,1.0,1.0,1.5,0.035174206,0.67069787
0.123753496,0.5839968,0.5,1.0,1.0,1.5,0.038599372,0.6720486
0.10195593,0.5803231,0.5,1.0,1.0,1.5,0.03361386,0.6613451
0.08409015,0.58377266,0.5,1.0,1.0,1.5,0.03311801,0.7151431
0.061513316,0.5797783,0.5,1.0,1.0,1.5,0.037809502,0.62357354
0.044390023,0.58367527,0.5,1.0,1.0,1.5,0.037403185,0.67918277
0.018515453,0.5820858,0.5,1.0,1.0,1.5,0.040028486,0.7175368
0.6243962,0.60404366,0.5,1.0,1.0,1.5,0.024605539,0.6797497
0.6027165,0.5985174,0.5,1.0,1.0,1.5,0.020714097,0.63599735
0.5840962,0.6017526,0.5,1.0,1.0,1.5,0.031523865,0.6249356
0.5630268,0.6038425,0.5,1.0,1.0,1.5,0.024147337,0.67790425
0.5375398,0.60160536,0.5,1.0,1.0,1.5,0.027490193,0.6505289
0.5175509,0.6055045,0.5,1.0,1.0,1.5,0.024999958,0.7355236
0.50003994,0.60656,0.5,1.0,1.0,1.5,0.023416819,0.7218975
0.48158044,0.6063628,0.5,1.0,1.0,1.5,0.022139285,0.713362
0.46058333,0.60665816,0.5,1.0,1.0,1.5,0.025348859,0.7243628
0.44012347,0.6126975,0.5,1.0,1.0,1.5,0.022962878,0.70381004
0.42189294,0.60874325,0.5,1.0,1.0,1.5,0.023337664,0.7125436
0.40036556,0.60630894,0.5,1.0,1.0,1.5,0.02183323,0.78892255
0.37449184,0.5990993,0.5,1.0,1.0,1.5,0.028871285,0.70795125
0.35074878,0.60093987,0.5,1.0,1.0,1.5,0.02851879,0.73608315
0.33709958,0.6036485,0.5,1.0,1.0,1.5,0.026943969,0.74209434
0.31480703,0.60482347,0.5,1.0,1.0,1.5,0.026878595,0.72579265
0.29317248,0.6040823,0.5,1.0,1.0,1.5,0.023524143,0.7762883
0.26995108,0.60250235,0.5,1.0,1.0,1.5,0.026149258,0.73150325
0.24547394,0.60449374,0.5,1.0,1.0,1.5,0.028563,0.74565905
0.22517988,0.5993487,0.5,1.0,1.0,1.5,0.029564256,0.7194342
0.20214987,0.6004726,0.5,1.0,1.0,1.5,0.03380973,0.73646456
0.18445489,0.60596085,0.5,1.0,1.0,1.5,0.03291742,0.8038353
0.16889106,0.60556203,0.5,1.0,1.0,1.5,0.03276305,0.7481285
0.14452007,0.6058068,0.5,1.0,1.0,1.5,0.034625422,0.7069403
0.123972535,0.60451823,0.5,1.0,1.0,1.5,0.026333993,0.6902193
0.10596306,0.60618097,0.5,1.0,1.0,1.5,0.035053026,0.765473
0.078393504,0.6074609,0.5,1.0,1.0,1.5,0.03797561,0.68555224
0.06228212,0.6076979,0.5,1.0,1.0,1.5,0.036437545,0.7291157
0.038338684,0.60107744,0.5,1.0,1.0,1.5,0.036231164,0.6234412
0.019203609,0.601168,0.5,1.0,1.0,1.5,0.046700098,0.6502971
0.62509155,0.6237615,0.5,1.0,1.0,1.5,0.015825834,0.70845354
0.6050328,0.6268413,0.5,1.0,1.0,1.5,0.019221544,0.734193
0.58176446,0.6296152,0.5,1.0,1.0,1.5,0.024012072,0.67851615
0.5637906,0.6287438,0.5,1.0,1.0,1.5,0.02312879,0.7316822
0.54093283,0.6182972,0.5,1.0,1.0,1.5,0.030529086,0.6698536
0.5172953,0.62221605,0.5,1.0,1.0,1.5,0.026882421,0.70036364
0.49770868,0.62258226,0.5,1.0,1.0,1.5,0.020714397,0.77870893
0.48166913,0.62711215,0.5,1.0,1.0,1.5,0.023958012,0.7494188
0.4666169,0.62480253,0.5,1.0,1.0,1.5,0.02444498,0.7465192
0.4370236,0.62675905,0.5,1.0,1.0,1.5,0.026682151,0.7457483
0.41459128,0.63006824,0.5,1.0,1.0,1.5,0.023101125,0.79127914
0.39495474,0.62578005,0.5,1.0,1.0,1.5,0.022701588,0.772573
0.37835786,0.6201771,0.5,1.0,1.0,1.5,0.027120305,0.7413753
0.3548684,0.6274897,0.5,1.0,1.0,1.5,0.020466542,0.7238849
0.33759734,0.6247251,0.5,1.0,1.0,1.5,0.022792358,0.72795403
0.31492576,0.62965554,0.5,1.0,1.0,1.5,0.023690777,0.72121596
0.28936914,0.6263338,0.5,1.0,1.0,1.5,0.024807664,0.7727819
0.270491,0.6215299,0.5,1.0,1.0,1.5,0.025270153,0.7289265
0.24377206,0.62210274,0.5,1.0,1.0,1.5,0.02757956,0.7506327
0.22473112,0.6215129,0.5,1.0,1.0,1.5,0.026912464,0.7456669
0.20396969,0.62119865,0.5,1.0,1.0,1.5,0.03484904,0.72915494
0.1906876,0.6191908,0.5,1.0,1.0,1.5,0.02916262,0.7511028
0.17085047,0.623487,0.5,1.0,1.0,1.5,0.029934535,0.7445452
0.14224698,0.6281736,0.5,1.0,1.0,1.5,0.037784327,0.7417822
0.123910986,0.626345,0.5,1.0,1.0,1.5,0.03478753,0.7384328
0.10709138,0.62743706,0.5,1.0,1.0,1.5,0.034548853,0.742098
0.060653083,0.6278771,0.5,1.0,1.0,1.5,0.041755605,0.69448996
0.040876362,0.6192229,0.5,1.0,1.0,1.5,0.044930406,0.67876446
0.020603823,0.62052375,0.5,1.0,1.0,1.5,0.046965607,0.65938693
0.6257873,0.6436473,0.5,1.0,1.0,1.5,0.016788207,0.73018575
0.60671604,0.6463765,0.5,1.0,1.0,1.5,0.01677809,0.732198
0.5881152,0.6504628,0.5,1.0,1.0,1.5,0.020396767,0.69838005
0.55608106,0.6484863,0.5,1.0,1.0,1.5,0.016642781,0.723433
0.53777665,0.6473011,0.5,1.0,1.0,1.5,0.021907177,0.7277149
0.5207095,0.6414285,0.5,1.0,1.0,1.5,0.020632355,0.714118
0.49872103,0.6434859,0.5,1.0,1.0,1.5,0.025266577,0.7395181
0.47872898,0.64412206,0.5,1.0,1.0,1.5,0.01662479,0.71360964
0.45646492,0.6440144,0.5,1.0,1.0,1.5,0.018783616,0.694303
0.43962157,0.6472709,0.5,1.0,1.0,1.5,0.020771837,0.7614689
0.4201971,0.65161467,0.5,1.0,1.0,1.5,0.02332005,0.76846474
0.39742425,0.64574856,0.5,1.0,1.0,1.5,0.021375386,0.7316829
0.37617898,0.6474095,0.5,1.0,1.0,1.5,0.023820058,0.7633512
0.3567664,0.6431833,0.5,1.0,1.0,1.5,0.024403023,0.7217099
0.3320236,0.64026725,0.5,1.0,1.0,1.5,0.026055532,0.7233699
0.30999306,0.6531821,0.5,1.0,1.0,1.5,0.024834108,0.7951111
0.2911427,0.64606255,0.5,1.0,1.0,1.5,0.02718427,0.7473622
0.27076882,0.6426048,0.5,1.0,1.0,1.5,0.024454772,0.74679494
0.2504072,0.64155215,0.5,1.0,1.0,1.5,0.030497577,0.7425258
0.22846162,0.6481263,0.5,1.0,1.0,1.5,0.026659196,0.7439273
0.2066177,0.6463273,0.5,1.0,1.0,1.5,0.02782104,0.70138794
0.19026576,0.64297724,0.5,1.0,1.0,1.5,0.02664625,0.73656416
0.17008045,0.64268064,0.5,1.0,1.0,1.5,0.027598994,0.7439951
0.14824428,0.64224577,0.5,1.0,1.0,1.5,0.027460381,0.7155745
0.122814186,0.6408303,0.5,1.0,1.0,1.5,0.028814778,0.72902215
0.09851985,0.64365375,0.5,1.0,1.0,1.5,0.034737755,0.7175068
0.08135374,0.6414596,0.5,1.0,1.0,1.5,0.035083365,0.73629963
0.06287656,0.6467753,0.5,1.0,1.0,1.5,0.03589733,0.718188
0.035730038,0.6445697,0.5,1.0,1.0,1.5,0.040896427,0.7275446
0.02304317,0.6419269,0.5,1.0,1.0,1.5,0.040288642,0.7329912
0.62710947,0.6636577,0.5,1.0,1.0,1.5,0.01427694,0.7266203
0.6090071,0.6662896,0.5,1.0,1.0,1.5,0.01491439,0.7433796
0.5919988,0.6693793,0.5,1.0,1.0,1.5,0.0220241,0.72890645
0.5663119,0.6687182,0.5,1.0,1.0,1.5,0.021936499,0.7384268
0.5395169,0.6680535,0.5,1.0,1.0,1.5,0.023122724,0.7469946
0.5253632,0.6731673,0.5,1.0,1.0,1.5,0.015664965,0.80222094
0.49848798,0.6653679,0.5,1.0,1.0,1.5,0.018036101,0.7580886
0.47419366,0.66144663,0.5,1.0,1.0,1.5,0.01772472,0.71191573
0.45478326,0.6644792,0.5,1.0,1.0,1.5,0.019762387,0.76235515
0.43777558,0.6744977,0.5,1.0,1.0,1.5,0.020327212,0.7688107
0.41691157,0.6644322,0.5,1.0,1.0,1.5,0.022986455,0.75943446
0.39695215,0.66259766,0.5,1.0,1.0,1.5,0.023429511,0.7689785
0.375397,0.66668916,0.5,1.0,1.0,1.5,0.016773075,0.77683127
0.35773993,0.66353935,0.5,1.0,1.0,1.5,0.019153662,0.73451245
0.3409155,0.6695226,0.5,1.0,1.0,1.5,0.01925535,0.71839213
0.31272495,0.674108,0.5,1.0,1.0,1.5,0.027896972,0.7563352
0.2896032,0.6667499,0.5,1.0,1.0,1.5,0.02580922,0.7542964
0.27031448,0.67091376,0.5,1.0,1.0,1.5,0.023274349,0.79878926
0.2531908,0.6700758,0.5,1.0,1.0,1.5,0.026595015,0.74326456
0.23403211,0.6683058,0.5,1.0,1.0,1.5,0.024220042,0.744902
0.21320698,0.6654012,0.5,1.0,1.0,1.5,0.02529579,0.7687994
0.18406515,0.65828395,0.5,1.0,1.0,1.5,0.02727019,0.75504845
0.1714895,0.66390914,0.5,1.0,1.0,1.5,0.029735241,0.74864376
0.14704853,0.6651245,0.5,1.0,1.0,1.5,0.029102633,0.7595568
0.12027368,0.6629573,0.5,1.0,1.0,1.5,0.029876644,0.73854977
0.102981135,0.663458,0.5,1.0,1.0,1.5,0.030695444,0.7469739
0.08238981,0.67023903,0.5,1.0,1.0,1.5,0.036904152,0.7251984
0.067015804,0.6643837,0.5,1.0,1.0,1.5,0.037004605,0.7785826
0.043266628,0.6660087,0.5,1.0,1.0,1.5,0.034629755,0.78482145
0.018463556,0.66193837,0.5,1.0,1.0,1.5,0.03671268,0.69654936
0.6200434,0.68497,0.5,1.0,1.0,1.5,0.012692797,0.8025497
0.60269064,0.6869356,0.5,1.0,1.0,1.5,0.01951632,0.79865897
0.5865198,0.68842757,0.5,1.0,1.0,1.5,0.011118835,0.75706697
0.5645928,0.69231105,0.5,1.0,1.0,1.5,0.014374344,0.8125471
0.54502064,0.6882983,0.5,1.0,1.0,1.5,0.016859215,0.7812358
0.5192662,0.6910552,0.5,1.0,1.0,1.5,0.023739552,0.74472624
0.5005143,0.6875969,0.5,1.0,1.0,1.5,0.017722772,0.7881391
0.47999626,0.68306935,0.5,1.0,1.0,1.5,0.01711393,0.7909522
0.4575432,0.69257885,0.5,1.0,1.0,1.5,0.016197545,0.7793253
0.42828113,0.68922085,0.5,1.0,1.0,1.5,0.018089993,0.7684864
0.4095888,0.6900313,0.5,1.0,1.0,1.5,0.01807935,0.7579001
0.39948532,0.68826807,0.5,1.0,1.0,1.5,0.022616243,0.79135084
0.37737867,0.69191587,0.5,1.0,1.0,1.5,0.018861106,0.79775065
0.35215184,0.6895286,0.5,1.0,1.0,1.5,0.020291578,0.79459757
0.3321515,0.69469863,0.5,1.0,1.0,1.5,0.023229962,0.8091364
0.3049059,0.6926931,0.5,1.0,1.0,1.5,0.019503236,0.77649164
0.29109812,0.68515676,0.5,1.0,1.0,1.5,0.022936594,0.7735908
0.27049533,0.69021624,0.5,1.0,1.0,1.5,0.02492669,0.7720661
0.25138277,0.68756616,0.5,1.0,1.0,1.5,0.025584962,0.7416776
0.22897325,0.6884207,0.5,1.0,1.0,1.5,0.02574567,0.77285874
0.21335982,0.6858534,0.5,1.0,1.0,1.5,0.024303637,0.75638026
0.19003808,0.6849479,0.5,1.0,1.0,1.5,0.030709108,0.79390585
0.16574469,0.6810236,0.5,1.0,1.0,1.5,0.028657379,0.7812353
0.15280339,0.6852598,0.5,1.0,1.0,1.5,0.0290292,0.75855803
0.1317638,0.68411374,0.5,1.0,1.0,1.5,0.031541917,0.7774702
0.11062915,0.6892136,0.5,1.0,1.0,1.5,0.032770574,0.75370693
0.08622156,0.6929598,0.5,1.0,1.0,1.5,0.038448673,0.7821299
0.06430101,0.6835145,0.5,1.0,1.0,1.5,0.035792906,0.7934412
0.042037163,0.68455607,0.5,1.0,1.0,1.5,0.031659618,0.77886915
0.019631673,0.6806383,0.5,1.0,1.0,1.5,0.032940395,0.7524617
0.62281525,0.70492774,0.5,1.0,1.0,1.5,0.0069046477,0.7465553
0.6032395,0.7077921,0.5,1.0,1.0,1.5,0.010664077,0.80439675
0.5854033,0.7144796,0.5,1.0,1.0,1.5,0.011840556,0.80602324
0.56576633,0.712284,0.5,1.0,1.0,1.5,0.0139999315,0.7552514
0.54437804,0.7067603,0.5,1.0,1.0,1.5,0.013904983,0.7983293
0.52850294,0.70969063,0.5,1.0,1.0,1.5,0.01661982,0.81656754
0.5029573,0.7101484,0.5,1.0,1.0,1.5,0.017973252,0.81095827
0.47902116,0.7055639,0.5,1.0,1.0,1.5,0.014230762,0.808841
0.456326,0.71085364,0.5,1.0,1.0,1.5,0.010758126,0.8080863
0.4322201,0.71054137,0.5,1.0,1.0,1.5,0.018200444,0.8357762
0.41554686,0.70976824,0.5,1.0,1.0,1.5,0.016991064,0.7549267
0.40210313,0.7087773,0.5,1.0,1.0,1.5,0.020538518,0.8364332
0.37719664,0.7034208,0.5,1.0,1.0,1.5,0.01915222,0.7912138
0.35547847,0.7116421,0.5,1.0,1.0,1.5,0.023149252,0.8050895
0.33663028,0.7135794,0.5,1.0,1.0,1.5,0.021431876,0.7524332
0.31037065,0.70981437,0.5,1.0,1.0,1.5,0.02026829,0.8086484
0.29390356,0.71142596,0.5,1.0,1.0,1.5,0.021669634,0.8044766
0.26991203,0.71173614,0.5,1.0,1.0,1.5,0.024725229,0.7971807
0.25248018,0.7070458,0.5,1.0,1.0,1.5,0.022994291,0.78125733
0.2334682,0.7069518,0.5,1.0,1.0,1.5,0.027849019,0.7849717
0.21179603,0.7060484,0.5,1.0,1.0,1.5,0.023310069,0.77126014
0.1885357,0.70599884,0.5,1.0,1.0,1.5,0.030861242,0.79951346
0.16612652,0.70598066,0.5,1.0,1.0,1.5,0.022442766,0.76723945
0.14812455,0.7115359,0.5,1.0,1.0,1.5,0.025715364,0.79711926
0.12583926,0.7057962,0.5,1.0,1.0,1.5,0.032982446,0.74505067
0.105518706,0.70871824,0.5,1.0,1.0,1.5,0.030914534,0.7743751
0.08367833,0.7077182,0.5,1.0,1.0,1.5,0.038350683,0.7418363
0.061901372,0.7032277,0.5,1.0,1.0,1.5,0.04037481,0.7903421
0.047583073,0.70550996,0.5,1.0,1.0,1.5,0.036956448,0.74530876
0.022725837,0.70078754,0.5,1.0,1.0,1.5,0.038208716,0.7792566
0.6269263,0.7247361,0.5,1.0,1.0,1.5,0.010118028,0.86895
0.60011715,0.72638315,0.5,1.0,1.0,1.5,0.013653931,0.8540584
0.58440125,0.7313827,0.5,1.0,1.0,1.5,0.011178076,0.7934812
0.5672164,0.7322095,0.5,1.0,1.0,1.5,0.0099844225,0.8311472
0.5470719,0.72420573,0.5,1.0,1.0,1.5,0.018150609,0.7911547
0.51823944,0.7296364,0.5,1.0,1.0,1.5,0.013805025,0.8307911
0.4978816,0.7326697,0.5,1.0,1.0,1.5,0.01320845,0.8090533
0.4777963,0.7269165,0.5,1.0,1.0,1.5,0.008708057,0.8573599
0.4571129,0.7288343,0.5,1.0,1.0,1.5,0.015629604,0.8019839
0.44194064,0.7394033,0.5,1.0,1.0,1.5,0.012760888,0.7796525
0.41629037,0.7346587,0.5,1.0,1.0,1.5,0.017352529,0.818954
0.39670432,0.7282691,0.5,1.0,1.0,1.5,0.017001584,0.82702863
0.37421164,0.7282674,0.5,1.0,1.0,1.5,0.01810368,0.80613333
0.357656,0.7323908,0.5,1.0,1.0,1.5,0.015267382,0.7942319
0.33755857,0.732,0.5,1.0,1.0,1.5,0.019404672,0.8278453
0.3197271,0.73457456,0.5,1.0,1.0,1.5,0.017059876,0.77879083
0.28962597,0.7221191,0.5,1.0,1.0,1.5,0.020442387,0.77799785
0.26699832,0.7261508,0.5,1.0,1.0,1.5,0.024590237,0.8191256
0.24286704,0.73024595,0.5,1.0,1.0,1.5,0.017920593,0.816695
0.22661936,0.73138946,0.5,1.0,1.0,1.5,0.018686961,0.7326035
0.21159656,0.72660935,0.5,1.0,1.0,1.5,0.022502828,0.80367786
0.18849665,0.7269657,0.5,1.0,1.0,1.5,0.023628257,0.82443225
0.16547802,0.7263013,0.5,1.0,1.0,1.5,0.029832872,0.79640484
0.1470042,0.7329105,0.5,1.0,1.0,1.5,0.023639923,0.7819894
0.12146181,0.7290925,0.5,1.0,1.0,1.5,0.030591525,0.8368112
0.10348983,0.72923315,0.5,1.0,1.0,1.5,0.024974922,0.79121816
0.08945234,0.7244358,0.5,1.0,1.0,1.5,0.030813957,0.7988831
0.06689654,0.7275443,0.5,1.0,1.0,1.5,0.03325242,0.80823815
0.044412192,0.73044026,0.5,1.0,1.0,1.5,0.031879842,0.74411184
0.023895152,0.72366995,0.5,1.0,1.0,1.5,0.03795216,0.7574114
0.6217165,0.745359,0.5,1.0,1.0,1.5,0.009490741,0.8463764
0.60075927,0.7471991,0.5,1.0,1.0,1.5,0.0050911102,0.8240069
0.5801057,0.74924135,0.5,1.0,1.0,1.5,0.009943139,0.7991239
0.5625635,0.7559305,0.5,1.0,1.0,1.5,0.012643591,0.8564529
0.5439461,0.7525875,0.5,1.0,1.0,1.5,0.01031748,0.7953538
0.524628,0.74702716,0.5,1.0,1.0,1.5,0.014227269,0.8439347
0.5020075,0.7558239,0.5,1.0,1.0,1.5,0.009771688,0.80234003
0.48241097,0.7506879,0.5,1.0,1.0,1.5,0.00965013,0.823666
0.46127373,0.7464112,0.5,1.0,1.0,1.5,0.011135845,0.8138664
0.4383092,0.7500028,0.5,1.0,1.0,1.5,0.012647462,0.791866
0.4187134,0.7527229,0.5,1.0,1.0,1.5,0.011137277,0.82563066
0.3945839,0.750979,0.5,1.0,1.0,1.5,0.014462729,0.8334521
0.37318218,0.74559784,0.5,1.0,1.0,1.5,0.014735071,0.8748487
0.35297272,0.75351036,0.5,1.0,1.0,1.5,0.01890991,0.8435619
0.3395784,0.7488839,0.5,1.0,1.0,1.5,0.01485409,0.87293667
0.32070774,0.7514521,0.5,1.0,1.0,1.5,0.019186528,0.7770659
0.29427007,0.7470904,0.5,1.0,1.0,1.5,0.017997775,0.79540086
0.27839464,0.7477114,0.5,1.0,1.0,1.5,0.021108272,0.8137337
0.24795333,0.7530841,0.5,1.0,1.0,1.5,0.022661755,0.7960018
0.2228919,0.7492785,0.5,1.0,1.0,1.5,0.022767793,0.8411654
0.21067704,0.7459906,0.5,1.0,1.0,1.5,0.025241906,0.79706264
0.18890002,0.74758846,0.5,1.0,1.0,1.5,0.02853867,0.78923726
0.16646262,0.74744797,0.5,1.0,1.0,1.5,0.02294517,0.77347946
0.14458287,0.7540924,0.5,1.0,1.0,1.5,0.029335834,0.8199471
0.121555984,0.7511819,0.5,1.0,1.0,1.5,0.029136987,0.81104743
0.10655587,0.7448711,0.5,1.0,1.0,1.5,0.026932633,0.75569564
0.06158891,0.74911225,0.5,1.0,1.0,1.5,0.029379135,0.8088157
0.04392821,0.7512981,0.5,1.0,1.0,1.5,0.039795913,0.7982048
0.018053936,0.75154173,0.5,1.0,1.0,1.5,0.03523528,0.78268915
0.64614844,0.7614778,0.5,1.0,1.0,1.5,-0.0022023115,0.88303375
0.60506576,0.76677346,0.5,1.0,1.0,1.5,0.005718898,0.86678797
0.5811127,0.76942295,0.5,1.0,1.0,1.5,0.004532475,0.86644775
0.5649121,0.7708025,0.5,1.0,1.0,1.5,0.0060850848,0.79863036
0.5408988,0.7718094,0.5,1.0,1.0,1.5,0.008645939,0.8266671
0.5154228,0.7702746,0.5,1.0,1.0,1.5,0.011170451,0.8783818
0.49405652,0.769758,0.5,1.0,1.0,1.5,0.0107805915,0.81787527
0.4808287,0.7727532,0.5,1.0,1.0,1.5,0.0035821989,0.86333895
0.45993003,0.7701971,0.5,1.0,1.0,1.5,0.0067055686,0.8632703
0.43941382,0.7717472,0.5,1.0,1.0,1.5,0.008820176,0.8775518
0.41566682,0.77221555,0.5,1.0,1.0,1.5,0.012638987,0.85676074
0.39520928,0.7724756,0.5,1.0,1.0,1.5,0.0129583385,0.81876695
0.3773173,0.76888496,0.5,1.0,1.0,1.5,0.012147771,0.8264928
0.3553476,0.77755433,0.5,1.0,1.0,1.5,0.012558594,0.8533803
0.33788386,0.7681504,0.5,1.0,1.0,1.5,0.017159851,0.81384575
0.31748256,0.76930207,0.5,1.0,1.0,1.5,0.019120052,0.8432797
0.29666108,0.76681525,0.5,1.0,1.0,1.5,0.02145053,0.8210999
0.27583024,0.7706177,0.5,1.0,1.0,1.5,0.01842254,0.8274627
0.24655592,0.7674396,0.5,1.0,1.0,1.5,0.020788662,0.8512214
0.22526646,0.771031,0.5,1.0,1.0,1.5,0.022127556,0.84925354
0.20445682,0.7694775,0.5,1.0,1.0,1.5,0.022679634,0.7975208
0.19105472,0.76845145,0.5,1.0,1.0,1.5,0.02422035,0.81420356
0.16856827,0.7703608,0.5,1.0,1.0,1.5,0.015687065,0.84882843
0.14703947,0.773736,0.5,1.0,1.0,1.5,0.02308338,0.83715236
0.1260422,0.7744667,0.5,1.0,1.0,1.5,0.023003483,0.8424806
0.10399392,0.77330303,0.5,1.0,1.0,1.5,0.020448955,0.79286885
0.0818738,0.7721589,0.5,1.0,1.0,1.5,0.033882238,0.8228524
0.06937305,0.7721157,0.5,1.0,1.0,1.5,0.030298913,0.8188342
0.042889845,0.76760364,0.5,1.0,1.0,1.5,0.035596456,0.78627396
0.02011162,0.77011734,0.5,1.0,1.0,1.5,0.03794015,0.78394395
0.6398144,0.7889569,0.5,1.0,1.0,1.5,0.0012175243,0.9206284
0.62548244,0.78901964,0.5,1.0,1.0,1.5,0.0020462407,0.90326774
0.59997624,0.7887772,0.5,1.0,1.0,1.5,0.008780114,0.810471
0.5846114,0.79495996,0.5,1.0,1.0,1.5,0.01635902,0.84074336
0.5624983,0.79554874,0.5,1.0,1.0,1.5,0.006698611,0.891137
0.541994,0.7870311,0.5,1.0,1.0,1.5,0.010202231,0.8929075
0.5218585,0.79426223,0.5,1.0,1.0,1.5,0.008005354,0.8470391
0.5029507,0.796117,0.5,1.0,1.0,1.5,0.0069539505,0.8493129
0.48114523,0.7974579,0.5,1.0,1.0,1.5,-0.0061374633,0.86910176
0.4568032,0.7997903,0.5,1.0,1.0,1.5,0.008335635,0.8741576
0.43437222,0.79388654,0.5,1.0,1.0,1.5,0.008299956,0.8499677
0.4109034,0.7935611,0.5,1.0,1.0,1.5,0.010639179,0.841102
0.40014046,0.79409224,0.5,1.0,1.0,1.5,0.00794556,0.83519435
0.3780212,0.78962064,0.5,1.0,1.0,1.5,0.010351174,0.845444
0.3553637,0.79079336,0.5,1.0,1.0,1.5,0.012820902,0.8290847
0.33147368,0.79477113,0.5,1.0,1.0,1.5,0.014760714,0.847314
0.31700855,0.7905879,0.5,1.0,1.0,1.5,0.017087266,0.89515394
0.29422775,0.7895401,0.5,1.0,1.0,1.5,0.011927307,0.8246797
0.27189624,0.78797203,0.5,1.0,1.0,1.5,0.015708577,0.8833797
0.25004417,0.79015255,0.5,1.0,1.0,1.5,0.018224929,0.8550806
0.22577213,0.7846376,0.5,1.0,1.0,1.5,0.01834197,0.8246468
0.208982,0.7941825,0.5,1.0,1.0,1.5,0.017338926,0.81867397
0.1897057,0.79745173,0.5,1.0,1.0,1.5,0.02028129,0.8249562
0.17118381,0.79116184,0.5,1.0,1.0,1.5,0.022054134,0.8477074
0.15019764,0.79483557,0.5,1.0,1.0,1.5,0.026899258,0.8482841
0.12809785,0.7962819,0.5,1.0,1.0,1.5,0.024271302,0.8062023
0.10028435,0.78626895,0.5,1.0,1.0,1.5,0.024253972,0.8728585
0.08485584,0.7950655,0.5,1.0,1.0,1.5,0.017617775,0.8322011
0.05818322,0.793722,0.5,1.0,1.0,1.5,0.032627076,0.7742227
0.04114354,0.7941726,0.5,1.0,1.0,1.5,0.034564197,0.881986
0.024860611,0.79217976,0.5,1.0,1.0,1.5,0.03347626,0.8167082
0.6652253,0.8108812,0.5,1.0,1.0,1.5,-0.0007155314,0.8926658
0.64155084,0.8158462,0.5,1.0,1.0,1.5,-0.00041147321,0.88715184
0.6238424,0.81870466,0.5,1.0,1.0,1.5,0.0011276673,0.8900473
0.5971975,0.8180879,0.5,1.0,1.0,1.5,0.0029695095,0.91317797
0.5842267,0.81436855,0.5,1.0,1.0,1.5,0.005187162,0.8775235
0.5629299,0.8145418,0.5,1.0,1.0,1.5,0.0075446814,0.892137
0.5455394,0.811055,0.5,1.0,1.0,1.5,0.006111682,0.87866414
0.5152872,0.81494564,0.5,1.0,1.0,1.5,0.009081611,0.8630546
0.4996257,0.80984753,0.5,1.0,1.0,1.5,0.005690236,0.80567086
0.47924277,0.8122149,0.5,1.0,1.0,1.5,0.008779336,0.8702284
0.45503438,0.813416,0.5,1.0,1.0,1.5,0.00796653,0.8490501
0.4306898,0.81184775,0.5,1.0,1.0,1.5,0.007406107,0.8593842
0.4143624,0.8052737,0.5,1.0,1.0,1.5,0.015289683,0.9001219
0.3953637,0.81570166,0.5,1.0,1.0,1.5,0.007256223,0.8597963
0.37579453,0.80842453,0.5,1.0,1.0,1.5,0.011689209,0.89604723
0.35021973,0.8164768,0.5,1.0,1.0,1.5,0.012737735,0.8707272
0.33143994,0.8174214,0.5,1.0,1.0,1.5,0.009683602,0.84807134
0.31719953,0.8137133,0.5,1.0,1.0,1.5,0.018400501,0.8782836
0.29414,0.812285,0.5,1.0,1.0,1.5,0.018255793,0.8681861
0.27230242,0.81172633,0.5,1.0,1.0,1.5,0.018322181,0.8937371
0.25072002,0.8125252,0.5,1.0,1.0,1.5,0.02195497,0.8744421
0.22473636,0.8053966,0.5,1.0,1.0,1.5,0.019387303,0.92229676
0.20668763,0.8137596,0.5,1.0,1.0,1.5,0.02272859,0.8288082
0.18609025,0.8130235,0.5,1.0,1.0,1.5,0.019321278,0.84717965
0.16431095,0.8065852,0.5,1.0,1.0,1.5,0.023396946,0.835106
0.1472787,0.80795455,0.5,1.0,1.0,1.5,0.02126049,0.88223934
0.1252209,0.8120867,0.5,1.0,1.0,1.5,0.02321224,0.8866199
0.101442926,0.8082563,0.5,1.0,1.0,1.5,0.020865854,0.8468263
0.08349433,0.8135052,0.5,1.0,1.0,1.5,0.032044172,0.8801307
0.062836595,0.8109551,0.5,1.0,1.0,1.5,0.02382931,0.8045088
0.047142573,0.81577694,0.5,1.0,1.0,1.5,0.028944684,0.88710773
0.019658145,0.8130603,0.5,1.0,1.0,1.5,0.039733034,0.8289175
0.6668507,0.83235323,0.5,1.0,1.0,1.5,-0.00017724372,0.9455763
0.64898556,0.83504254,0.5,1.0,1.0,1.5,-0.0006917808,0.9326067
0.6225745,0.83867985,0.5,1.0,1.0,1.5,-0.0026221504,0.92805874
0.6023273,0.83337426,0.5,1.0,1.0,1.5,0.001479259,0.8745345
0.58175296,0.8320463,0.5,1.0,1.0,1.5,0.00058225146,0.89469767
0.55833936,0.8364616,0.5,1.0,1.0,1.5,0.0042189453,0.91367686
0.5368288,0.83424646,0.5,1.0,1.0,1.5,-0.00034541776,0.88008505
0.5251913,0.83330506,0.5,1.0,1.0,1.5,0.006224119,0.89076126
0.49859047,0.83141756,0.5,1.0,1.0,1.5,0.0006773295,0.8872342
0.47900116,0.8257612,0.5,1.0,1.0,1.5,0.0038849474,0.86606854
0.4620372,0.8323334,0.5,1.0,1.0,1.5,0.004972889,0.9033029
0.43471065,0.8301981,0.5,1.0,1.0,1.5,0.0088255685,0.8983526
0.4130339,0.82526827,0.5,1.0,1.0,1.5,0.009007471,0.88329506
0.389451,0.8331222,0.5,1.0,1.0,1.5,0.008236303,0.90155804
0.37558302,0.8315638,0.5,1.0,1.0,1.5,0.010227055,0.8809049
0.3604242,0.83114487,0.5,1.0,1.0,1.5,0.010764573,0.908585
0.33007377,0.83824044,0.5,1.0,1.0,1.5,0.00840777,0.94321835
0.3129172,0.8373562,0.5,1.0,1.0,1.5,0.013101913,0.8982972
0.2929388,0.8338248,0.5,1.0,1.0,1.5,0.01271533,0.9008597
0.27230623,0.83414125,0.5,1.0,1.0,1.5,0.01394284,0.8984848
0.25095662,0.8345683,0.5,1.0,1.0,1.5,0.01359354,0.8758727
0.2277876,0.84225917,0.5,1.0,1.0,1.5,0.016816929,0.8857689
0.20599069,0.8353378,0.5,1.0,1.0,1.5,0.021311814,0.9164637
0.1819275,0.826489,0.5,1.0,1.0,1.5,0.023017686,0.8833419
0.16587447,0.83450514,0.5,1.0,1.0,1.5,0.022120204,0.90068626
0.146501,0.8269895,0.5,1.0,1.0,1.5,0.02533432,0.83722603
0.12525731,0.8347204,0.5,1.0,1.0,1.5,0.022660883,0.8887037
0.09689412,0.82758296,0.5,1.0,1.0,1.5,0.02351333,0.84758735
0.07821117,0.8293158,0.5,1.0,1.0,1.5,0.026854994,0.8992574
0.05999496,0.8295234,0.5,1.0,1.0,1.5,0.029780976,0.85287726
0.043887574,0.8337059,0.5,1.0,1.0,1.5,0.024329446,0.8639778
0.018353375,0.8321369,0.5,1.0,1.0,1.5,0.030272054,0.83060366
0.97975767,0.020354657,0.5,1.0,1.0,1.5,-0.009690215,0.00499475
0.9592412,0.020494858,0.5,1.0,1.0,1.5,-0.008872376,0.010097921
0.9390503,0.020236146,0.5,1.0,1.0,1.5,-0.0017574714,-0.000821054
0.91913974,0.020242192,0.5,1.0,1.0,1.5,-0.0046862084,0.007239461
0.8992322,0.020582035,0.5,1.0,1.0,1.5,-0.0030805361,-0.017948389
0.87895644,0.02175166,0.5,1.0,1.0,1.5,-0.0037940764,0.026229262
0.85590106,0.025446134,0.5,1.0,1.0,1.5,-0.0041514337,0.023568988
0.8354305,0.019738087,0.5,1.0,1.0,1.5,-0.0024191379,0.003883779
0.8163977,0.018822249,0.5,1.0,1.0,1.5,-0.00018479442,0.0179497
0.79704976,0.019855144,0.5,1.0,1.0,1.5,-0.0054709,0.00821954
0.7755155,0.022209413,0.5,1.0,1.0,1.5,-0.0017903787,-0.033457637
0.749348,0.01765159,0.5,1.0,1.0,1.5,-0.0016819532,-0.041311443
0.73094755,0.020795783,0.5,1.0,1.0,1.5,-0.0011518174,0.035015464
0.7083168,0.025733419,0.5,1.0,1.0,1.5,-0.003730659,-0.017492533
0.6870563,0.019942394,0.5,1.0,1.0,1.5,-0.0010214611,-0.018260121
0.6679045,0.01856165,0.5,1.0,1.0,1.5,0.0039608367,0.017444968
0.6488817,0.019285342,0.5,1.0,1.0,1.5,0.00087193446,0.007980764
0.6295701,0.02095397,0.5,1.0,1.0,1.5,-0.00093533564,-0.029190958
0.6078107,0.024503643,0.5,1.0,1.0,1.5,0.002537916,0.058171034
0.587259,0.019528361,0.5,1.0,1.0,1.5,-1.1973316e-05,-0.028388679
0.5680527,0.020331247,0.5,1.0,1.0,1.5,0.0048714303,0.017327428
0.54810053,0.021376839,0.5,1.0,1.0,1.5,0.0063189613,-0.00075531006
0.5270213,0.022695992,0.5,1.0,1.0,1.5,0.0070588156,-0.0018990636
0.49837673,0.019768164,0.5,1.0,1.0,1.5,-9.648036e-05,-0.031344235
0.47715256,0.021996405,0.5,1.0,1.0,1.5,0.0017607965,-0.0023030639
0.457701,0.02001169,0.5,1.0,1.0,1.5,-0.00014768867,-0.0020710826
0.43832648,0.019373145,0.5,1.0,1.0,1.5,-0.00026099593,-0.013053536
0.41881144,0.019652912,0.5,1.0,1.0,1.5,0.0022733337,0.008024454
0.3992384,0.020379605,0.5,1.0,1.0,1.5,-0.0008530435,-0.0048767924
0.37947828,0.021502892,0.5,1.0,1.0,1.5,0.00090625905,0.012886226
0.35781696,0.024356918,0.5,1.0,1.0,1.5,0.005172263,0.0068953037
0.33749267,0.019353654,0.5,1.0,1.0,1.5,0.0003432862,0.022369623
0.31840166,0.01959171,0.5,1.0,1.0,1.5,-0.0018517538,0.017053783
0.2980758,0.022178425,0.5,1.0,1.0,1.5,0.00089399144,0.007981896
0.27564612,0.022926588,0.5,1.0,1.0,1.5,0.00091055175,0.08053982
0.24928258,0.017397163,0.5,1.0,1.0,1.5,-0.0014072307,0.01774013
0.23102394,0.020351376,0.5,1.0,1.0,1.5,0.0022493473,-0.004740238
0.2089369,0.024746837,0.5,1.0,1.0,1.5,0.003989439,-0.007677734
0.18741332,0.019220078,0.5,1.0,1.0,1.5,-0.0012031458,-0.017064333
0.1681931,0.018515658,0.5,1.0,1.0,1.5,6.1528524e-05,-0.044616878
0.14880413,0.019582558,0.5,1.0,1.0,1.5,0.0018992304,-0.019439518
0.1289578,0.020824494,0.5,1.0,1.0,1.5,-0.0018292814,-0.047010064
0.10071325,0.022481082,0.5,1.0,1.0,1.5,0.00553737,0.049744487
0.079516456,0.01842492,0.5,1.0,1.0,1.5,0.003173473,-0.019060671
0.060373425,0.018336121,0.5,1.0,1.0,1.5,0.006813812,0.023919225
0.040868197,0.01912366,0.5,1.0,1.0,1.5,0.003947617,0.030212462
0.020827457,0.019886067,0.5,1.0,1.0,1.5,0.015233828,-0.02177757
0.9815129,0.048853595,0.5,1.0,1.0,1.5,-0.010657561,0.06338677
0.95801353,0.040605552,0.5,1.0,1.0,1.5,-0.012090549,0.033530533
0.9379841,0.04048465,0.5,1.0,1.0,1.5,-0.008172381,0.02464223
0.9183477,0.040446464,0.5,1.0,1.0,1.5,-0.0050904686,0.021710634
0.8988186,0.040560752,0.5,1.0,1.0,1.5,-0.007353749,-0.0069779158
0.8799184,0.04176543,0.5,1.0,1.0,1.5,-0.009853014,0.046643138
0.8517133,0.041636422,0.5,1.0,1.0,1.5,-0.01001306,0.010621965
0.8319178,0.04581156,0.5,1.0,1.0,1.5,-0.010370953,0.062447608
0.8143363,0.037752096,0.5,1.0,1.0,1.5,-0.0021431888,0.03133571
0.7954308,0.04185224,0.5,1.0,1.0,1.5,-0.0062744413,0.050094724
0.7698522,0.04208378,0.5,1.0,1.0,1.5,-0.004645868,0.044977248
0.74556184,0.04105936,0.5,1.0,1.0,1.5,-0.004399416,0.059239388
0.7258628,0.043221343,0.5,1.0,1.0,1.5,-0.0049153017,0.03435242
0.7059663,0.0429417,0.5,1.0,1.0,1.5,-0.0010490762,0.0011427999
0.68427587,0.04742298,0.5,1.0,1.0,1.5,0.0015956045,0.087258786
0.6664624,0.04443012,0.5,1.0,1.0,1.5,-0.0036571794,0.043067336
0.649148,0.03851619,0.5,1.0,1.0,1.5,0.009982817,0.24574849
0.6315344,0.04137542,0.5,1.0,1.0,1.5,0.0021964042,0.016786456
0.60458153,0.03985817,0.5,1.0,1.0,1.5,0.005734477,0.026127577
0.58166677,0.04601443,0.5,1.0,1.0,1.5,0.0058908034,0.027833104
0.5633537,0.039304104,0.5,1.0,1.0,1.5,0.0037444571,0.0123384595
0.5430793,0.043984067,0.5,1.0,1.0,1.5,0.009413095,0.043023527
0.5206877,0.04312079,0.5,1.0,1.0,1.5,0.0062529556,-0.009201884
0.49870393,0.0419142,0.5,1.0,1.0,1.5,0.0031541663,-0.027637362
0.47919914,0.045088604,0.5,1.0,1.0,1.5,0.0019026735,-0.017125666
0.46318114,0.040963877,0.5,1.0,1.0,1.5,0.002658493,0.014260471
0.4368148,0.048648138,0.5,1.0,1.0,1.5,0.004909154,-0.03421867
0.41846278,0.03965243,0.5,1.0,1.0,1.5,0.0017871667,0.05899927
0.3995098,0.04102556,0.5,1.0,1.0,1.5,-0.0010792194,0.025299847
0.3807785,0.042277023,0.5,1.0,1.0,1.5,0.00026038056,-0.01736182
0.35559216,0.038068034,0.5,1.0,1.0,1.5,0.0017680302,-0.015479267
0.32825848,0.045111842,0.5,1.0,1.0,1.5,0.0017858824,0.00041288137
0.31203791,0.040094182,0.5,1.0,1.0,1.5,-0.0028191577,0.010619044
0.29235542,0.046304777,0.5,1.0,1.0,1.5,-0.0037381211,0.017839372
0.26769537,0.042559177,0.5,1.0,1.0,1.5,-0.003923543,-0.013276339
0.24538678,0.040154498,0.5,1.0,1.0,1.5,-0.0003669844,0.007085502
0.22586444,0.042403646,0.5,1.0,1.0,1.5,0.000984411,0.022773981
0.20673677,0.041085694,0.5,1.0,1.0,1.5,0.0021356693,0.0014119744
0.18756914,0.042463664,0.5,1.0,1.0,1.5,0.0045650178,0.038211048
0.16804399,0.04465268,0.5,1.0,1.0,1.5,0.00045391847,0.023870647
0.14942114,0.03904948,0.5,1.0,1.0,1.5,0.0128746675,0.21174201
0.12752685,0.043920457,0.5,1.0,1.0,1.5,0.007673338,0.033587813
0.10233553,0.03923687,0.5,1.0,1.0,1.5,0.0077563655,0.0361439
0.080592334,0.041845135,0.5,1.0,1.0,1.5,0.010970447,0.047882378
0.064170755,0.044510543,0.5,1.0,1.0,1.5,0.013301457,0.04965532
0.04149299,0.03971306,0.5,1.0,1.0,1.5,0.007916123,0.06636301
0.024179425,0.041464135,0.5,1.0,1.0,1.5,0.009545039,0.025058031
0.9765043,0.068993255,0.5,1.0,1.0,1.5,-0.02149583,0.054483235
0.95701873,0.05896372,0.5,1.0,1.0,1.5,-0.016181512,0.08503631
0.9357191,0.06308789,0.5,1.0,1.0,1.5,-0.012217922,0.071101695
0.9182472,0.062143337,0.5,1.0,1.0,1.5,-0.016708573,0.11415395
0.89763325,0.05970996,0.5,1.0,1.0,1.5,-0.011105118,0.03992492
0.8719811,0.061773624,0.5,1.0,1.0,1.5,-0.009158185,0.04219073
0.8558535,0.064293,0.5,1.0,1.0,1.5,-0.0099616675,0.08065629
0.8327798,0.056560956,0.5,1.0,1.0,1.5,-0.010133059,0.07224968
0.8150486,0.056863986,0.5,1.0,1.0,1.5,-0.007718064,0.05428037
0.7992299,0.060132634,0.5,1.0,1.0,1.5,-0.0034607607,0.09763157
0.7747638,0.06244382,0.5,1.0,1.0,1.5,-0.0021587377,0.12098697
0.74997973,0.057047322,0.5,1.0,1.0,1.5,-0.0053104237,0.016745567
0.73376846,0.06426525,0.5,1.0,1.0,1.5,-0.0021448303,0.03958237
0.70615286,0.06476224,0.5,1.0,1.0,1.5,0.00047872658,0.06325707
0.689148,0.06203979,0.5,1.0,1.0,1.5,-0.004762317,0.081038326
0.67073685,0.061026786,0.5,1.0,1.0,1.5,0.0012150996,0.10650647
0.64333886,0.063070424,0.5,1.0,1.0,1.5,0.00049464824,0.039585292
0.6242937,0.062107667,0.5,1.0,1.0,1.5,0.0027142668,0.064638585
0.6083824,0.06477346,0.5,1.0,1.0,1.5,0.001895996,0.07384825
0.58627194,0.061332006,0.5,1.0,1.0,1.5,0.004310147,0.048209727
0.5568464,0.06505824,0.5,1.0,1.0,1.5,0.0014037739,0.035481453
0.536371,0.062155724,0.5,1.0,1.0,1.5,0.009223252,0.07469112
0.5211334,0.062991716,0.5,1.0,1.0,1.5,0.011642461,0.01871866
0.5005934,0.066292115,0.5,1.0,1.0,1.5,0.005223243,0.05410689
0.47985923,0.06593113,0.5,1.0,1.0,1.5,0.0049465303,0.030434906
0.4603921,0.06216758,0.5,1.0,1.0,1.5,0.0043202857,0.008352816
0.43844727,0.06709848,0.5,1.0,1.0,1.5,0.010602912,0.008473694
0.41948652,0.060160022,0.5,1.0,1.0,1.5,-9.719282e-06,0.01583308
0.40124148,0.06386981,0.5,1.0,1.0,1.5,0.0010631992,0.01684457
0.37264588,0.06162518,0.5,1.0,1.0,1.5,0.004023914,0.034753263
0.3397668,0.056078654,0.5,1.0,1.0,1.5,0.0004507196,0.021013737
0.31505632,0.058259763,0.5,1.0,1.0,1.5,0.001055663,0.04666823
0.29520544,0.059730772,0.5,1.0,1.0,1.5,0.00077363173,0.03604287
0.26994428,0.064951785,0.5,1.0,1.0,1.5,0.0067800237,0.0018023252
0.25239193,0.060550302,0.5,1.0,1.0,1.5,0.002591946,0.06276676
0.23012151,0.061849833,0.5,1.0,1.0,1.5,-0.0006334996,0.037292182
0.20868823,0.060598526,0.5,1.0,1.0,1.5,0.0042595193,0.049396932
0.18634182,0.05677467,0.5,1.0,1.0,1.5,0.0023817527,0.08892703
0.17107494,0.06190479,0.5,1.0,1.0,1.5,0.004904096,0.04481411
0.14638048,0.06097053,0.5,1.0,1.0,1.5,0.0063845194,0.087682664
0.12490492,0.061414577,0.5,1.0,1.0,1.5,0.006357742,0.07996917
0.099080525,0.0629542,0.5,1.0,1.0,1.5,0.010653512,0.09950566
0.0795605,0.057780616,0.5,1.0,1.0,1.5,0.011976125,0.110212415
0.06150418,0.061451282,0.5,1.0,1.0,1.5,0.013908094,0.13250282
0.04725444,0.06720463,0.5,1.0,1.0,1.5,0.02092761,0.08365759
0.020109398,0.062274747,0.5,1.0,1.0,1.5,0.021194194,0.082686305
0.97932094,0.09039944,0.5,1.0,1.0,1.5,-0.03053353,0.2572566
0.9589467,0.08372632,0.5,1.0,1.0,1.5,-0.029807914,0.12818703
0.9415831,0.08342127,0.5,1.0,1.0,1.5,-0.020972336,0.10939145
0.92224455,0.088988915,0.5,1.0,1.0,1.5,-0.02108331,0.092110455
0.87940305,0.08777688,0.5,1.0,1.0,1.5,-0.016222535,0.08466825
0.85594296,0.08212195,0.5,1.0,1.0,1.5,-0.016029513,0.087830186
0.8309304,0.08751483,0.5,1.0,1.0,1.5,-0.021766303,0.046945274
0.81177217,0.075827904,0.5,1.0,1.0,1.5,-0.0128676,0.1012328
0.79488224,0.079573184,0.5,1.0,1.0,1.5,-0.008682429,0.049631834
0.77277315,0.08275004,0.5,1.0,1.0,1.5,-0.011635472,0.0526627
0.7485117,0.082536265,0.5,1.0,1.0,1.5,-0.007830568,0.078511685
0.7251738,0.086549304,0.5,1.0,1.0,1.5,-0.009174671,0.0568299
0.7065031,0.08338998,0.5,1.0,1.0,1.5,-0.0091086,0.054833233
0.68954545,0.086007394,0.5,1.0,1.0,1.5,-0.007054909,0.098759234
0.66849,0.08028251,0.5,1.0,1.0,1.5,-0.0016099615,0.082622886
0.6449232,0.07976891,0.5,1.0,1.0,1.5,-0.0010558213,0.06825578
0.625759,0.087193124,0.5,1.0,1.0,1.5,-0.0012651547,0.09999484
0.6101617,0.081119746,0.5,1.0,1.0,1.5,0.0007876507,0.043356717
0.5834957,0.080154285,0.5,1.0,1.0,1.5,0.0012693491,0.051029503
0.5616819,0.08064537,0.5,1.0,1.0,1.5,0.009058703,0.08262119
0.5370313,0.07922617,0.5,1.0,1.0,1.5,0.0058225226,0.084756285
0.52033824,0.08069105,0.5,1.0,1.0,1.5,0.0074858135,0.0230093
0.49768046,0.080216706,0.5,1.0,1.0,1.5,0.00032737874,0.004809916
0.4776874,0.08638321,0.5,1.0,1.0,1.5,0.004679822,0.017673373
0.45779663,0.07794434,0.5,1.0,1.0,1.5,0.0027951733,0.006330371
0.43603575,0.0857265,0.5,1.0,1.0,1.5,0.003344293,0.017965317
0.41553193,0.08170031,0.5,1.0,1.0,1.5,-0.00039155362,0.057653517
0.39542994,0.08522436,0.5,1.0,1.0,1.5,0.0001618471,0.022463083
0.37775794,0.08012804,0.5,1.0,1.0,1.5,0.0025998768,0.009249389
0.3328314,0.07240003,0.5,1.0,1.0,1.5,-0.0015947712,0.064189374
0.30944803,0.07998386,0.5,1.0,1.0,1.5,-0.0028180326,0.027071536
0.2937831,0.081102766,0.5,1.0,1.0,1.5,0.0019018301,-0.028153121
0.26777473,0.09357011,0.5,1.0,1.0,1.5,0.0037667742,0.03955233
0.2525229,0.081742816,0.5,1.0,1.0,1.5,-0.000599165,0.016388118
0.2271114,0.083083086,0.5,1.0,1.0,1.5,0.0039881426,0.055359334
0.21244374,0.0807213,0.5,1.0,1.0,1.5,0.0036931555,0.029834986
0.18292151,0.087913856,0.5,1.0,1.0,1.5,0.013917555,0.044385314
0.17475915,0.07938951,0.5,1.0,1.0,1.5,0.008081192,0.10101476
0.14407153,0.0866436,0.5,1.0,1.0,1.5,0.013109017,0.07814613
0.12466405,0.08462818,0.5,1.0,1.0,1.5,0.015919534,0.13421798
0.10531045,0.08015022,0.5,1.0,1.0,1.5,0.020300271,0.059726
0.08306779,0.08417648,0.5,1.0,1.0,1.5,0.020136423,0.1111089
0.063132375,0.075827934,0.5,1.0,1.0,1.5,0.022429798,0.08315995
0.037944824,0.08321176,0.5,1.0,1.0,1.5,0.027139852,0.095989704
0.019299809,0.08162415,0.5,1.0,1.0,1.5,0.023850672,0.11563179
0.97673106,0.10944476,0.5,1.0,1.0,1.5,-0.028504185,0.2018409
0.9614329,0.10408301,0.5,1.0,1.0,1.5,-0.023234386,0.10165921
0.93677014,0.10398078,0.5,1.0,1.0,1.5,-0.018196642,0.106328666
0.9187794,0.10422879,0.5,1.0,1.0,1.5,-0.017589191,0.06913316
0.9006719,0.10942527,0.5,1.0,1.0,1.5,-0.019926328,0.10768446
0.8779455,0.10492473,0.5,1.0,1.0,1.5,-0.017626153,0.034217656
0.8569633,0.09963166,0.5,1.0,1.0,1.5,-0.010712788,0.082865536
0.8321167,0.106450714,0.5,1.0,1.0,1.5,-0.016074853,0.091416895
0.8131958,0.10067905,0.5,1.0,1.0,1.5,-0.015912596,0.036928415
0.7941464,0.1037886,0.5,1.0,1.0,1.5,-0.0079933135,0.10795158
0.77327645,0.09841417,0.5,1.0,1.0,1.5,-0.014680849,0.10105345
0.7469949,0.10354297,0.5,1.0,1.0,1.5,-0.011006913,0.08123857
0.7316529,0.106686294,0.5,1.0,1.0,1.5,-0.012928188,0.12356117
0.7100658,0.099547945,0.5,1.0,1.0,1.5,-0.0063902726,0.1030803
0.69106233,0.10626973,0.5,1.0,1.0,1.5,-0.0109160775,0.13255113
0.66766137,0.10250119,0.5,1.0,1.0,1.5,-0.0056557674,0.10842466
0.64585614,0.10827287,0.5,1.0,1.0,1.5,-0.0051123677,0.09188515
0.6254742,0.108709425,0.5,1.0,1.0,1.5,-0.0011398192,0.07916623
0.6046219,0.10516787,0.5,1.0,1.0,1.5,-0.0013155537,0.08251098
0.5818078,0.107513405,0.5,1.0,1.0,1.5,-0.0039582783,0.053190857
0.5545627,0.099639885,0.5,1.0,1.0,1.5,0.0030743997,0.023080051
0.54071736,0.10638566,0.5,1.0,1.0,1.5,-0.0025401101,0.08483046
0.52787197,0.105600335,0.5,1.0,1.0,1.5,-0.003117654,0.14679155
0.5016892,0.10078817,0.5,1.0,1.0,1.5,0.0042977184,0.0063768625
0.48044917,0.100703955,0.5,1.0,1.0,1.5,0.006478986,0.0071746707
0.45422098,0.09917078,0.5,1.0,1.0,1.5,0.0032311021,0.026177049
0.43608952,0.104943484,0.5,1.0,1.0,1.5,0.0024920083,-0.030730546
0.41912332,0.103957415,0.5,1.0,1.0,1.5,0.0027400516,0.023908377
0.39722294,0.10343549,0.5,1.0,1.0,1.5,0.004199586,0.0404166
0.3698027,0.09694889,0.5,1.0,1.0,1.5,0.0011948559,0.07410389
0.35082367,0.10609729,0.5,1.0,1.0,1.5,0.0045692697,-0.012611806
0.33351582,0.09981522,0.5,1.0,1.0,1.5,0.00077298447,-0.03344679
0.31589037,0.10279574,0.5,1.0,1.0,1.5,0.006507284,0.024130166
0.29508418,0.10276515,0.5,1.0,1.0,1.5,0.003944844,0.078792155
0.27119792,0.11219184,0.5,1.0,1.0,1.5,0.0012308492,0.08100253
0.25038898,0.101886526,0.5,1.0,1.0,1.5,0.005065508,0.049698055
0.23208095,0.10175785,0.5,1.0,1.0,1.5,0.009872086,0.06816384
0.21487813,0.10103595,0.5,1.0,1.0,1.5,0.012304658,0.0750002
0.18495749,0.10176797,0.5,1.0,1.0,1.5,0.01389251,0.1022284
0.1653281,0.10256899,0.5,1.0,1.0,1.5,0.014199577,0.097026795
0.14014158,0.103640705,0.5,1.0,1.0,1.5,0.020250047,0.07651606
0.13129866,0.102879584,0.5,1.0,1.0,1.5,0.016163893,0.10817984
0.10845496,0.102896,0.5,1.0,1.0,1.5,0.015914164,0.103238225
0.082777165,0.101567134,0.5,1.0,1.0,1.5,0.02297934,0.14972854
0.05839904,0.10073258,0.5,1.0,1.0,1.5,0.025414376,0.14612934
0.03902195,0.10120959,0.5,1.0,1.0,1.5,0.022542708,0.18358833
0.019727198,0.1009369,0.5,1.0,1.0,1.5,0.031312995,0.1561063
0.97940123,0.8991529,0.5,1.0,1.0,1.5,-0.017035743,0.92493534
0.95906454,0.8990928,0.5,1.0,1.0,1.5,-0.018862914,0.93908477
0.93943036,0.9003255,0.5,1.0,1.0,1.5,-0.01742891,0.89339197
0.9163434,0.9007696,0.5,1.0,1.0,1.5,-0.015208131,0.9199911
0.89471215,0.8974808,0.5,1.0,1.0,1.5,-0.016857509,0.9186851
0.87062806,0.89286876,0.5,1.0,1.0,1.5,-0.012532009,0.9322723
0.85391104,0.8915844,0.5,1.0,1.0,1.5,-0.012629839,0.91243
0.8370671,0.898783,0.5,1.0,1.0,1.5,-0.0067659877,0.9378149
0.8127953,0.8959142,0.5,1.0,1.0,1.5,-0.010055019,0.93172264
0.7972598,0.89680874,0.5,1.0,1.0,1.5,-0.0037730536,0.95303917
0.76536787,0.89766854,0.5,1.0,1.0,1.5,-0.00029468443,0.9781736
0.7499491,0.8948516,0.5,1.0,1.0,1.5,-0.0046426263,0.9487219
0.73038137,0.89246327,0.5,1.0,1.0,1.5,-0.0060736705,0.93772554
0.706943,0.8975908,0.5,1.0,1.0,1.5,-0.006197096,0.97968364
0.68366826,0.8923794,0.5,1.0,1.0,1.5,-0.010059629,0.9194155
0.66481507,0.89844364,0.5,1.0,1.0,1.5,-0.005169185,0.9644877
0.64342827,0.9002984,0.5,1.0,1.0,1.5,-0.001528094,0.9539715
0.6233419,0.90250754,0.5,1.0,1.0,1.5,-0.0062599573,0.941833
0.5838718,0.8989913,0.5,1.0,1.0,1.5,-0.0051393444,0.948303
0.5593203,0.8944832,0.5,1.0,1.0,1.5,-0.00097390683,0.9942453
0.5440899,0.8944474,0.5,1.0,1.0,1.5,0.0024930737,0.94144773
0.52292895,0.8915336,0.5,1.0,1.0,1.5,-0.0009796456,0.877638
0.5016369,0.8963071,0.5,1.0,1.0,1.5,0.00083810254,1.0214154
0.47580424,0.89260274,0.5,1.0,1.0,1.5,0.0033588388,0.9277497
0.45792392,0.89975494,0.5,1.0,1.0,1.5,0.0023440793,0.9187463
0.43925348,0.8994136,0.5,1.0,1.0,1.5,0.0022115898,0.9536791
0.4193139,0.89398885,0.5,1.0,1.0,1.5,0.004946608,0.94552386
0.392835,0.89256126,0.5,1.0,1.0,1.5,0.008861104,0.89532596
0.36670035,0.89529806,0.5,1.0,1.0,1.5,0.00927794,0.8344159
0.3525838,0.8905064,0.5,1.0,1.0,1.5,0.0042940825,0.9444382
0.3288685,0.8983229,0.5,1.0,1.0,1.5,0.007260374,0.90165794
0.30816126,0.8993841,0.5,1.0,1.0,1.5,0.0097607225,0.9392011
0.2978751,0.8965323,0.5,1.0,1.0,1.5,0.008659715,0.8915296
0.27363193,0.8921672,0.5,1.0,1.0,1.5,0.0036528287,0.9108289
0.25059727,0.8945475,0.5,1.0,1.0,1.5,0.009961287,0.92648375
0.22963747,0.8924441,0.5,1.0,1.0,1.5,0.020270491,0.8511338
0.20899062,0.8932512,0.5,1.0,1.0,1.5,0.013399663,0.93905574
0.18796685,0.8942113,0.5,1.0,1.0,1.5,0.0126160635,0.93814504
0.16797677,0.90150183,0.5,1.0,1.0,1.5,0.015747944,0.92945516
0.14008918,0.8961635,0.5,1.0,1.0,1.5,0.016680581,0.9116125
0.123199664,0.8956945,0.5,1.0,1.0,1.5,0.012477772,0.9276332
0.10337693,0.8986298,0.5,1.0,1.0,1.5,0.015215003,0.9139645
0.08419662,0.89408034,0.5,1.0,1.0,1.5,0.020710867,0.8890301
0.06402279,0.9009023,0.5,1.0,1.0,1.5,0.022083363,0.9004755
0.042036626,0.8937601,0.5,1.0,1.0,1.5,0.021398656,0.9478904
0.021347547,0.8981567,0.5,1.0,1.0,1.5,0.026433077,0.9112168
0.9797441,0.9191765,0.5,1.0,1.0,1.5,-0.019806594,0.8971062
0.95968497,0.918865,0.5,1.0,1.0,1.5,-0.017406587,0.91186625
0.93886536,0.92001784,0.5,1.0,1.0,1.5,-0.011498353,0.9058596
0.9173644,0.9220586,0.5,1.0,1.0,1.5,-0.008407814,0.9124012
0.8890967,0.9129335,0.5,1.0,1.0,1.5,-0.009850525,0.87524307
0.8734924,0.9168709,0.5,1.0,1.0,1.5,-0.0065100137,0.9384388
0.8546851,0.91989565,0.5,1.0,1.0,1.5,-0.006997632,0.9600239
0.8335899,0.9186411,0.5,1.0,1.0,1.5,-0.006195222,0.91900575
0.8143398,0.9130197,0.5,1.0,1.0,1.5,-0.0063500097,0.9166672
0.7923711,0.92134935,0.5,1.0,1.0,1.5,-0.0015448076,0.9639902
0.7705168,0.91581875,0.5,1.0,1.0,1.5,-0.005339317,1.0022033
0.7470267,0.91659325,0.5,1.0,1.0,1.5,-0.005734288,1.007357
0.7276639,0.9130997,0.5,1.0,1.0,1.5,-0.008009991,1.0103972
0.7096899,0.91266346,0.5,1.0,1.0,1.5,-0.007380576,0.95440054
0.6834736,0.914616,0.5,1.0,1.0,1.5,-0.006386726,0.95573765
0.6500124,0.9146934,0.5,1.0,1.0,1.5,-0.00486865,0.97358537
0.6259292,0.9199826,0.5,1.0,1.0,1.5,-0.006101695,0.9756229
0.6079591,0.9229576,0.5,1.0,1.0,1.5,-0.0038184724,0.95208395
0.57908696,0.9201636,0.5,1.0,1.0,1.5,-0.0076120635,0.98490465
0.5650316,0.9200853,0.5,1.0,1.0,1.5,-0.00067235436,0.93525237
0.53873336,0.9172685,0.5,1.0,1.0,1.5,-0.003264023,0.9647352
0.5267578,0.91520214,0.5,1.0,1.0,1.5,-0.0030999482,0.9405706
0.5003438,0.9107117,0.5,1.0,1.0,1.5,0.0052252067,0.9092996
0.4814905,0.9094021,0.5,1.0,1.0,1.5,-0.0021944623,0.8644649
0.45785603,0.9209649,0.5,1.0,1.0,1.5,-0.00086294115,0.937904
0.43938595,0.9204524,0.5,1.0,1.0,1.5,-0.0006591482,0.95077145
0.41421738,0.9139924,0.5,1.0,1.0,1.5,0.003627054,0.95058984
0.39655948,0.91039366,0.5,1.0,1.0,1.5,0.0026808167,0.90158814
0.3725686,0.9171674,0.5,1.0,1.0,1.5,0.0007761237,0.9770587
0.35588166,0.9222623,0.5,1.0,1.0,1.5,0.005450563,0.953948
0.33592606,0.9182568,0.5,1.0,1.0,1.5,0.009309335,0.94941676
0.3142087,0.9203731,0.5,1.0,1.0,1.5,0.008386012,0.93134105
0.29023504,0.9194179,0.5,1.0,1.0,1.5,0.009386154,0.88505876
0.27691662,0.91588765,0.5,1.0,1.0,1.5,0.00602914,0.94210124
0.24755272,0.90972203,0.5,1.0,1.0,1.5,0.007953481,0.91328645
0.22415587,0.91496694,0.5,1.0,1.0,1.5,0.0076475022,0.9212441
0.21026014,0.9194471,0.5,1.0,1.0,1.5,0.009774432,0.9126621
0.18683687,0.9180665,0.5,1.0,1.0,1.5,0.009392767,0.9290432
0.16587216,0.91728735,0.5,1.0,1.0,1.5,0.008753817,0.9443939
0.1395835,0.9130757,0.5,1.0,1.0,1.5,0.015714882,0.96872663
0.12363165,0.91555226,0.5,1.0,1.0,1.5,0.008851998,0.8786435
0.105539724,0.918614,0.5,1.0,1.0,1.5,0.01613164,0.92985713
0.08649945,0.9185841,0.5,1.0,1.0,1.5,0.018847462,0.9513618
0.06860274,0.9137076,0.5,1.0,1.0,1.5,0.012084201,0.9357461
0.03786728,0.9214531,0.5,1.0,1.0,1.5,0.014350406,0.94029987
0.018753668,0.919506,0.5,1.0,1.0,1.5,0.015550286,0.8934727
0.9797896,0.93911994,0.5,1.0,1.0,1.5,-0.012022667,0.9228093
0.95969117,0.9383173,0.5,1.0,1.0,1.5,-0.0093696,0.9267891
0.93744177,0.9364094,0.5,1.0,1.0,1.5,-0.012879578,0.9240519
0.9164197,0.94125324,0.5,1.0,1.0,1.5,-0.010596829,0.9424908
0.89222187,0.93112916,0.5,1.0,1.0,1.5,-0.00874273,0.91569114
0.8778439,0.9355607,0.5,1.0,1.0,1.5,-0.00815242,0.9541141
0.8516742,0.9415324,0.5,1.0,1.0,1.5,-0.0011642431,0.97095466
0.8308825,0.93715966,0.5,1.0,1.0,1.5,-0.0052831452,0.93909967
0.8099029,0.935868,0.5,1.0,1.0,1.5,-0.0037774746,0.9675691
0.8013103,0.93825847,0.5,1.0,1.0,1.5,-0.00047385227,0.9843394
0.7697414,0.9298797,0.5,1.0,1.0,1.5,-0.0033425954,0.9172013
0.74774134,0.93177223,0.5,1.0,1.0,1.5,-0.0031900504,0.9757197
0.73152155,0.9401548,0.5,1.0,1.0,1.5,-0.0059340233,0.9875349
0.71803117,0.94113225,0.5,1.0,1.0,1.5,0.00021466264,1.0139147
0.6876024,0.9355616,0.5,1.0,1.0,1.5,-0.0074680224,0.9587867
0.66744816,0.9397116,0.5,1.0,1.0,1.5,-0.005722073,0.9679367
0.6453249,0.93313724,0.5,1.0,1.0,1.5,-0.0036881054,0.96792054
0.62904894,0.93746454,0.5,1.0,1.0,1.5,-0.0072379652,1.0099094
0.60294956,0.94343567,0.5,1.0,1.0,1.5,-0.003619962,0.97783256
0.58223623,0.9403839,0.5,1.0,1.0,1.5,-0.005908074,0.97832394
0.56047404,0.93715817,0.5,1.0,1.0,1.5,0.0025506085,0.9245027
0.54763997,0.9400845,0.5,1.0,1.0,1.5,-0.0028272448,1.0083222
0.51929367,0.9358261,0.5,1.0,1.0,1.5,0.000743482,0.9902952
0.49719107,0.93203324,0.5,1.0,1.0,1.5,-0.0049473215,0.9325092
0.48230666,0.93764186,0.5,1.0,1.0,1.5,0.00041899644,0.9131296
0.4559211,0.9401385,0.5,1.0,1.0,1.5,-0.0037774858,0.9711916
0.43787906,0.9393089,0.5,1.0,1.0,1.5,0.0007524977,0.97192764
0.41838983,0.93941873,0.5,1.0,1.0,1.5,-0.00021543493,0.9935918
0.39380637,0.9309154,0.5,1.0,1.0,1.5,0.004105706,0.9340036
0.37801096,0.93644726,0.5,1.0,1.0,1.5,0.0048957113,0.9462102
0.35249627,0.94345593,0.5,1.0,1.0,1.5,0.0036744268,0.94107115
0.33175418,0.940404,0.5,1.0,1.0,1.5,0.0025241037,0.96356785
0.30983087,0.93566847,0.5,1.0,1.0,1.5,-0.0014945804,0.951897
0.29514635,0.93912596,0.5,1.0,1.0,1.5,0.005989538,0.94816583
0.2689909,0.9361649,0.5,1.0,1.0,1.5,0.005848442,0.9508441
0.2463843,0.9322114,0.5,1.0,1.0,1.5,0.007849023,0.9620831
0.23226604,0.93804646,0.5,1.0,1.0,1.5,0.0075320154,0.956887
0.20680416,0.93819547,0.5,1.0,1.0,1.5,0.009272305,0.98413944
0.18811177,0.9381554,0.5,1.0,1.0,1.5,0.0065649645,0.92722034
0.16841729,0.93883824,0.5,1.0,1.0,1.5,0.005979906,0.9100006
0.14357911,0.93033427,0.5,1.0,1.0,1.5,0.009957906,0.92146194
0.12727532,0.93545204,0.5,1.0,1.0,1.5,0.0128620295,0.9707171
0.10877651,0.94021255,0.5,1.0,1.0,1.5,0.011977929,0.95047
0.08116843,0.9357195,0.5,1.0,1.0,1.5,0.011048218,0.9477376
0.061206892,0.94208246,0.5,1.0,1.0,1.5,0.0094097955,0.9595343
0.041360054,0.93600464,0.5,1.0,1.0,1.5,0.010381217,0.89711845
0.017851522,0.93820095,0.5,1.0,1.0,1.5,0.015202595,0.9526322
0.9795268,0.9593001,0.5,1.0,1.0,1.5,-0.010775181,0.9644588
0.9594408,0.9581541,0.5,1.0,1.0,1.5,-0.010837177,0.94698846
0.9410115,0.957139,0.5,1.0,1.0,1.5,-0.009901205,0.9558724
0.91621715,0.9591328,0.5,1.0,1.0,1.5,-0.008262175,0.9671788
0.8960736,0.96193933,0.5,1.0,1.0,1.5,-0.003859607,0.9370512
0.874535,0.9572892,0.5,1.0,1.0,1.5,-0.001333544,1.0219828
0.8561382,0.9604367,0.5,1.0,1.0,1.5,-0.0050023235,0.9517691
0.830319,0.96156114,0.5,1.0,1.0,1.5,-0.0035131988,1.0003583
0.81340885,0.9516486,0.5,1.0,1.0,1.5,-0.0038902974,0.9975767
0.7854155,0.9571601,0.5,1.0,1.0,1.5,0.0009611435,1.0091324
0.7676516,0.95116544,0.5,1.0,1.0,1.5,-0.0034755487,1.0252742
0.7483584,0.95365226,0.5,1.0,1.0,1.5,-0.00395118,0.9730668
0.72817004,0.9536514,0.5,1.0,1.0,1.5,-0.0072716856,1.0172156
0.7044816,0.95399696,0.5,1.0,1.0,1.5,-0.0024056728,0.972973
0.69266766,0.95290196,0.5,1.0,1.0,1.5,-0.001785541,0.98877776
0.6675774,0.9589316,0.5,1.0,1.0,1.5,-0.00090213725,1.0101843
0.64673203,0.962552,0.5,1.0,1.0,1.5,-0.0037394739,0.98594826
0.62516135,0.9582778,0.5,1.0,1.0,1.5,-0.004315921,0.97551334
0.6069532,0.96156216,0.5,1.0,1.0,1.5,-0.006200321,0.97147703
0.5816594,0.962677,0.5,1.0,1.0,1.5,0.000752168,1.0195621
0.56571203,0.95308924,0.5,1.0,1.0,1.5,-0.007458006,0.936485
0.5371212,0.95765233,0.5,1.0,1.0,1.5,0.0014712559,0.93139505
0.5183337,0.9495763,0.5,1.0,1.0,1.5,-0.0019181333,0.93372154
0.4973554,0.9539404,0.5,1.0,1.0,1.5,-0.00029391865,0.93953013
0.4768467,0.95654047,0.5,1.0,1.0,1.5,-0.0013946779,0.9539008
0.45058724,0.95551336,0.5,1.0,1.0,1.5,-0.0020205881,0.9582925
0.44073364,0.9551175,0.5,1.0,1.0,1.5,-0.0019498831,0.94829106
0.4171071,0.9589641,0.5,1.0,1.0,1.5,2.0238338e-05,0.9498426
0.39640772,0.9622629,0.5,1.0,1.0,1.5,0.003747295,0.9960933
0.37491146,0.95817953,0.5,1.0,1.0,1.5,-0.00015839981,0.928133
0.35679716,0.9616742,0.5,1.0,1.0,1.5,0.0026121512,0.95926875
0.33143958,0.96269333,0.5,1.0,1.0,1.5,0.0035157655,0.94225985
0.31519815,0.9526004,0.5,1.0,1.0,1.5,0.0023262529,0.9280194
0.28677273,0.9578097,0.5,1.0,1.0,1.5,0.008661009,1.0063232
0.26805982,0.9497544,0.5,1.0,1.0,1.5,0.0029404499,0.93782127
0.24713182,0.9541013,0.5,1.0,1.0,1.5,0.006672943,0.9648526
0.22655638,0.9570351,0.5,1.0,1.0,1.5,0.0024632867,0.9871749
0.20135753,0.9552172,0.5,1.0,1.0,1.5,0.004937873,0.9406744
0.1911505,0.9546613,0.5,1.0,1.0,1.5,0.009145175,0.9526911
0.1670696,0.9586634,0.5,1.0,1.0,1.5,0.00020253938,0.96827364
0.14616367,0.96186894,0.5,1.0,1.0,1.5,0.005156212,0.98012793
0.12414378,0.9577496,0.5,1.0,1.0,1.5,0.0042248927,0.99902225
0.106511526,0.96253484,0.5,1.0,1.0,1.5,0.0030295947,0.9601481
0.08304882,0.96301603,0.5,1.0,1.0,1.5,0.007987031,0.9133832
0.06764378,0.96021587,0.5,1.0,1.0,1.5,0.005261277,0.97711957
0.04537822,0.9589141,0.5,1.0,1.0,1.5,0.0062236763,1.0118395
0.020285934,0.9576702,0.5,1.0,1.0,1.5,0.005207137,0.9004754
0.97965425,0.9797938,0.5,1.0,1.0,1.5,-0.0023206002,0.9661678
0.95113504,0.98155886,0.5,1.0,1.0,1.5,-0.0035052774,0.95870245
0.9309736,0.9765702,0.5,1.0,1.0,1.5,-0.0024237898,1.0232754
0.9096387,0.9794477,0.5,1.0,1.0,1.5,-0.0023603435,0.96682835
0.89065075,0.9769132,0.5,1.0,1.0,1.5,-0.0017179893,0.9799395
0.86881036,0.97926366,0.5,1.0,1.0,1.5,0.0009169681,1.0298479
0.84916073,0.98070276,0.5,1.0,1.0,1.5,-0.0001967221,0.9628868
0.8300404,0.9812297,0.5,1.0,1.0,1.5,-0.0064681806,0.9468302
0.81112826,0.9809556,0.5,1.0,1.0,1.5,-0.0042166295,1.0563977
0.79198736,0.9800248,0.5,1.0,1.0,1.5,-0.0001992574,0.9778064
0.77229345,0.97766685,0.5,1.0,1.0,1.5,0.0015422397,0.9576868
0.7485393,0.97792953,0.5,1.0,1.0,1.5,-0.0028639268,0.9959253
0.72090024,0.98340374,0.5,1.0,1.0,1.5,-0.0046419837,0.9394725
0.70317125,0.98143935,0.5,1.0,1.0,1.5,-0.00095223356,1.0234501
0.6827935,0.9755772,0.5,1.0,1.0,1.5,0.0026980145,1.004014
0.6602655,0.9792043,0.5,1.0,1.0,1.5,0.0061971648,0.9733197
0.6409158,0.9770606,0.5,1.0,1.0,1.5,-0.005490317,1.015166
0.61904764,0.9796129,0.5,1.0,1.0,1.5,0.001271642,0.996483
0.59947246,0.9811302,0.5,1.0,1.0,1.5,0.002033145,1.0034578
0.58049923,0.98172283,0.5,1.0,1.0,1.5,0.0010374894,1.0233698
0.56170666,0.98135644,0.5,1.0,1.0,1.5,0.00170276,0.9721364
0.5425841,0.9802162,0.5,1.0,1.0,1.5,-7.832842e-05,0.9572054
0.5227017,0.97772384,0.5,1.0,1.0,1.5,-0.0022247336,0.96178347
0.49880096,0.97840655,0.5,1.0,1.0,1.5,-0.0034452379,0.96058893
0.47106746,0.982553,0.5,1.0,1.0,1.5,0.00077460334,0.9512442
0.4529074,0.9810808,0.5,1.0,1.0,1.5,-0.00049945153,1.0103496
0.43223986,0.97590095,0.5,1.0,1.0,1.5,-4.5779627e-05,0.9496007
0.409999,0.97930396,0.5,1.0,1.0,1.5,0.0040746653,0.94575185
0.39078194,0.9770833,0.5,1.0,1.0,1.5,-0.0042540617,1.0004098
0.36897483,0.97968495,0.5,1.0,1.0,1.5,3.8646394e-05,0.91323435
0.349405,0.98120606,0.5,1.0,1.0,1.5,0.0033856696,0.98289156
0.33041704,0.98175085,0.5,1.0,1.0,1.5,0.007383604,0.96040297
0.3116081,0.9813464,0.5,1.0,1.0,1.5,0.0035885205,0.9584781
0.29252094,0.9802215,0.5,1.0,1.0,1.5,0.00064824754,0.9993993
0.27265978,0.97775835,0.5,1.0,1.0,1.5,-0.0018777438,0.96738267
0.24878024,0.9784769,0.5,1.0,1.0,1.5,0.0036400221,0.97795403
0.22113234,0.9826979,0.5,1.0,1.0,1.5,0.0007500793,0.9981176
0.20292245,0.981148,0.5,1.0,1.0,1.5,0.0021037129,1.0104239
0.18224493,0.9758093,0.5,1.0,1.0,1.5,0.0014453332,0.950008
0.15993877,0.97920686,0.5,1.0,1.0,1.5,-0.00026231306,1.0012698
0.14064492,0.9769518,0.5,1.0,1.0,1.5,-0.0011422136,0.9790679
0.11894498,0.9797653,0.5,1.0,1.0,1.5,0.0016794055,1.0084724
0.099744804,0.9813543,0.5,1.0,1.0,1.5,0.0023070483,0.8940885
0.080927834,0.98133755,0.5,1.0,1.0,1.5,0.0027371338,0.9712945
0.06211111,0.98015696,0.5,1.0,1.0,1.5,0.0042861407,0.9067683
0.041890025,0.97562945,0.5,1.0,1.0,1.5,0.00014447374,0.93304265
0.01998495,0.97903305,0.5,1.0,1.0,1.5,0.0077300947,0.991403
0.6132601,0.2599246,0.5,1.0,1.0,1.5,-0.03216222,0.26372144
0.6013735,0.2871339,0.5,1.0,1.0,1.5,-0.04356896,0.3084817
0.58824766,0.30212224,0.5,1.0,1.0,1.5,-0.03255299,0.40951508
0.5807464,0.3086975,0.5,1.0,1.0,1.5,-0.034701556,0.45304042
0.5644904,0.3202493,0.5,1.0,1.0,1.5,-0.030482348,0.44835353
0.54707134,0.32996935,0.5,1.0,1.0,1.5,-0.023886433,0.52571654
0.53805304,0.3342364,0.5,1.0,1.0,1.5,-0.019755926,0.55671656
0.519563,0.34173024,0.5,1.0,1.0,1.5,-0.015466921,0.5761037
0.510138,0.34500322,0.5,1.0,1.0,1.5,-0.01717376,0.5806157
0.4813414,0.35313955,0.5,1.0,1.0,1.5,-0.012675624,0.5974164
0.4519983,0.3590184,0.5,1.0,1.0,1.5,-0.0062677944,0.6519808
0.43224004,0.36180303,0.5,1.0,1.0,1.5,0.00050634495,0.6970215
0.40242428,0.36439037,0.5,1.0,1.0,1.5,0.0060968897,0.6631719
0.3824829,0.36509362,0.5,1.0,1.0,1.5,0.012047993,0.6876453
0.35255814,0.36464188,0.5,1.0,1.0,1.5,0.023850488,0.7080661
0.3326476,0.3633299,0.5,1.0,1.0,1.5,0.037502732,0.6285718
0.3128092,0.3611883,0.5,1.0,1.0,1.5,0.040306035,0.6553167
0.283277,0.35634392,0.5,1.0,1.0,1.5,0.048158858,0.61651784
0.25417504,0.34937292,0.5,1.0,1.0,1.5,0.054519188,0.6288611
0.23513652,0.3434041,0.5,1.0,1.0,1.5,0.056426827,0.6236341
0.22576569,0.3399792,0.5,1.0,1.0,1.5,0.059981946,0.5554705
0.20741601,0.33214897,0.5,1.0,1.0,1.5,0.06357283,0.5481063
0.18977389,0.32283828,0.5,1.0,1.0,1.5,0.06312232,0.52215344
0.18131682,0.31754622,0.5,1.0,1.0,1.5,0.06760838,0.5504
0.16544004,0.3054816,0.5,1.0,1.0,1.5,0.06518904,0.47789353
0.15162073,0.29112342,0.5,1.0,1.0,1.5,0.06304547,0.42398602
0.14118136,0.27417848,0.5,1.0,1.0,1.5,0.06451717,0.36314714
0.13607395,0.25498208,0.5,1.0,1.0,1.5,0.06362979,0.4039697
0.13783112,0.23520897,0.5,1.0,1.0,1.5,0.05830104,0.25827217
0.14586757,0.21702166,0.5,1.0,1.0,1.5,0.05274851,0.24488705
0.15820682,0.20138682,0.5,1.0,1.0,1.5,0.048634004,0.21159571
0.16544004,0.19451837,0.5,1.0,1.0,1.5,0.04478102,0.2078003
0.18131682,0.18245377,0.5,1.0,1.0,1.5,0.043625955,0.15470228
0.19848922,0.17230622,0.5,1.0,1.0,1.5,0.0377831,0.13128471
0.21651779,0.16376483,0.5,1.0,1.0,1.5,0.03608894,0.03495109
0.23513652,0.15659587,0.5,1.0,1.0,1.5,0.028452558,0.053593367
0.25417504,0.15062709,0.5,1.0,1.0,1.5,0.024112059,0.043080628
0.27351797,0.1457316,0.5,1.0,1.0,1.5,0.018706452,0.010731161
0.2930832,0.14181592,0.5,1.0,1.0,1.5,0.013499703,0.014891446
0.3128092,0.1388117,0.5,1.0,1.0,1.5,0.013783213,-0.012243032
0.322717,0.13763547,0.5,1.0,1.0,1.5,0.0077197966,0.0011407137
0.3425961,0.13591193,0.5,1.0,1.0,1.5,0.006924842,-0.008956015
0.36252934,0.13500667,0.5,1.0,1.0,1.5,0.0043723756,0.049774468
0.3824829,0.13490638,0.5,1.0,1.0,1.5,0.0076559624,0.026022255
0.39245713,0.1351572,0.5,1.0,1.0,1.5,0.004574925,0.048972666
0.4123801,0.13626531,0.5,1.0,1.0,1.5,-0.0049745766,0.0099538565
0.43224004,0.13819696,0.5,1.0,1.0,1.5,-0.010028821,0.0046691895
0.4519983,0.14098161,0.5,1.0,1.0,1.5,-0.00655903,0.031068325
0.47160888,0.14466386,0.5,1.0,1.0,1.5,-0.009472061,0.02065891
0.4813414,0.14686044,0.5,1.0,1.0,1.5,-0.011425109,-0.016000628
0.50061697,0.15201436,0.5,1.0,1.0,1.5,-0.011116907,0.0716857
0.519563,0.15826976,0.5,1.0,1.0,1.5,-0.010403385,0.05316651
0.53805304,0.16576357,0.5,1.0,1.0,1.5,-0.016873663,0.045919836
0.5644904,0.17975071,0.5,1.0,1.0,1.5,-0.014359569,0.07670665
0.5807464,0.1913025,0.5,1.0,1.0,1.5,-0.01511728,0.12666747
0.58824766,0.19787776,0.5,1.0,1.0,1.5,-0.024689829,0.15534976
0.6013735,0.2128661,0.5,1.0,1.0,1.5,-0.021403199,0.23523131
0.60662526,0.22134197,0.5,1.0,1.0,1.5,-0.027310755,0.19051993
0.6132601,0.24007541,0.5,1.0,1.0,1.5,-0.031514745,0.19812611
0.7400754,0.8632601,0.5,1.0,1.0,1.5,-0.009935013,0.9955857
0.7128661,0.8513735,0.5,1.0,1.0,1.5,-0.0015668208,0.9336917
0.69787776,0.83824766,0.5,1.0,1.0,1.5,0.00027974462,0.9319334
0.6913025,0.8307464,0.5,1.0,1.0,1.5,0.0021444035,0.91932774
0.67975074,0.8144904,0.5,1.0,1.0,1.5,0.0027650483,0.9139017
0.67003065,0.79707134,0.5,1.0,1.0,1.5,0.0011612526,0.8990911
0.66576356,0.78805304,0.5,1.0,1.0,1.5,-0.0011084485,0.907509
0.65826976,0.769563,0.5,1.0,1.0,1.5,-0.00038167788,0.8629099
0.6549968,0.760138,0.5,1.0,1.0,1.5,0.004528965,0.8855742
0.6468604,0.7313414,0.5,1.0,1.0,1.5,0.006446102,0.8141713
0.6409816,0.7019983,0.5,1.0,1.0,1.5,0.009332396,0.7907079
0.63819695,0.68224007,0.5,1.0,1.0,1.5,0.013206455,0.7921721
0.6356096,0.6524243,0.5,1.0,1.0,1.5,0.015026509,0.7846548
0.6349064,0.6324829,0.5,1.0,1.0,1.5,0.02228419,0.69615054
0.6353581,0.60255814,0.5,1.0,1.0,1.5,0.016845547,0.69974005
0.6366701,0.58264756,0.5,1.0,1.0,1.5,0.022533722,0.6324631
0.6388117,0.5628092,0.5,1.0,1.0,1.5,0.022603747,0.63050556
0.6436561,0.53327703,0.5,1.0,1.0,1.5,0.020637792,0.61229455
0.6506271,0.504175,0.5,1.0,1.0,1.5,0.02349482,0.6078089
0.6565959,0.48513654,0.5,1.0,1.0,1.5,0.018913278,0.5409778
0.6600208,0.47576568,0.5,1.0,1.0,1.5,0.013695705,0.5227612
0.66785103,0.457416,0.5,1.0,1.0,1.5,0.008604183,0.45606574
0.67716175,0.4397739,0.5,1.0,1.0,1.5,-0.00050101336,0.48525548
0.68245375,0.43131682,0.5,1.0,1.0,1.5,-0.00035204925,0.42514566
0.6945184,0.41544002,0.5,1.0,1.0,1.5,-0.0047210157,0.4220104
0.7088766,0.40162075,0.5,1.0,1.0,1.5,-0.008979527,0.35561815
0.72582155,0.39118135,0.5,1.0,1.0,1.5,-0.019666608,0.39684457
0.74501795,0.38607395,0.5,1.0,1.0,1.5,-0.014169171,0.4096281
0.764791,0.38783112,0.5,1.0,1.0,1.5,-0.025903504,0.32274327
0.78297836,0.3958676,0.5,1.0,1.0,1.5,-0.037948325,0.2954828
0.7986132,0.40820682,0.5,1.0,1.0,1.5,-0.03440965,0.3257772
0.8054816,0.41544002,0.5,1.0,1.0,1.5,-0.038794897,0.3349589
0.81754625,0.43131682,0.5,1.0,1.0,1.5,-0.04681857,0.33374268
0.82769376,0.44848922,0.5,1.0,1.0,1.5,-0.037430014,0.43068272
0.83623517,0.46651778,0.5,1.0,1.0,1.5,-0.045937695,0.39264017
0.8434041,0.48513654,0.5,1.0,1.0,1.5,-0.04827853,0.45413104
0.8493729,0.504175,0.5,1.0,1.0,1.5,-0.047492143,0.44256043
0.85426843,0.52351797,0.5,1.0,1.0,1.5,-0.05180156,0.456896
0.8581841,0.5430832,0.5,1.0,1.0,1.5,-0.05584375,0.52319914
0.8611883,0.5628092,0.5,1.0,1.0,1.5,-0.046298146,0.53612745
0.86236453,0.572717,0.5,1.0,1.0,1.5,-0.054024022,0.5818375
0.86408806,0.5925961,0.5,1.0,1.0,1.5,-0.054217905,0.5747653
0.86499333,0.61252934,0.5,1.0,1.0,1.5,-0.047796994,0.60690475
0.8650936,0.6324829,0.5,1.0,1.0,1.5,-0.05256398,0.54124033
0.8648428,0.6424571,0.5,1.0,1.0,1.5,-0.054191917,0.659436
0.86373466,0.6623801,0.5,1.0,1.0,1.5,-0.051717646,0.65580183
0.86180305,0.68224007,0.5,1.0,1.0,1.5,-0.04724435,0.70268345
0.8590184,0.7019983,0.5,1.0,1.0,1.5,-0.047006603,0.68977606
0.8553361,0.7216089,0.5,1.0,1.0,1.5,-0.039079685,0.73787206
0.8531396,0.7313414,0.5,1.0,1.0,1.5,-0.040034246,0.7604487
0.8479856,0.75061697,0.5,1.0,1.0,1.5,-0.042750157,0.75242096
0.84173024,0.769563,0.5,1.0,1.0,1.5,-0.037366405,0.8164625
0.83423644,0.78805304,0.5,1.0,1.0,1.5,-0.03415569,0.7855844
0.82024926,0.8144904,0.5,1.0,1.0,1.5,-0.02493186,0.88162166
0.8086975,0.8307464,0.5,1.0,1.0,1.5,-0.023026789,0.90003884
0.80212224,0.83824766,0.5,1.0,1.0,1.5,-0.018165005,0.9231751
0.7871339,0.8513735,0.5,1.0,1.0,1.5,-0.015110891,0.9302631
0.77865803,0.85662526,0.5,1.0,1.0,1.5,-0.014499826,0.9684158
0.7599246,0.8632601,0.5,1.0,1.0,1.5,-0.010474517,0.98343205
0.99,0.0,0.5,1.0,1.0,1.5,-0.0016622297,0.5172691
0.97,0.0,0.5,1.0,1.0,1.5,0.0027682222,0.48213944
0.95,0.0,0.5,1.0,1.0,1.5,-0.00059597753,0.5132237
0.93,0.0,0.5,1.0,1.0,1.5,0.00040268293,0.5257392
0.91,0.0,0.5,1.0,1.0,1.5,-0.0018126764,0.46158952
0.89,0.0,0.5,1.0,1.0,1.5,0.00053991075,0.51202923
0.88,0.0,0.5,1.0,1.0,1.5,-0.002677904,0.49736637
0.86,0.0,0.5,1.0,1.0,1.5,0.00027783774,0.509429
0.84,0.0,0.5,1.0,1.0,1.5,0.0012274387,0.51139504
0.82,0.0,0.5,1.0,1.0,1.5,0.00022140681,0.51291466
0.8,0.0,0.5,1.0,1.0,1.5,0.001787345,0.47424695
0.78,0.0,0.5,1.0,1.0,1.5,0.0025094668,0.5017472
0.76,0.0,0.5,1.0,1.0,1.5,-0.00046582008,0.5220154
0.74,0.0,0.5,1.0,1.0,1.5,0.000586316,0.504611
0.72,0.0,0.5,1.0,1.0,1.5,0.0010993804,0.4875434
0.7,0.0,0.5,1.0,1.0,1.5,0.0012208442,0.5086578
0.68,0.0,0.5,1.0,1.0,1.5,0.0034190512,0.5263102
0.66,0.0,0.5,1.0,1.0,1.5,-0.0006569023,0.50036454
0.64,0.0,0.5,1.0,1.0,1.5,0.002325649,0.5129117
0.63,0.0,0.5,1.0,1.0,1.5,-0.0015513045,0.4473534
0.61,0.0,0.5,1.0,1.0,1.5,0.0016174178,0.5141047
0.59,0.0,0.5,1.0,1.0,1.5,0.0020209441,0.5196533
0.57,0.0,0.5,1.0,1.0,1.5,0.0012871122,0.53758717
0.55,0.0,0.5,1.0,1.0,1.5,0.0023699147,0.5042624
0.53,0.0,0.5,1.0,1.0,1.5,-0.0001749706,0.5013877
0.51,0.0,0.5,1.0,1.0,1.5,-0.00027637044,0.5149927
0.49,0.0,0.5,1.0,1.0,1.5,-0.0016619302,0.5172673
0.47,0.0,0.5,1.0,1.0,1.5,0.0027690502,0.48214018
0.45,0.0,0.5,1.0,1.0,1.5,-0.00059577404,0.5132234
0.43,0.0,0.5,1.0,1.0,1.5,0.00040378398,0.5257399
0.41,0.0,0.5,1.0,1.0,1.5,-0.0018130206,0.46158764
0.39,0.0,0.5,1.0,1.0,1.5,0.0005398458,0.51203024
0.38,0.0,0.5,1.0,1.0,1.5,-0.0026777964,0.49737513
0.36,0.0,0.5,1.0,1.0,1.5,0.000277831,0.50942904
0.34,0.0,0.5,1.0,1.0,1.5,0.0012264014,0.5113987
0.32,0.0,0.5,1.0,1.0,1.5,0.00022146315,0.5129152
0.3,0.0,0.5,1.0,1.0,1.5,0.0017867857,0.47424966
0.28,0.0,0.5,1.0,1.0,1.5,0.002509721,0.5017465
0.26,0.0,0.5,1.0,1.0,1.5,-0.00046591228,0.5220138
0.24,0.0,0.5,1.0,1.0,1.5,0.0005862443,0.50461185
0.22,0.0,0.5,1.0,1.0,1.5,0.0011007241,0.48754615
0.2,0.0,0.5,1.0,1.0,1.5,0.0012205178,0.5086553
0.18,0.0,0.5,1.0,1.0,1.5,0.0034183017,0.5263106
0.16,0.0,0.5,1.0,1.0,1.5,-0.000656669,0.50036293
0.14,0.0,0.5,1.0,1.0,1.5,0.0023259327,0.51291263
0.13,0.0,0.5,1.0,1.0,1.5,-0.0015524491,0.44734907
0.11,0.0,0.5,1.0,1.0,1.5,0.0016176673,0.51410383
0.09,0.0,0.5,1.0,1.0,1.5,0.0020211418,0.51965207
0.07,0.0,0.5,1.0,1.0,1.5,0.0012872724,0.53758746
0.05,0.0,0.5,1.0,1.0,1.5,0.0023710516,0.50425553
0.03,0.0,0.5,1.0,1.0,1.5,-0.00017449353,0.5013903
0.01,0.0,0.5,1.0,1.0,1.5,-0.00027678045,0.51499355
1.0,0.99,0.5,1.0,1.0,1.5,-0.00089863455,0.7793405
1.0,0.97,0.5,1.0,1.0,1.5,8.039549e-05,0.7216415
1.0,0.95,0.5,1.0,1.0,1.5,0.0003158548,0.74142414
1.0,0.93,0.5,1.0,1.0,1.5,0.00017650495,0.72797555
1.0,0.91,0.5,1.0,1.0,1.5,0.0018192569,0.68852055
1.0,0.89,0.5,1.0,1.0,1.5,0.0017229723,0.67433715
1.0,0.88,0.5,1.0,1.0,1.5,-0.00083829276,0.6730709
1.0,0.86,0.5,1.0,1.0,1.5,0.0038465436,0.6397167
1.0,0.84,0.5,1.0,1.0,1.5,-0.0007569096,0.67425835
1.0,0.82,0.5,1.0,1.0,1.5,0.006597628,0.582861
1.0,0.8,0.5,1.0,1.0,1.5,0.0070509254,0.5324811
1.0,0.78,0.5,1.0,1.0,1.5,0.0064980797,0.58732194
1.0,0.76,0.5,1.0,1.0,1.5,0.0016447584,0.56363136
1.0,0.74,0.5,1.0,1.0,1.5,0.001976045,0.5228652
1.0,0.72,0.5,1.0,1.0,1.5,0.0010259452,0.5376294
1.0,0.7,0.5,1.0,1.0,1.5,7.465482e-05,0.4736111
1.0,0.68,0.5,1.0,1.0,1.5,-0.0011500712,0.4057734
1.0,0.66,0.5,1.0,1.0,1.5,0.0022522816,0.46917176
1.0,0.64,0.5,1.0,1.0,1.5,-0.0049794735,0.43140215
1.0,0.63,0.5,1.0,1.0,1.5,-0.0008562943,0.42772517
1.0,0.61,0.5,1.0,1.0,1.5,-0.0057852846,0.37648124
1.0,0.59,0.5,1.0,1.0,1.5,-0.006199224,0.36686337
1.0,0.57,0.5,1.0,1.0,1.5,-0.0022857985,0.2727896
1.0,0.55,0.5,1.0,1.0,1.5,0.0005536191,0.35215563
1.0,0.53,0.5,1.0,1.0,1.5,-0.0045643765,0.28250572
1.0,0.51,0.5,1.0,1.0,1.5,-3.944128e-05,0.2659746
1.0,0.49,0.5,1.0,1.0,1.5,-0.0008986234,0.77934176
1.0,0.47,0.5,1.0,1.0,1.5,8.280296e-05,0.72165155
1.0,0.45,0.5,1.0,1.0,1.5,0.00031554,0.741427
1.0,0.43,0.5,1.0,1.0,1.5,0.0001765634,0.7279715
1.0,0.41,0.5,1.0,1.0,1.5,0.0018182729,0.6884939
1.0,0.39,0.5,1.0,1.0,1.5,0.0017226803,0.67434174
1.0,0.38,0.5,1.0,1.0,1.5,-0.00083815074,0.67308456
1.0,0.36,0.5,1.0,1.0,1.5,0.0038465322,0.6397159
1.0,0.34,0.5,1.0,1.0,1.5,-0.00075669494,0.67425233
1.0,0.32,0.5,1.0,1.0,1.5,0.006597506,0.58285916
1.0,0.3,0.5,1.0,1.0,1.5,0.007050962,0.532481
1.0,0.28,0.5,1.0,1.0,1.5,0.0064983107,0.5873209
1.0,0.26,0.5,1.0,1.0,1.5,0.0016449135,0.5636298
1.0,0.24,0.5,1.0,1.0,1.5,0.0019759936,0.52286667
1.0,0.22,0.5,1.0,1.0,1.5,0.0010245428,0.53764105
1.0,0.2,0.5,1.0,1.0,1.5,7.484062e-05,0.4736067
1.0,0.18,0.5,1.0,1.0,1.5,-0.0011495985,0.4057797
1.0,0.16,0.5,1.0,1.0,1.5,0.002252718,0.46917167
1.0,0.14,0.5,1.0,1.0,1.5,-0.004980348,0.43138966
1.0,0.13,0.5,1.0,1.0,1.5,-0.00085604656,0.42772743
1.0,0.11,0.5,1.0,1.0,1.5,-0.005785413,0.37648028
1.0,0.09,0.5,1.0,1.0,1.5,-0.006199003,0.36687022
1.0,0.07,0.5,1.0,1.0,1.5,-0.0022859215,0.27279127
1.0,0.05,0.5,1.0,1.0,1.5,0.00055403425,0.35216936
1.0,0.03,0.5,1.0,1.0,1.5,-0.0045642955,0.28250498
1.0,0.01,0.5,1.0,1.0,1.5,-3.9323e-05,0.26597512
0.01,1.0,0.5,1.0,1.0,1.5,-0.00027578557,0.5149967
0.03,1.0,0.5,1.0,1.0,1.5,-0.00017501088,0.5013865
0.05,1.0,0.5,1.0,1.0,1.5,0.0023711151,0.5042552
0.07,1.0,0.5,1.0,1.0,1.5,0.0012863572,0.53758824
0.09,1.0,0.5,1.0,1.0,1.5,0.0020222545,0.5196587
0.11,1.0,0.5,1.0,1.0,1.5,0.0016176548,0.51410395
0.12,1.0,0.5,1.0,1.0,1.5,-0.0006800196,0.516724
0.14,1.0,0.5,1.0,1.0,1.5,0.0023260035,0.51290786
0.16,1.0,0.5,1.0,1.0,1.5,-0.00065758685,0.5003567
0.18,1.0,0.5,1.0,1.0,1.5,0.0034181646,0.5263034
0.2,1.0,0.5,1.0,1.0,1.5,0.0012202279,0.5086525
0.22,1.0,0.5,1.0,1.0,1.5,0.0011019437,0.48754695
0.24,1.0,0.5,1.0,1.0,1.5,0.00058553834,0.504618
0.26,1.0,0.5,1.0,1.0,1.5,-0.00046611112,0.5220128
0.28,1.0,0.5,1.0,1.0,1.5,0.0025096496,0.50174683
0.3,1.0,0.5,1.0,1.0,1.5,0.0017851819,0.4742463
0.32,1.0,0.5,1.0,1.0,1.5,0.00022114371,0.5129173
0.34,1.0,0.5,1.0,1.0,1.5,0.0012265879,0.51139677
0.36,1.0,0.5,1.0,1.0,1.5,0.00027770433,0.5094264
0.37,1.0,0.5,1.0,1.0,1.5,-0.00034205802,0.52684957
0.39,1.0,0.5,1.0,1.0,1.5,0.00053988653,0.51203084
0.41,1.0,0.5,1.0,1.0,1.5,-0.0018134196,0.46158826
0.43,1.0,0.5,1.0,1.0,1.5,0.00040357,0.5257399
0.45,1.0,0.5,1.0,1.0,1.5,-0.00059563573,0.51322496
0.47,1.0,0.5,1.0,1.0,1.5,0.0027688732,0.48213843
0.49,1.0,0.5,1.0,1.0,1.5,-0.0016615926,0.5172665
0.51,1.0,0.5,1.0,1.0,1.5,-0.0002753185,0.5149961
0.53,1.0,0.5,1.0,1.0,1.5,-0.0001754656,0.50138456
0.55,1.0,0.5,1.0,1.0,1.5,0.0023699268,0.5042618
0.57,1.0,0.5,1.0,1.0,1.5,0.001286217,0.5375888
0.59,1.0,0.5,1.0,1.0,1.5,0.0020220987,0.51965946
0.61,1.0,0.5,1.0,1.0,1.5,0.0016173585,0.51410496
0.62,1.0,0.5,1.0,1.0,1.5,-0.0006796522,0.5167253
0.64,1.0,0.5,1.0,1.0,1.5,0.0023257553,0.5129068
0.66,1.0,0.5,1.0,1.0,1.5,-0.0006578495,0.5003582
0.68,1.0,0.5,1.0,1.0,1.5,0.0034188377,0.52630204
0.7,1.0,0.5,1.0,1.0,1.5,0.0012206165,0.508655
0.72,1.0,0.5,1.0,1.0,1.5,0.0011006915,0.48754397
0.74,1.0,0.5,1.0,1.0,1.5,0.00058558653,0.5046171
0.76,1.0,0.5,1.0,1.0,1.5,-0.00046600634,0.5220139
0.78,1.0,0.5,1.0,1.0,1.5,0.002509328,0.50174755
0.8,1.0,0.5,1.0,1.0,1.5,0.0017858193,0.4742429
0.82,1.0,0.5,1.0,1.0,1.5,0.00022113067,0.51291686
0.84,1.0,0.5,1.0,1.0,1.5,0.0012275176,0.51139355
0.86,1.0,0.5,1.0,1.0,1.5,0.00027764775,0.50942665
0.87,1.0,0.5,1.0,1.0,1.5,-0.00034227897,0.52685064
0.89,1.0,0.5,1.0,1.0,1.5,0.0005399415,0.5120306
0.91,1.0,0.5,1.0,1.0,1.5,-0.0018131942,0.4615904
0.93,1.0,0.5,1.0,1.0,1.5,0.00040251738,0.5257394
0.95,1.0,0.5,1.0,1.0,1.5,-0.00059578987,0.51322526
0.97,1.0,0.5,1.0,1.0,1.5,0.0027680045,0.48213744
0.99,1.0,0.5,1.0,1.0,1.5,-0.0016618962,0.5172683
0.0,0.01,0.5,1.0,1.0,1.5,-3.9126026e-05,0.26596987
0.0,0.03,0.5,1.0,1.0,1.5,-0.0045641335,0.28250474
0.0,0.05,0.5,1.0,1.0,1.5,0.0005541602,0.35217488
0.0,0.07,0.5,1.0,1.0,1.5,-0.002286553,0.27279082
0.0,0.09,0.5,1.0,1.0,1.5,-0.006199399,0.36685804
0.0,0.11,0.5,1.0,1.0,1.5,-0.0057847956,0.37647945
0.0,0.12,0.5,1.0,1.0,1.5,-0.008849342,0.3483853
0.0,0.14,0.5,1.0,1.0,1.5,-0.0049800063,0.43138307
0.0,0.16,0.5,1.0,1.0,1.5,0.002252489,0.46916738
0.0,0.18,0.5,1.0,1.0,1.5,-0.0011495766,0.4057777
0.0,0.2,0.5,1.0,1.0,1.5,7.463549e-05,0.4736058
0.0,0.22,0.5,1.0,1.0,1.5,0.001024673,0.5376323
0.0,0.24,0.5,1.0,1.0,1.5,0.0019762185,0.5228641
0.0,0.26,0.5,1.0,1.0,1.5,0.0016454638,0.5636224
0.0,0.28,0.5,1.0,1.0,1.5,0.0064984793,0.58732504
0.0,0.3,0.5,1.0,1.0,1.5,0.007051116,0.532458
0.0,0.32,0.5,1.0,1.0,1.5,0.006598714,0.5828539
0.0,0.34,0.5,1.0,1.0,1.5,-0.00075645046,0.6742553
0.0,0.36,0.5,1.0,1.0,1.5,0.0038462824,0.6397165
0.0,0.37,0.5,1.0,1.0,1.5,0.00396357,0.6510455
0.0,0.39,0.5,1.0,1.0,1.5,0.0017227362,0.67434174
0.0,0.41,0.5,1.0,1.0,1.5,0.0018188308,0.68850297
0.0,0.43,0.5,1.0,1.0,1.5,0.00017691706,0.72796005
0.0,0.45,0.5,1.0,1.0,1.5,0.00031479774,0.74142873
0.0,0.47,0.5,1.0,1.0,1.5,8.2677696e-05,0.72165066
0.0,0.49,0.5,1.0,1.0,1.5,-0.00090006087,0.7793396
0.0,0.51,0.5,1.0,1.0,1.5,-3.9300416e-05,0.2659693
0.0,0.53,0.5,1.0,1.0,1.5,-0.00456425,0.28250584
0.0,0.55,0.5,1.0,1.0,1.5,0.0005536855,0.352161
0.0,0.57,0.5,1.0,1.0,1.5,-0.0022865068,0.27279058
0.0,0.59,0.5,1.0,1.0,1.5,-0.0061995713,0.36685216
0.0,0.61,0.5,1.0,1.0,1.5,-0.0057847407,0.37647945
0.0,0.62,0.5,1.0,1.0,1.5,-0.008849113,0.34838545
0.0,0.64,0.5,1.0,1.0,1.5,-0.0049791895,0.43139473
0.0,0.66,0.5,1.0,1.0,1.5,0.0022520442,0.4691674
0.0,0.68,0.5,1.0,1.0,1.5,-0.0011500358,0.40577218
0.0,0.7,0.5,1.0,1.0,1.5,7.441733e-05,0.47361058
0.0,0.72,0.5,1.0,1.0,1.5,0.0010261524,0.53761965
0.0,0.74,0.5,1.0,1.0,1.5,0.001976234,0.52286345
0.0,0.76,0.5,1.0,1.0,1.5,0.0016452869,0.56362313
0.0,0.78,0.5,1.0,1.0,1.5,0.006498203,0.58732617
0.0,0.8,0.5,1.0,1.0,1.5,0.007051022,0.532458
0.0,0.82,0.5,1.0,1.0,1.5,0.00659885,0.58285534
0.0,0.84,0.5,1.0,1.0,1.5,-0.0007566535,0.67426115
0.0,0.86,0.5,1.0,1.0,1.5,0.003846287,0.6397166
0.0,0.87,0.5,1.0,1.0,1.5,0.0039630732,0.6510517
0.0,0.89,0.5,1.0,1.0,1.5,0.0017229969,0.6743374
0.0,0.91,0.5,1.0,1.0,1.5,0.0018198029,0.6885297
0.0,0.93,0.5,1.0,1.0,1.5,0.00017689122,0.727964
0.0,0.95,0.5,1.0,1.0,1.5,0.00031503057,0.7414267
0.0,0.97,0.5,1.0,1.0,1.5,8.026883e-05,0.72164065
0.0,0.99,0.5,1.0,1.0,1.5,-0.00090006646,0.7793379
0.129212,0.267732,0.5,1.0,1.0,1.5,0.062044583,0.36223003
0.74404204,0.37586167,0.5,1.0,1.0,1.5,-0.02323185,0.34322056
0.7682574,0.37774622,0.5,1.0,1.0,1.5,-0.028171774,0.30544192
0.12767825,0.23226988,0.5,1.0,1.0,1.5,0.05719946,0.29247922
0.6204847,0.22089618,0.5,1.0,1.0,1.5,-0.027336035,0.20266098
0.77935016,0.871229,0.5,1.0,1.0,1.5,-0.009379292,0.9315206
0.6156345,0.28285626,0.5,1.0,1.0,1.5,-0.03320693,0.4051016
0.7171365,0.86559707,0.5,1.0,1.0,1.5,-0.0037357216,0.9602355
0.13601553,0.29058382,0.5,1.0,1.0,1.5,0.061404426,0.45599157
0.13645053,0.21064839,0.5,1.0,1.0,1.5,0.049857218,0.20964071
0.7901671,0.3867822,0.5,1.0,1.0,1.5,-0.035200138,0.26486972
0.7104796,0.3836183,0.5,1.0,1.0,1.5,-0.021743916,0.3565942
0.7061247,0.86118096,0.5,1.0,1.0,1.5,-0.0079497,0.99828386
0.61116225,0.2939233,0.5,1.0,1.0,1.5,-0.037029207,0.33674857
0.6145205,0.21426304,0.5,1.0,1.0,1.5,-0.022872673,0.22303188
0.7863617,0.8653256,0.5,1.0,1.0,1.5,-0.01703566,0.915335
0.70117146,0.39265403,0.5,1.0,1.0,1.5,-0.012779061,0.43439564
0.14512433,0.2982355,0.5,1.0,1.0,1.5,0.06239129,0.39284277
0.79790723,0.39541122,0.5,1.0,1.0,1.5,-0.036929604,0.3022595
0.14532425,0.20303163,0.5,1.0,1.0,1.5,0.046520043,0.22984764
0.6084483,0.20658287,0.5,1.0,1.0,1.5,-0.025619525,0.15929556
0.79403937,0.8590759,0.5,1.0,1.0,1.5,-0.014703343,0.9494407
0.60195297,0.30070874,0.5,1.0,1.0,1.5,-0.035877757,0.30380756
0.69936085,0.85199183,0.5,1.0,1.0,1.5,-0.0052814772,0.97868
0.1523093,0.19559531,0.5,1.0,1.0,1.5,0.045059346,0.191441
0.15267366,0.305343,0.5,1.0,1.0,1.5,0.06471026,0.44620752
0.6931222,0.40068343,0.5,1.0,1.0,1.5,-0.012325775,0.3612793
0.80524814,0.40256312,0.5,1.0,1.0,1.5,-0.03291802,0.35510802
0.5954867,0.30870616,0.5,1.0,1.0,1.5,-0.032205693,0.4293692
0.6913966,0.84559053,0.5,1.0,1.0,1.5,-0.0061132144,0.95545983
0.80205196,0.85235775,0.5,1.0,1.0,1.5,-0.014465861,0.9465531
0.60211563,0.19849089,0.5,1.0,1.0,1.5,-0.01884519,0.19680727
0.68669325,0.40942895,0.5,1.0,1.0,1.5,-0.0057189157,0.40369797
0.1601727,0.31216437,0.5,1.0,1.0,1.5,0.061896347,0.49359497
0.81226856,0.4100295,0.5,1.0,1.0,1.5,-0.03939878,0.34944773
0.15941107,0.18832931,0.5,1.0,1.0,1.5,0.045028772,0.1292139
0.6814624,0.83941835,0.5,1.0,1.0,1.5,0.0011811792,0.9535233
0.589095,0.31864852,0.5,1.0,1.0,1.5,-0.02760163,0.45296177
0.5951083,0.18945715,0.5,1.0,1.0,1.5,-0.015502388,0.13075203
0.81102574,0.8449121,0.5,1.0,1.0,1.5,-0.01913216,0.943326
0.16686721,0.18132134,0.5,1.0,1.0,1.5,0.047101185,0.13343528
0.81899947,0.41786093,0.5,1.0,1.0,1.5,-0.039320786,0.35067153
0.16796693,0.31854606,0.5,1.0,1.0,1.5,0.060857967,0.46952528
0.68080074,0.41817737,0.5,1.0,1.0,1.5,0.00061081466,0.419217
0.5854048,0.18378647,0.5,1.0,1.0,1.5,-0.020087034,0.1762954
0.8165488,0.8351651,0.5,1.0,1.0,1.5,-0.019564968,0.9336697
0.5782079,0.32354927,0.5,1.0,1.0,1.5,-0.028796066,0.50999576
0.6761835,0.8285484,0.5,1.0,1.0,1.5,-0.00028679078,0.92590284
0.17466785,0.17466326,0.5,1.0,1.0,1.5,0.042298105,0.16077724
0.8255273,0.4259918,0.5,1.0,1.0,1.5,-0.04206432,0.41928586
0.6751971,0.42672402,0.5,1.0,1.0,1.5,0.0012464903,0.4547597
0.17610031,0.32442942,0.5,1.0,1.0,1.5,0.058169454,0.5116086
0.67089725,0.81948984,0.5,1.0,1.0,1.5,0.0025112613,0.94249237
0.5691439,0.3284489,0.5,1.0,1.0,1.5,-0.021228183,0.5831089
0.82259446,0.8272259,0.5,1.0,1.0,1.5,-0.019921957,0.9086044
0.577431,0.17771335,0.5,1.0,1.0,1.5,-0.017007403,0.11276546
0.18453938,0.32991868,0.5,1.0,1.0,1.5,0.054920465,0.5755974
0.6698707,0.43529242,0.5,1.0,1.0,1.5,-0.00069742836,0.4471221
0.831871,0.43448812,0.5,1.0,1.0,1.5,-0.04630433,0.382132
0.18312371,0.16825381,0.5,1.0,1.0,1.5,0.039734744,0.14880729
0.55240864,0.34015962,0.5,1.0,1.0,1.5,-0.018333673,0.49643505
0.65909696,0.80224454,0.5,1.0,1.0,1.5,0.0021427162,0.887756
0.5604387,0.16641101,0.5,1.0,1.0,1.5,-0.011616019,0.10159394
0.8339518,0.8102982,0.5,1.0,1.0,1.5,-0.029360238,0.8543503
0.55148464,0.16147055,0.5,1.0,1.0,1.5,-0.0109523665,0.06373513
0.8388608,0.80129874,0.5,1.0,1.0,1.5,-0.031364966,0.8678645
0.65176535,0.7926824,0.5,1.0,1.0,1.5,-0.0060364967,0.9116589
0.5429829,0.34779492,0.5,1.0,1.0,1.5,-0.018616123,0.54208696
0.84496355,0.4631566,0.5,1.0,1.0,1.5,-0.048835192,0.39652032
0.21225409,0.15375812,0.5,1.0,1.0,1.5,0.025672797,0.06163743
0.21071275,0.34520376,0.5,1.0,1.0,1.5,0.055586487,0.5801432
0.65511435,0.46160182,0.5,1.0,1.0,1.5,0.017633352,0.5790505
0.531073,0.3489467,0.5,1.0,1.0,1.5,-0.0157565,0.5352206
0.6509536,0.78090996,0.5,1.0,1.0,1.5,0.0047973734,0.88998103
0.8430616,0.79203534,0.5,1.0,1.0,1.5,-0.031194296,0.80499905
0.5422788,0.15716018,0.5,1.0,1.0,1.5,-0.01535113,0.02371049
0.65000737,0.4706037,0.5,1.0,1.0,1.5,0.015808746,0.61812526
0.2196584,0.35052323,0.5,1.0,1.0,1.5,0.055729605,0.57013065
0.22208524,0.1498187,0.5,1.0,1.0,1.5,0.023127658,0.088235795
0.8482244,0.47276655,0.5,1.0,1.0,1.5,-0.05012667,0.39573747
0.53281486,0.15321968,0.5,1.0,1.0,1.5,-0.011133856,0.061116695
0.8468688,0.78253275,0.5,1.0,1.0,1.5,-0.03763488,0.77640396
0.52104414,0.35106966,0.5,1.0,1.0,1.5,-0.0125615,0.5554499
0.6488141,0.770917,0.5,1.0,1.0,1.5,0.0019268021,0.87137175
0.2416963,0.35723656,0.5,1.0,1.0,1.5,0.052503854,0.5794352
0.64308685,0.4921653,0.5,1.0,1.0,1.5,0.026637992,0.65775913
0.50202984,0.35638678,0.5,1.0,1.0,1.5,-0.013742272,0.5544407
0.64333576,0.7520721,0.5,1.0,1.0,1.5,0.0021909215,0.8325231
0.24204993,0.14349455,0.5,1.0,1.0,1.5,0.018238043,0.10246459
0.85474265,0.4916535,0.5,1.0,1.0,1.5,-0.050795745,0.4273077
0.25190714,0.35905942,0.5,1.0,1.0,1.5,0.055684168,0.6058369
0.6411466,0.50216043,0.5,1.0,1.0,1.5,0.021084946,0.57528037
0.50417554,0.14236258,0.5,1.0,1.0,1.5,-0.0051977877,0.04137051
0.8575947,0.75397456,0.5,1.0,1.0,1.5,-0.03995676,0.74269766
0.4924529,0.3591452,0.5,1.0,1.0,1.5,-0.009979646,0.5986685
0.64064026,0.74254435,0.5,1.0,1.0,1.5,0.008852483,0.8286848
0.85801935,0.50112784,0.5,1.0,1.0,1.5,-0.04899166,0.4575709
0.25199467,0.14147753,0.5,1.0,1.0,1.5,0.019808868,0.060208827
0.26182434,0.36118773,0.5,1.0,1.0,1.5,0.048517667,0.62957925
0.6389329,0.51195085,0.5,1.0,1.0,1.5,0.02165471,0.6097277
0.8614229,0.74404794,0.5,1.0,1.0,1.5,-0.04035533,0.7828991
0.49418563,0.13859695,0.5,1.0,1.0,1.5,-0.009858021,0.03133446
0.6381535,0.7329158,0.5,1.0,1.0,1.5,0.0041127824,0.8584374
0.48278302,0.3617834,0.5,1.0,1.0,1.5,-0.007947011,0.5937779
0.26170656,0.13970183,0.5,1.0,1.0,1.5,0.015953436,-0.00031918287
0.63672674,0.5217171,0.5,1.0,1.0,1.5,0.02409057,0.6017628
0.8613193,0.5107351,0.5,1.0,1.0,1.5,-0.049187057,0.45318103
0.27165553,0.36334452,0.5,1.0,1.0,1.5,0.052783377,0.6605183
0.6358782,0.7231496,0.5,1.0,1.0,1.5,0.008245723,0.79447347
0.47297806,0.36419478,0.5,1.0,1.0,1.5,-0.005873694,0.62359697
0.48367587,0.1350167,0.5,1.0,1.0,1.5,-0.0066572325,0.01842624
0.86510587,0.73360884,0.5,1.0,1.0,1.5,-0.04321375,0.77501553
0.8642457,0.52050084,0.5,1.0,1.0,1.5,-0.0548248,0.45059404
0.2712147,0.13803856,0.5,1.0,1.0,1.5,0.016914677,-0.0005815029
0.2812921,0.3651843,0.5,1.0,1.0,1.5,0.04236501,0.61359733
0.63485545,0.5313238,0.5,1.0,1.0,1.5,0.02510806,0.5896988
0.46316338,0.36629352,0.5,1.0,1.0,1.5,0.0018866935,0.64117104
0.63380903,0.71332735,0.5,1.0,1.0,1.5,0.00897279,0.7958276
0.4724254,0.1329488,0.5,1.0,1.0,1.5,-0.002541402,0.051157385
0.8672987,0.7224083,0.5,1.0,1.0,1.5,-0.039911974,0.7602478
0.29088974,0.3667322,0.5,1.0,1.0,1.5,0.043395583,0.6777619
0.6332896,0.5409075,0.5,1.0,1.0,1.5,0.029094866,0.5576804
0.28052586,0.13611428,0.5,1.0,1.0,1.5,0.016750105,0.0096789
0.8656252,0.5306613,0.5,1.0,1.0,1.5,-0.054401398,0.5004215
0.86925185,0.7093844,0.5,1.0,1.0,1.5,-0.042438388,0.70601285
0.45958072,0.13111758,0.5,1.0,1.0,1.5,-0.006555685,-0.0033640862
0.45329544,0.3680485,0.5,1.0,1.0,1.5,0.0003052575,0.6157184
0.6319982,0.7034463,0.5,1.0,1.0,1.5,0.010440391,0.82364416
0.63152933,0.55064195,0.5,1.0,1.0,1.5,0.024066972,0.5981308
0.30063152,0.36848044,0.5,1.0,1.0,1.5,0.039089106,0.64381945
0.8664795,0.5401449,0.5,1.0,1.0,1.5,-0.05365375,0.49338982
0.2897166,0.13344125,0.5,1.0,1.0,1.5,0.014826888,-0.007349193
0.8750605,0.6974203,0.5,1.0,1.0,1.5,-0.05042066,0.7080412
0.4482334,0.12556934,0.5,1.0,1.0,1.5,-0.0037830407,0.027181566
0.44337717,0.36952582,0.5,1.0,1.0,1.5,0.0033362145,0.62740177
0.63046074,0.6935638,0.5,1.0,1.0,1.5,0.01169749,0.7952861
0.62990624,0.5601262,0.5,1.0,1.0,1.5,0.025495319,0.6293892
0.31011775,0.37009788,0.5,1.0,1.0,1.5,0.036353443,0.70281035
0.29891202,0.1298823,0.5,1.0,1.0,1.5,0.012451404,0.042093992
0.86958003,0.54945356,0.5,1.0,1.0,1.5,-0.05266507,0.5165985
0.42346743,0.37185746,0.5,1.0,1.0,1.5,0.008760717,0.6633925
0.4253794,0.12712686,0.5,1.0,1.0,1.5,-0.0031196368,0.040459096
0.62805027,0.6736497,0.5,1.0,1.0,1.5,0.014477,0.7200453
0.87211865,0.6739979,0.5,1.0,1.0,1.5,-0.05081843,0.6689635
0.32571205,0.37221795,0.5,1.0,1.0,1.5,0.030855156,0.69188786
0.6277848,0.5757179,0.5,1.0,1.0,1.5,0.020425132,0.64897174
0.87462634,0.65368986,0.5,1.0,1.0,1.5,-0.055106327,0.6350785
0.40351158,0.37352195,0.5,1.0,1.0,1.5,0.010122508,0.6901064
0.4023951,0.12375138,0.5,1.0,1.0,1.5,0.0013768629,0.008217692
0.6263777,0.6536324,0.5,1.0,1.0,1.5,0.016827866,0.76382196
0.3836085,0.37454975,0.5,1.0,1.0,1.5,0.017496118,0.6477491
0.6253921,0.633669,0.5,1.0,1.0,1.5,0.017947115,0.7095171
0.38185996,0.12523763,0.5,1.0,1.0,1.5,-0.0014428399,0.036508977
0.875569,0.6329285,0.5,1.0,1.0,1.5,-0.053793512,0.61992264
0.6247949,0.61386484,0.5,1.0,1.0,1.5,0.017933987,0.7354745
0.3638377,0.37518474,0.5,1.0,1.0,1.5,0.022468125,0.6447668
0.91954744,0.010132881,0.5,1.0,1.0,1.5,-0.007868646,-0.03759408
0.98985183,0.9195464,0.5,1.0,1.0,1.5,-0.018712139,0.85961616
0.11973831,0.9897961,0.5,1.0,1.0,1.5,-0.0013225968,0.9894382
0.009841331,0.0708785,0.5,1.0,1.0,1.5,0.021599703,0.09201118
0.0097480845,0.09067607,0.5,1.0,1.0,1.5,0.02418646,0.16272312
0.010626605,0.120492585,0.5,1.0,1.0,1.5,0.035481483,0.31743044
0.09014371,0.99075764,0.5,1.0,1.0,1.5,0.0010762466,0.99389553
0.07059049,0.9904525,0.5,1.0,1.0,1.5,0.0010312735,1.00321
0.08038213,0.99070084,0.5,1.0,1.0,1.5,-0.002638,0.97487694
0.099952884,0.9906463,0.5,1.0,1.0,1.5,-0.0018166546,0.9933898
0.109794885,0.99032223,0.5,1.0,1.0,1.5,-0.0025032614,0.9994435
0.00969553,0.080802925,0.5,1.0,1.0,1.5,0.026202662,0.22456652
0.0098995,0.100564055,0.5,1.0,1.0,1.5,0.029286655,0.21016765
0.010175765,0.1104772,0.5,1.0,1.0,1.5,0.028452646,0.28112242
0.0105613945,0.02013501,0.5,1.0,1.0,1.5,0.011734886,0.029925525
0.010114526,0.9897365,0.5,1.0,1.0,1.5,-0.0017499668,0.9779124
0.011061025,0.030371837,0.5,1.0,1.0,1.5,0.010517277,0.06426114
0.010898601,0.050802775,0.5,1.0,1.0,1.5,0.015962439,0.17207792
0.050819542,0.98941064,0.5,1.0,1.0,1.5,0.00069608586,0.9343634
0.030469308,0.98886347,0.5,1.0,1.0,1.5,0.00058879703,0.9854088
0.020205209,0.989372,0.5,1.0,1.0,1.5,0.000870334,0.9838166
0.040745955,0.9885274,0.5,1.0,1.0,1.5,0.00284427,0.96698415
0.06082912,0.9900477,0.5,1.0,1.0,1.5,0.002022493,1.0098184
0.01151589,0.040688388,0.5,1.0,1.0,1.5,0.017470289,0.042476952
0.010237813,0.060905885,0.5,1.0,1.0,1.5,0.02516394,0.36905873
0.5887501,0.010040103,0.5,1.0,1.0,1.5,0.0037303711,-0.00594908
0.4292375,0.009687093,0.5,1.0,1.0,1.5,-0.004074789,-0.04996568
0.4490673,0.009770818,0.5,1.0,1.0,1.5,0.004331235,0.040750623
0.98951834,0.09002895,0.5,1.0,1.0,1.5,-0.032394513,0.21047747
0.98889667,0.110004336,0.5,1.0,1.0,1.5,-0.034619566,0.2362664
0.98962605,0.1303416,0.5,1.0,1.0,1.5,-0.035874754,0.2934825
0.40941104,0.009960797,0.5,1.0,1.0,1.5,-0.0004266044,-0.0025737286
0.37949666,0.010832276,0.5,1.0,1.0,1.5,0.0030622461,0.072004944
0.35907573,0.011526811,0.5,1.0,1.0,1.5,-0.00027887686,-0.003497243
0.23984903,0.0093540605,0.5,1.0,1.0,1.5,-0.0024940819,0.0326339
0.25903812,0.0086701885,0.5,1.0,1.0,1.5,0.0013449355,-0.03659153
0.21993722,0.011083962,0.5,1.0,1.0,1.5,0.00032360666,-0.027654648
0.17896143,0.00942804,0.5,1.0,1.0,1.5,0.0026417093,0.03557694
0.19925217,0.010823948,0.5,1.0,1.0,1.5,0.00010855589,0.06036949
0.009319602,0.32099012,0.5,1.0,1.0,1.5,0.07088486,0.43469763
0.0106974095,0.30088556,0.5,1.0,1.0,1.5,0.070581086,0.42071372
0.009455162,0.34059393,0.5,1.0,1.0,1.5,0.06637791,0.47750223
0.010469366,0.3703932,0.5,1.0,1.0,1.5,0.064478524,0.48754364
0.011215278,0.39082664,0.5,1.0,1.0,1.5,0.05899556,0.5029895
0.1400732,0.9889739,0.5,1.0,1.0,1.5,0.0013585861,0.97727907
0.1809706,0.9885518,0.5,1.0,1.0,1.5,-0.0022394178,1.0126023
0.20113206,0.9904711,0.5,1.0,1.0,1.5,0.0020764554,0.98435664
0.989659,0.3801769,0.5,1.0,1.0,1.5,-0.0484268,0.4390645
0.99077994,0.4099644,0.5,1.0,1.0,1.5,-0.055737138,0.350087
0.99093217,0.4295049,0.5,1.0,1.0,1.5,-0.05319928,0.38862762
0.98828375,0.48916015,0.5,1.0,1.0,1.5,-0.057014547,0.46473482
0.9901843,0.50964254,0.5,1.0,1.0,1.5,-0.0658644,0.4839468
0.9504884,0.9904733,0.5,1.0,1.0,1.5,-0.0005103634,0.99597013
0.93027705,0.98894644,0.5,1.0,1.0,1.5,0.0034711794,1.043716
0.9896096,0.46877483,0.5,1.0,1.0,1.5,-0.061173297,0.46660972
0.99056524,0.44905907,0.5,1.0,1.0,1.5,-0.061851367,0.46189108
0.22053383,0.99132484,0.5,1.0,1.0,1.5,0.0021282323,1.0231411
0.2400873,0.9903938,0.5,1.0,1.0,1.5,0.0005496335,1.0295019
0.39013004,0.9890104,0.5,1.0,1.0,1.5,-0.00032510655,0.9890757
0.3697224,0.9897377,0.5,1.0,1.0,1.5,-0.0014463663,1.0247121
0.41022256,0.9894272,0.5,1.0,1.0,1.5,0.004579713,0.97903734
0.43098035,0.9885796,0.5,1.0,1.0,1.5,-0.0027661226,0.94698
0.66036844,0.989359,0.5,1.0,1.0,1.5,0.0062607825,0.99109423
0.64020675,0.9889649,0.5,1.0,1.0,1.5,-0.000441859,0.978407
0.6812027,0.98851657,0.5,1.0,1.0,1.5,0.00015589246,0.98032165
0.70117754,0.99063766,0.5,1.0,1.0,1.5,-0.0025893291,1.0261221
0.011596398,0.14102332,0.5,1.0,1.0,1.5,0.03591869,0.1982879
0.010277658,0.16151953,0.5,1.0,1.0,1.5,0.051577527,0.24903879
0.010142617,0.18147205,0.5,1.0,1.0,1.5,0.05044925,0.2391921
0.009663281,0.20110235,0.5,1.0,1.0,1.5,0.056764934,0.28948876
0.009411355,0.22086406,0.5,1.0,1.0,1.5,0.061083227,0.30128878
0.009641191,0.24046591,0.5,1.0,1.0,1.5,0.06303865,0.37597615
0.010152941,0.26011586,0.5,1.0,1.0,1.5,0.064975396,0.33275068
0.011173075,0.2803186,0.5,1.0,1.0,1.5,0.068901144,0.42889994
0.030367512,0.009737092,0.5,1.0,1.0,1.5,0.0047298805,0.014396846
0.05024911,0.009344389,0.5,1.0,1.0,1.5,0.0051771314,-0.008967876
0.06999574,0.009153476,0.5,1.0,1.0,1.5,0.007666942,0.03278905
0.09005476,0.009964402,0.5,1.0,1.0,1.5,0.00255785,-0.0030118227
0.10963945,0.009692671,0.5,1.0,1.0,1.5,0.005644179,-0.014697552
0.12929012,0.010384799,0.5,1.0,1.0,1.5,-0.00074336445,0.013533473
0.1591661,0.009500263,0.5,1.0,1.0,1.5,0.0028823174,0.07296643
0.27838114,0.010830427,0.5,1.0,1.0,1.5,-0.0013123048,-0.04832709
0.29881734,0.010865349,0.5,1.0,1.0,1.5,0.0016388617,-0.0004107952
0.318964,0.009883267,0.5,1.0,1.0,1.5,0.0023864806,0.032312214
0.33892697,0.0099205645,0.5,1.0,1.0,1.5,9.029335e-05,-0.0032779574
0.4688797,0.010405166,0.5,1.0,1.0,1.5,0.00091743143,0.02899021
0.48853654,0.011038839,0.5,1.0,1.0,1.5,0.0027937407,0.0465492
0.50874096,0.009640726,0.5,1.0,1.0,1.5,0.005940374,-0.013523698
0.52878755,0.010762227,0.5,1.0,1.0,1.5,0.0025402012,0.0017701387
0.54892766,0.010518892,0.5,1.0,1.0,1.5,0.0045160605,-0.009849131
0.56888753,0.010026823,0.5,1.0,1.0,1.5,0.0067831464,-0.025652349
0.9899441,0.010109017,0.5,1.0,1.0,1.5,-0.005261562,0.011176884
0.990121,0.030040657,0.5,1.0,1.0,1.5,-0.010131012,0.02529788
0.9095473,0.010213594,0.5,1.0,1.0,1.5,0.0013572488,-0.002117753
0.92954063,0.010109968,0.5,1.0,1.0,1.5,-0.00023443345,0.028528929
0.8791752,0.011095945,0.5,1.0,1.0,1.5,0.0024961403,0.1293922
0.7983115,0.009874602,0.5,1.0,1.0,1.5,-0.0011921977,0.046624362
0.8181351,0.009437607,0.5,1.0,1.0,1.5,0.0006428228,0.026676118
0.77810764,0.010322472,0.5,1.0,1.0,1.5,-0.000115266535,0.035978496
0.69903696,0.011192039,0.5,1.0,1.0,1.5,0.00030991854,0.051322937
0.7197354,0.011420472,0.5,1.0,1.0,1.5,0.0018341779,0.06780708
0.7398399,0.00952256,0.5,1.0,1.0,1.5,-0.0048660664,-0.10077071
0.7590411,0.008698568,0.5,1.0,1.0,1.5,0.00088840444,-0.013158858
0.8379935,0.010142946,0.5,1.0,1.0,1.5,0.0013549952,-0.015048027
0.858121,0.0120579675,0.5,1.0,1.0,1.5,-0.0020403592,0.021945834
0.94956714,0.010196377,0.5,1.0,1.0,1.5,-0.006982388,-0.0027393103
0.96972513,0.0102835335,0.5,1.0,1.0,1.5,0.0016225784,-0.02996713
0.99045295,0.049503617,0.5,1.0,1.0,1.5,-0.01898174,0.051500916
0.9889145,0.06971481,0.5,1.0,1.0,1.5,-0.020919168,0.064970285
0.9907063,0.15999822,0.5,1.0,1.0,1.5,-0.045409832,0.41572276
0.9889991,0.35981885,0.5,1.0,1.0,1.5,-0.05031671,0.33801836
0.9910892,0.5292937,0.5,1.0,1.0,1.5,-0.061185285,0.5174916
0.9904357,0.54880536,0.5,1.0,1.0,1.5,-0.06408595,0.55619985
0.98854697,0.5690337,0.5,1.0,1.0,1.5,-0.06568948,0.5724973
0.9894242,0.58982223,0.5,1.0,1.0,1.5,-0.058668435,0.43641907
0.9890046,0.6099482,0.5,1.0,1.0,1.5,-0.057398304,0.49281397
0.98969156,0.630309,0.5,1.0,1.0,1.5,-0.04386639,0.33671823
0.9908385,0.6599895,0.5,1.0,1.0,1.5,-0.0536637,0.4678654
0.9909853,0.679477,0.5,1.0,1.0,1.5,-0.049707558,0.54417896
0.9898962,0.9899537,0.5,1.0,1.0,1.5,-0.0045383535,0.96016556
0.9897229,0.96974546,0.5,1.0,1.0,1.5,-0.010358026,0.9020705
0.9898082,0.9495941,0.5,1.0,1.0,1.5,-0.015688881,0.920713
0.9898833,0.92955023,0.5,1.0,1.0,1.5,-0.016530719,0.94267714
0.9897752,0.9095325,0.5,1.0,1.0,1.5,-0.0246903,0.8999175
0.98946255,0.87939465,0.5,1.0,1.0,1.5,-0.02454481,0.7929958
0.9894993,0.8593906,0.5,1.0,1.0,1.5,-0.02858949,0.87950134
0.9896154,0.83946705,0.5,1.0,1.0,1.5,-0.02963427,0.7360188
0.98885,0.81899744,0.5,1.0,1.0,1.5,-0.034361925,0.7163236
0.9903678,0.79879576,0.5,1.0,1.0,1.5,-0.039264776,0.6514111
0.99053687,0.7790629,0.5,1.0,1.0,1.5,-0.047275495,0.74111086
0.98995316,0.7595323,0.5,1.0,1.0,1.5,-0.047887385,0.73263216
0.9881526,0.73888874,0.5,1.0,1.0,1.5,-0.050186735,0.75867707
0.9895019,0.7186209,0.5,1.0,1.0,1.5,-0.049229488,0.6391195
0.990562,0.69901156,0.5,1.0,1.0,1.5,-0.05315955,0.5417058
0.96996385,0.9901405,0.5,1.0,1.0,1.5,-0.0030647465,1.0250887
0.9099927,0.98957515,0.5,1.0,1.0,1.5,-0.0027289027,1.0008944
0.8900293,0.9889508,0.5,1.0,1.0,1.5,-0.00072334474,0.9816579
0.8696384,0.989546,0.5,1.0,1.0,1.5,0.0044878805,0.9513538
0.8398394,0.99057364,0.5,1.0,1.0,1.5,-0.0009018001,0.99169266
0.8202838,0.9906842,0.5,1.0,1.0,1.5,-0.00045544328,0.9570485
0.8006725,0.99035573,0.5,1.0,1.0,1.5,0.0015261446,0.95745254
0.7808982,0.9894404,0.5,1.0,1.0,1.5,0.0007013525,0.9608655
0.76027834,0.9880139,0.5,1.0,1.0,1.5,-0.00079007586,0.99823344
0.7399129,0.99018484,0.5,1.0,1.0,1.5,-0.0011146301,1.0407691
0.72049123,0.99158174,0.5,1.0,1.0,1.5,0.0017553963,1.017502
0.61976045,0.9896928,0.5,1.0,1.0,1.5,-0.0028480263,1.0048634
0.59000665,0.9907979,0.5,1.0,1.0,1.5,-0.00059331115,1.0175332
0.57050234,0.9909089,0.5,1.0,1.0,1.5,0.0019369008,0.98923624
0.55093765,0.99049294,0.5,1.0,1.0,1.5,0.0018105094,1.0071301
0.5311461,0.9894759,0.5,1.0,1.0,1.5,-0.0013996875,1.0157871
0.51049465,0.9881101,0.5,1.0,1.0,1.5,0.0019394432,0.99758404
0.49007332,0.9903504,0.5,1.0,1.0,1.5,-0.002687077,0.9799732
0.47050458,0.99126977,0.5,1.0,1.0,1.5,0.0014187142,0.95519274
0.4511315,0.99045074,0.5,1.0,1.0,1.5,-0.0023804596,0.98632276
0.3399702,0.99082804,0.5,1.0,1.0,1.5,0.0012142838,1.0279453
0.32046035,0.9909132,0.5,1.0,1.0,1.5,-0.004227409,0.9962524
0.30090243,0.99049836,0.5,1.0,1.0,1.5,0.0008193557,0.9926424
0.28112695,0.9894884,0.5,1.0,1.0,1.5,-0.0024370626,0.9826846
0.26048157,0.9881295,0.5,1.0,1.0,1.5,0.0017985473,0.9556134
0.00975545,0.411024,0.5,1.0,1.0,1.5,0.06255847,0.52335954
0.9881707,0.23960707,0.5,1.0,1.0,1.5,-0.04790334,0.1909501
0.9903939,0.2599456,0.5,1.0,1.0,1.5,-0.0409345,0.27146167
0.9895787,0.21900386,0.5,1.0,1.0,1.5,-0.042117104,0.2880736
0.990558,0.19918992,0.5,1.0,1.0,1.5,-0.056178797,0.31007946
0.99084026,0.17955773,0.5,1.0,1.0,1.5,-0.04138709,0.34776703
0.98944,0.339734,0.5,1.0,1.0,1.5,-0.05016991,0.38783345
0.9885934,0.3189934,0.5,1.0,1.0,1.5,-0.04764117,0.45293307
0.9904765,0.2988765,0.5,1.0,1.0,1.5,-0.04813712,0.407232
0.99131656,0.27948752,0.5,1.0,1.0,1.5,-0.047456305,0.30274743
0.16019137,0.9893849,0.5,1.0,1.0,1.5,0.0026607004,1.026867
0.009926212,0.87048054,0.5,1.0,1.0,1.5,0.020321479,0.8977366
0.009258038,0.8408671,0.5,1.0,1.0,1.5,0.032762926,0.7634233
0.009864059,0.43094912,0.5,1.0,1.0,1.5,0.05463909,0.5405197
0.010954991,0.45107442,0.5,1.0,1.0,1.5,0.049053952,0.5317444
0.010897491,0.47152933,0.5,1.0,1.0,1.5,0.046675727,0.57739305
0.008696357,0.49091348,0.5,1.0,1.0,1.5,0.04577568,0.57712686
0.009447667,0.51012844,0.5,1.0,1.0,1.5,0.04305062,0.5920542
0.011394759,0.53019035,0.5,1.0,1.0,1.5,0.038166784,0.5756808
0.011189264,0.5509212,0.5,1.0,1.0,1.5,0.033502486,0.48159453
0.009571214,0.57111317,0.5,1.0,1.0,1.5,0.041596018,0.62333333
0.009389014,0.5908783,0.5,1.0,1.0,1.5,0.041138455,0.6816495
0.010352797,0.6205005,0.5,1.0,1.0,1.5,0.04828776,0.6193411
0.011004882,0.6407759,0.5,1.0,1.0,1.5,0.045066338,0.68338346
0.009509709,0.6608964,0.5,1.0,1.0,1.5,0.0378567,0.7581959
0.009850219,0.6806398,0.5,1.0,1.0,1.5,0.03769733,0.7487745
0.011120211,0.7007174,0.5,1.0,1.0,1.5,0.040982388,0.79408604
0.011336251,0.7213761,0.5,1.0,1.0,1.5,0.038799483,0.75701016
0.009273543,0.74110425,0.5,1.0,1.0,1.5,0.031554826,0.7311118
0.009447097,0.7606041,0.5,1.0,1.0,1.5,0.033343293,0.7847073
0.010970334,0.7806453,0.5,1.0,1.0,1.5,0.03667654,0.7789583
0.01089892,0.80115545,0.5,1.0,1.0,1.5,0.031924337,0.7408292
0.0094431,0.8211642,0.5,1.0,1.0,1.5,0.03171836,0.7853768
0.67887014,0.009587844,0.5,1.0,1.0,1.5,0.0029474164,0.03189403
0.65911895,0.009416505,0.5,1.0,1.0,1.5,0.0013240981,0.049652934
0.6090363,0.011566295,0.5,1.0,1.0,1.5,-0.0031136228,0.0325408
0.62947196,0.0105568115,0.5,1.0,1.0,1.5,-0.00081128534,-0.011493921
0.0092276,0.8899688,0.5,1.0,1.0,1.5,0.02271966,0.93492997
0.009827035,0.90951514,0.5,1.0,1.0,1.5,0.019363401,0.827681
0.009046475,0.92938733,0.5,1.0,1.0,1.5,0.016086448,0.9282032
0.009180539,0.94895256,0.5,1.0,1.0,1.5,0.011408029,0.9181179
0.009988262,0.9693634,0.5,1.0,1.0,1.5,0.010296984,0.93583894
0.9798337,0.010221451,0.5,1.0,1.0,1.5,-0.007128436,0.050465643
0.95964164,0.010269613,0.5,1.0,1.0,1.5,-0.002450854,0.059378862
0.9395454,0.010140282,0.5,1.0,1.0,1.5,-0.009204392,0.04366386
0.89951813,0.010371331,0.5,1.0,1.0,1.5,7.3398696e-05,0.024998128
0.8894241,0.010651751,0.5,1.0,1.0,1.5,-0.00374539,0.06828004
0.8686806,0.011721912,0.5,1.0,1.0,1.5,-0.0034533516,0.037350833
0.8480594,0.01114412,0.5,1.0,1.0,1.5,0.0019538444,0.031327307
0.8280091,0.009592799,0.5,1.0,1.0,1.5,0.0017486812,0.0015836358
0.80825573,0.009590727,0.5,1.0,1.0,1.5,0.0008931516,-0.020388484
0.7881855,0.010252239,0.5,1.0,1.0,1.5,-0.0014496152,0.0182271
0.76866686,0.009376493,0.5,1.0,1.0,1.5,0.00042749057,-0.030314326
0.749432,0.008858915,0.5,1.0,1.0,1.5,0.0012486996,0.0028039813
0.7299921,0.010438647,0.5,1.0,1.0,1.5,0.0013809076,0.006219566
0.70926803,0.012065993,0.5,1.0,1.0,1.5,0.00058681937,-0.037898242
0.68886834,0.010225136,0.5,1.0,1.0,1.5,0.00037116115,-0.026771128
0.66895825,0.009356584,0.5,1.0,1.0,1.5,0.0031353873,-0.006388426
0.6492962,0.0096480185,0.5,1.0,1.0,1.5,7.9533085e-05,-0.03315586
0.63944554,0.010020413,0.5,1.0,1.0,1.5,0.0045726467,0.033818543
0.619283,0.011190642,0.5,1.0,1.0,1.5,-0.0006087143,-0.0091920495
0.59891915,0.010744214,0.5,1.0,1.0,1.5,0.0059264023,-0.025416672
0.5787568,0.0098901335,0.5,1.0,1.0,1.5,0.0064551393,0.015484095
0.5589376,0.0102746105,0.5,1.0,1.0,1.5,0.0064934,0.03407526
0.5388987,0.010750353,0.5,1.0,1.0,1.5,0.0068026856,0.06320083
0.51891303,0.009974482,0.5,1.0,1.0,1.5,0.008645367,0.07221168
0.49857846,0.0102180345,0.5,1.0,1.0,1.5,-0.00045034755,0.004128337
0.47880244,0.010860785,0.5,1.0,1.0,1.5,0.004454428,-0.036316454
0.45898426,0.010029962,0.5,1.0,1.0,1.5,0.0029062298,-0.032885432
0.43916765,0.009680063,0.5,1.0,1.0,1.5,0.0039877365,-0.002698481
0.4193398,0.009795738,0.5,1.0,1.0,1.5,0.0027650262,0.015557408
0.39950508,0.01017385,0.5,1.0,1.0,1.5,0.00071794447,0.015542924
0.3895499,0.01045619,0.5,1.0,1.0,1.5,-0.002930082,-0.012713492
0.36929265,0.011299253,0.5,1.0,1.0,1.5,0.0011471387,-0.010449231
0.3490251,0.01069627,0.5,1.0,1.0,1.5,-0.0032745264,0.0015489459
0.3289246,0.009688573,0.5,1.0,1.0,1.5,0.0037160125,-0.0012764931
0.3089277,0.010377368,0.5,1.0,1.0,1.5,0.0032508136,0.027221143
0.2886086,0.011109273,0.5,1.0,1.0,1.5,0.0018104041,0.05055535
0.2687467,0.009559198,0.5,1.0,1.0,1.5,-0.0026728897,-0.0148873925
0.24942704,0.008748858,0.5,1.0,1.0,1.5,-0.00071930187,0.018984735
0.23007734,0.010179382,0.5,1.0,1.0,1.5,-0.00012433552,0.025687814
0.20956716,0.011664789,0.5,1.0,1.0,1.5,-0.0032744738,0.034071267
0.18898097,0.009911731,0.5,1.0,1.0,1.5,0.002268944,0.00696218
0.169042,0.009333767,0.5,1.0,1.0,1.5,0.004299567,0.008013785
0.14926118,0.009771169,0.5,1.0,1.0,1.5,0.0035321855,0.04024148
0.13931973,0.010074801,0.5,1.0,1.0,1.5,-0.001387171,0.0049602985
0.119310446,0.01039508,0.5,1.0,1.0,1.5,0.0028690875,0.030380368
0.09995726,0.010315607,0.5,1.0,1.0,1.5,0.0007532756,0.017597497
0.079955645,0.009400879,0.5,1.0,1.0,1.5,0.014210656,0.33412635
0.06012335,0.0091723325,0.5,1.0,1.0,1.5,0.008991195,-0.0072962046
0.040346477,0.009534151,0.5,1.0,1.0,1.5,0.0046149306,0.068843246
0.020326411,0.009940021,0.5,1.0,1.0,1.5,0.006422233,-0.0307765
0.98978317,0.9798487,0.5,1.0,1.0,1.5,-0.0060319994,0.9621208
0.9897395,0.95966953,0.5,1.0,1.0,1.5,-0.0066764634,0.9514296
0.9898622,0.93957293,0.5,1.0,1.0,1.5,-0.019364696,0.90387595
0.989676,0.8995143,0.5,1.0,1.0,1.5,-0.022327023,0.92054164
0.9895607,0.8894636,0.5,1.0,1.0,1.5,-0.026229117,0.8486348
0.98942035,0.8693531,0.5,1.0,1.0,1.5,-0.026159015,0.8709741
0.9896116,0.8494735,0.5,1.0,1.0,1.5,-0.027938884,0.84457475
0.98923105,0.82928747,0.5,1.0,1.0,1.5,-0.041160304,0.78779155
0.9896321,0.8089309,0.5,1.0,1.0,1.5,-0.037299328,0.64361984
0.9906034,0.7888602,0.5,1.0,1.0,1.5,-0.041437227,0.79137003
0.99032676,0.7693631,0.5,1.0,1.0,1.5,-0.050490998,0.69241375
0.98899716,0.74928224,0.5,1.0,1.0,1.5,-0.0436733,0.7554698
0.9886978,0.7286914,0.5,1.0,1.0,1.5,-0.055117693,0.7153227
0.99012154,0.7087816,0.5,1.0,1.0,1.5,-0.04593675,0.63949907
0.99085444,0.68923044,0.5,1.0,1.0,1.5,-0.046875685,0.4651531
0.99101007,0.66973436,0.5,1.0,1.0,1.5,-0.05783347,0.5306129
0.99057573,0.6501661,0.5,1.0,1.0,1.5,-0.05408923,0.4413204
0.99019194,0.6402839,0.5,1.0,1.0,1.5,-0.05008338,0.38046488
0.9892021,0.62016153,0.5,1.0,1.0,1.5,-0.06373161,0.5423591
0.9895283,0.59996283,0.5,1.0,1.0,1.5,-0.04068976,0.3245526
0.98889667,0.57951325,0.5,1.0,1.0,1.5,-0.059171006,0.5714196
0.98948354,0.55884784,0.5,1.0,1.0,1.5,-0.04938432,0.47064707
0.99095446,0.53901374,0.5,1.0,1.0,1.5,-0.062369272,0.52710086
0.9908473,0.51955074,0.5,1.0,1.0,1.5,-0.068412215,0.4947886
0.98917204,0.49950105,0.5,1.0,1.0,1.5,-0.055915117,0.49273545
0.98882717,0.47891,0.5,1.0,1.0,1.5,-0.059265718,0.44496426
0.9901761,0.45887646,0.5,1.0,1.0,1.5,-0.057415128,0.46530733
0.9908055,0.4392644,0.5,1.0,1.0,1.5,-0.05406525,0.419329
0.9909327,0.41974044,0.5,1.0,1.0,1.5,-0.058606572,0.39398342
0.9905048,0.40008792,0.5,1.0,1.0,1.5,-0.048728436,0.3537624
0.99012667,0.39017025,0.5,1.0,1.0,1.5,-0.05607923,0.38417596
0.9891781,0.3700197,0.5,1.0,1.0,1.5,-0.045264922,0.36160004
0.9895226,0.3498597,0.5,1.0,1.0,1.5,-0.04707436,0.3644337
0.9889337,0.3294468,0.5,1.0,1.0,1.5,-0.05153465,0.2826591
0.9895176,0.3088468,0.5,1.0,1.0,1.5,-0.046828568,0.41121203
0.99106395,0.2891608,0.5,1.0,1.0,1.5,-0.047335923,0.32691175
0.9911533,0.2697566,0.5,1.0,1.0,1.5,-0.04946775,0.26594633
0.98916173,0.24992143,0.5,1.0,1.0,1.5,-0.0378359,0.23788062
0.9887348,0.22923633,0.5,1.0,1.0,1.5,-0.04173314,0.2975924
0.9901793,0.20906205,0.5,1.0,1.0,1.5,-0.043667056,0.30983382
0.9907722,0.18936048,0.5,1.0,1.0,1.5,-0.050233506,0.27393025
0.99083066,0.16977307,0.5,1.0,1.0,1.5,-0.045595355,0.24305254
0.99050516,0.15018602,0.5,1.0,1.0,1.5,-0.037112556,0.30387336
0.9901478,0.14031895,0.5,1.0,1.0,1.5,-0.052428383,0.3543796
0.9890885,0.12019536,0.5,1.0,1.0,1.5,-0.03456317,0.31125528
0.9894903,0.10005542,0.5,1.0,1.0,1.5,-0.04285724,0.31525895
0.98913765,0.07991349,0.5,1.0,1.0,1.5,-0.025058903,0.11566764
0.989788,0.059621926,0.5,1.0,1.0,1.5,-0.017980024,0.064549804
0.99037325,0.039765954,0.5,1.0,1.0,1.5,-0.0073727826,0.033631325
0.98997074,0.020133503,0.5,1.0,1.0,1.5,-0.012472197,0.04737842
0.12987089,0.9892283,0.5,1.0,1.0,1.5,-0.00096435985,0.9918645
0.15005505,0.98947406,0.5,1.0,1.0,1.5,-6.864546e-05,0.99034727
0.17049398,0.9888783,0.5,1.0,1.0,1.5,-0.0016309144,0.98307115
0.1911455,0.9894939,0.5,1.0,1.0,1.5,-0.0019871946,0.9807782
0.21085526,0.99106693,0.5,1.0,1.0,1.5,-0.0034773229,0.9707009
0.23026982,0.9911596,0.5,1.0,1.0,1.5,0.0008509441,1.0034379
0.25012773,0.9891433,0.5,1.0,1.0,1.5,-0.003302069,1.0321512
0.27088466,0.9886588,0.5,1.0,1.0,1.5,-0.0011160509,0.99484867
0.29106,0.9900756,0.5,1.0,1.0,1.5,-0.0047594337,0.981761
0.31070095,0.9907586,0.5,1.0,1.0,1.5,0.0017731191,0.9596591
0.33021227,0.9909505,0.5,1.0,1.0,1.5,0.011818892,0.8458241
0.3498186,0.9905874,0.5,1.0,1.0,1.5,0.001191213,0.9886532
0.35972273,0.9902251,0.5,1.0,1.0,1.5,0.0005902536,0.98417807
0.3799052,0.9892262,0.5,1.0,1.0,1.5,-0.00014730496,1.0040694
0.40009895,0.98951966,0.5,1.0,1.0,1.5,-0.0017126924,0.99993396
0.42051223,0.9889191,0.5,1.0,1.0,1.5,0.0011690026,0.9677454
0.4411571,0.9895007,0.5,1.0,1.0,1.5,0.004531447,1.0048946
0.46083835,0.99102396,0.5,1.0,1.0,1.5,0.0026512793,1.0270343
0.48024225,0.9911019,0.5,1.0,1.0,1.5,-0.0016069254,0.97343326
0.5001313,0.98910826,0.5,1.0,1.0,1.5,-0.0017243619,1.0141418
0.5209034,0.988641,0.5,1.0,1.0,1.5,0.0027960015,0.96507776
0.54108876,0.99006635,0.5,1.0,1.0,1.5,0.0013788715,0.97023773
0.56074756,0.9907585,0.5,1.0,1.0,1.5,0.00095588854,0.9986185
0.5802555,0.99093527,0.5,1.0,1.0,1.5,-0.002915447,0.98890007
0.59985566,0.99054796,0.5,1.0,1.0,1.5,-0.00065694284,0.9636185
0.60975903,0.9901817,0.5,1.0,1.0,1.5,-0.0024925512,1.0015955
0.62995344,0.9891847,0.5,1.0,1.0,1.5,-0.000329511,0.988538
0.6502037,0.989465,0.5,1.0,1.0,1.5,0.0025022263,0.96255803
0.6707156,0.98883265,0.5,1.0,1.0,1.5,0.0005927214,0.9642828
0.6912734,0.98952615,0.5,1.0,1.0,1.5,-0.0013736906,0.9842917
0.7108345,0.99134994,0.5,1.0,1.0,1.5,-0.0012313095,0.9454742
0.7301503,0.99117213,0.5,1.0,1.0,1.5,-0.0010198937,1.0430956
0.74996114,0.9889341,0.5,1.0,1.0,1.5,0.00015402841,0.98859096
0.77067363,0.98860884,0.5,1.0,1.0,1.5,-0.00073536765,0.9697038
0.79081833,0.989985,0.5,1.0,1.0,1.5,-0.0008395575,0.93832654
0.8104892,0.99056214,0.5,1.0,1.0,1.5,0.0053889616,0.9298459
0.8300411,0.9906919,0.5,1.0,1.0,1.5,0.001146304,0.9918424
0.8497009,0.99034417,0.5,1.0,1.0,1.5,-0.0031848978,0.98755753
0.859619,0.989997,0.5,1.0,1.0,1.5,0.0025656174,0.9528654
0.8798161,0.98908585,0.5,1.0,1.0,1.5,-0.00072902394,0.9558959
0.899972,0.9895552,0.5,1.0,1.0,1.5,-0.0022894335,1.0053667
0.92009467,0.98918575,0.5,1.0,1.0,1.5,-0.006916358,1.016489
0.9403721,0.9898131,0.5,1.0,1.0,1.5,-0.003412521,0.99538416
0.9602317,0.9903936,0.5,1.0,1.0,1.5,-0.0038764877,1.0104439
0.97987366,0.9899872,0.5,1.0,1.0,1.5,-0.00068880524,1.0082554
0.011202725,0.1307108,0.5,1.0,1.0,1.5,0.038213056,0.27823043
0.010862013,0.15125927,0.5,1.0,1.0,1.5,0.046016578,0.20284912
0.010168123,0.17157313,0.5,1.0,1.0,1.5,0.054295145,0.23704547
0.009947072,0.19123092,0.5,1.0,1.0,1.5,0.057779677,0.24791658
0.009467783,0.21099462,0.5,1.0,1.0,1.5,0.055310518,0.2604678
0.009473767,0.23067456,0.5,1.0,1.0,1.5,0.060763564,0.2476317
0.009843497,0.25027052,0.5,1.0,1.0,1.5,0.062285364,0.31271738
0.010569456,0.27008018,0.5,1.0,1.0,1.5,0.07035433,0.38226938
0.011593244,0.29070383,0.5,1.0,1.0,1.5,0.06621833,0.47335964
0.009770793,0.3110697,0.5,1.0,1.0,1.5,0.062506005,0.48723653
0.009273079,0.33078927,0.5,1.0,1.0,1.5,0.060990725,0.48837173
0.009720022,0.35044935,0.5,1.0,1.0,1.5,0.0664957,0.4424885
0.010045602,0.36036712,0.5,1.0,1.0,1.5,0.058854435,0.42883492
0.010942106,0.3805839,0.5,1.0,1.0,1.5,0.059751578,0.47990543
0.010429754,0.4009212,0.5,1.0,1.0,1.5,0.05655168,0.5043051
0.009597915,0.42102054,0.5,1.0,1.0,1.5,0.050942842,0.529516
0.010427397,0.440968,0.5,1.0,1.0,1.5,0.045256473,0.5921523
0.0112030925,0.46127594,0.5,1.0,1.0,1.5,0.045658424,0.566551
0.009593309,0.48120618,0.5,1.0,1.0,1.5,0.043126225,0.55091393
0.008785335,0.5005297,0.5,1.0,1.0,1.5,0.042205118,0.66756696
0.010382348,0.51995885,0.5,1.0,1.0,1.5,0.03867344,0.5884344
0.012060309,0.5406559,0.5,1.0,1.0,1.5,0.038281556,0.6510968
0.010214721,0.56110793,0.5,1.0,1.0,1.5,0.02804715,0.39691183
0.00934306,0.58103704,0.5,1.0,1.0,1.5,0.03979826,0.65117073
0.0095994575,0.600712,0.5,1.0,1.0,1.5,0.0487421,0.703494
0.009916368,0.61055917,0.5,1.0,1.0,1.5,0.037349228,0.60088086
0.010798399,0.6306074,0.5,1.0,1.0,1.5,0.04805525,0.5843325
0.01012527,0.65084374,0.5,1.0,1.0,1.5,0.038391486,0.74371624
0.009469543,0.6707863,0.5,1.0,1.0,1.5,0.035926875,0.72873455
0.010504053,0.69061124,0.5,1.0,1.0,1.5,0.03840515,0.75550824
0.011498548,0.71100646,0.5,1.0,1.0,1.5,0.035601895,0.7539887
0.010167872,0.73124015,0.5,1.0,1.0,1.5,0.035846278,0.80956256
0.00911936,0.75086343,0.5,1.0,1.0,1.5,0.036771942,0.8069365
0.010121352,0.7704597,0.5,1.0,1.0,1.5,0.028925573,0.7745825
0.011646114,0.79105246,0.5,1.0,1.0,1.5,0.03227613,0.7650952
0.010021341,0.81122184,0.5,1.0,1.0,1.5,0.03126802,0.79914427
0.009220825,0.83105135,0.5,1.0,1.0,1.5,0.029906502,0.7949324
0.00940812,0.8506796,0.5,1.0,1.0,1.5,0.022390135,0.86373806
0.009645038,0.8605274,0.5,1.0,1.0,1.5,0.02703761,0.933641
0.009937258,0.8803516,0.5,1.0,1.0,1.5,0.026031338,0.8694494
0.00991962,0.89958113,0.5,1.0,1.0,1.5,0.022236178,0.93422246
0.009392304,0.9195359,0.5,1.0,1.0,1.5,0.021678843,0.8903191
0.0089376215,0.9391014,0.5,1.0,1.0,1.5,0.01872297,0.9662502
0.009899262,0.95905703,0.5,1.0,1.0,1.5,0.00814013,0.95899373
0.010059781,0.97957546,0.5,1.0,1.0,1.5,0.004649074,0.9882884
0.8751832,0.6123056,0.5,1.0,1.0,1.5,-0.0521746,0.6199458
0.36194018,0.12578681,0.5,1.0,1.0,1.5,0.00657144,0.021969259
0.34222683,0.1263636,0.5,1.0,1.0,1.5,0.009851365,0.006036997
0.87395793,0.59218746,0.5,1.0,1.0,1.5,-0.052080855,0.5479325
0.87380433,0.57148373,0.5,1.0,1.0,1.5,-0.05888007,0.58898747
0.32157832,0.12596953,0.5,1.0,1.0,1.5,0.0071106283,0.024786055
0.84156823,0.4532991,0.5,1.0,1.0,1.5,-0.045767106,0.37476605
0.6599256,0.4527622,0.5,1.0,1.0,1.5,0.0130909765,0.48098153
0.20228562,0.15773267,0.5,1.0,1.0,1.5,0.031675823,0.077512056
0.2019086,0.34014544,0.5,1.0,1.0,1.5,0.060732197,0.55826515
0.62260354,0.5479941,0.5,1.0,1.0,1.5,0.026308095,0.6109396
0.2979755,0.37741837,0.5,1.0,1.0,1.5,0.039560456,0.6613111
0.29910323,0.11581348,0.5,1.0,1.0,1.5,0.004744765,0.011494994
0.88309735,0.5493629,0.5,1.0,1.0,1.5,-0.051117882,0.5323591
0.55935585,0.34835032,0.5,1.0,1.0,1.5,-0.011734682,0.54444265
0.565478,0.15780336,0.5,1.0,1.0,1.5,-0.009087654,0.11058909
0.8430634,0.8152266,0.5,1.0,1.0,1.5,-0.028811984,0.9140631
0.6498694,0.80886805,0.5,1.0,1.0,1.5,0.0031062511,0.90802
0.34661558,0.38732132,0.5,1.0,1.0,1.5,0.022508796,0.6525081
0.34213242,0.116772994,0.5,1.0,1.0,1.5,0.0051122983,0.05719787
0.61267287,0.59663284,0.5,1.0,1.0,1.5,0.024527594,0.67704844
0.88345164,0.59184533,0.5,1.0,1.0,1.5,-0.052294575,0.5874326
0.6146212,0.61554104,0.5,1.0,1.0,1.5,0.018376064,0.7082236
0.36549082,0.38534483,0.5,1.0,1.0,1.5,0.024263505,0.67165554
0.88537806,0.6116879,0.5,1.0,1.0,1.5,-0.056938868,0.5555398
0.36124715,0.11622768,0.5,1.0,1.0,1.5,0.004252981,0.022927403
0.6191709,0.57685983,0.5,1.0,1.0,1.5,0.024798006,0.64681864
0.88387746,0.5723468,0.5,1.0,1.0,1.5,-0.056761745,0.5276958
0.32684994,0.38083273,0.5,1.0,1.0,1.5,0.030784033,0.6728443
0.32271186,0.11548344,0.5,1.0,1.0,1.5,0.0071050534,0.023033142
0.24036597,0.13315025,0.5,1.0,1.0,1.5,0.01663232,0.042978823
0.24069148,0.3669946,0.5,1.0,1.0,1.5,0.049508926,0.6014314
0.86293316,0.48848104,0.5,1.0,1.0,1.5,-0.05195803,0.45120502
0.633368,0.49139684,0.5,1.0,1.0,1.5,0.022960018,0.61993635
0.8860285,0.6333502,0.5,1.0,1.0,1.5,-0.05316382,0.6713838
0.61629105,0.6449326,0.5,1.0,1.0,1.5,0.015685808,0.74299884
0.39049548,0.11474278,0.5,1.0,1.0,1.5,0.001025232,0.07079542
0.39476845,0.3835785,0.5,1.0,1.0,1.5,0.015863419,0.68357354
0.5307313,0.3592112,0.5,1.0,1.0,1.5,-0.007251395,0.54217124
0.640903,0.7803869,0.5,1.0,1.0,1.5,0.004300132,0.85753214
0.66221106,0.43057996,0.5,1.0,1.0,1.5,-0.0017020535,0.51642513
0.84058267,0.42836267,0.5,1.0,1.0,1.5,-0.043279245,0.39420256
0.17587455,0.15992793,0.5,1.0,1.0,1.5,0.034952074,0.11994773
0.17883076,0.33733344,0.5,1.0,1.0,1.5,0.058740556,0.5026957
0.40979606,0.10972652,0.5,1.0,1.0,1.5,0.0014364691,0.021033287
0.88503814,0.655041,0.5,1.0,1.0,1.5,-0.049157403,0.6147625
0.53684705,0.14440821,0.5,1.0,1.0,1.5,-0.0066787023,0.059555024
0.8557999,0.7860834,0.5,1.0,1.0,1.5,-0.035809748,0.8176228
0.7650471,0.87564826,0.5,1.0,1.0,1.5,-0.0066344617,0.98486114
0.6255155,0.234686,0.5,1.0,1.0,1.5,-0.029543199,0.26012847
0.13232684,0.27844965,0.5,1.0,1.0,1.5,0.062067978,0.38828754
0.778808,0.3820353,0.5,1.0,1.0,1.5,-0.03512763,0.30342185
0.13184993,0.22155435,0.5,1.0,1.0,1.5,0.05533323,0.252158
0.85401595,0.7635357,0.5,1.0,1.0,1.5,-0.03627056,0.8349935
0.5138081,0.14592892,0.5,1.0,1.0,1.5,-0.01009977,0.08658579
0.43504265,0.13008383,0.5,1.0,1.0,1.5,-0.0016252515,0.0112499595
0.87017816,0.6841315,0.5,1.0,1.0,1.5,-0.045062754,0.6900196
0.62918943,0.6836004,0.5,1.0,1.0,1.5,0.014988629,0.81319124
0.43341917,0.37075663,0.5,1.0,1.0,1.5,0.0078000054,0.6710232
0.9092069,0.020358466,0.5,1.0,1.0,1.5,-0.0029776911,-0.0018504262
0.9795993,0.90919834,0.5,1.0,1.0,1.5,-0.01903342,0.8764874
0.7410694,0.36600477,0.5,1.0,1.0,1.5,-0.028306976,0.3310888
0.11692948,0.26104176,0.5,1.0,1.0,1.5,0.061298583,0.29362437
0.8086869,0.86010796,0.5,1.0,1.0,1.5,-0.012063893,0.8878596
0.6098883,0.19252722,0.5,1.0,1.0,1.5,-0.01861881,0.1642884
0.88147193,0.6763004,0.5,1.0,1.0,1.5,-0.049178727,0.65576065
0.43025568,0.1192483,0.5,1.0,1.0,1.5,-0.0024290276,0.009089649
0.42461222,0.38087666,0.5,1.0,1.0,1.5,0.0063918894,0.76681405
0.61900616,0.67495465,0.5,1.0,1.0,1.5,0.01204142,0.7711135
0.28527272,0.12562042,0.5,1.0,1.0,1.5,0.009017658,0.046643317
0.87316865,0.53813624,0.5,1.0,1.0,1.5,-0.051133797,0.48687035
0.62913924,0.7344352,0.5,1.0,1.0,1.5,0.006456716,0.79851496
0.48428836,0.37057665,0.5,1.0,1.0,1.5,-0.0031327629,0.62639064
0.87062854,0.5069068,0.5,1.0,1.0,1.5,-0.049993265,0.48024052
0.26022217,0.13088177,0.5,1.0,1.0,1.5,0.0139612295,0.07161397
0.2599963,0.37035856,0.5,1.0,1.0,1.5,0.048143957,0.5958988
0.6297822,0.51019114,0.5,1.0,1.0,1.5,0.024351899,0.47214282
0.8713286,0.7481267,0.5,1.0,1.0,1.5,-0.03628036,0.79077345
0.49829963,0.12871495,0.5,1.0,1.0,1.5,-0.0005533728,0.051532388
0.49390072,0.36782578,0.5,1.0,1.0,1.5,-0.005135973,0.5723605
0.6314967,0.7439952,0.5,1.0,1.0,1.5,0.007776081,0.8003976
0.86654204,0.4976036,0.5,1.0,1.0,1.5,-0.047794662,0.47710782
0.25058073,0.13194771,0.5,1.0,1.0,1.5,0.011915377,0.025453508
0.2502131,0.36849132,0.5,1.0,1.0,1.5,0.044641025,0.62481815
0.63176304,0.50061774,0.5,1.0,1.0,1.5,0.016975079,0.5095647
0.8262772,0.41216776,0.5,1.0,1.0,1.5,-0.03998395,0.36365277
0.15963724,0.17442666,0.5,1.0,1.0,1.5,0.036678795,0.14564523
0.6728774,0.41357714,0.5,1.0,1.0,1.5,-0.0012752945,0.38454294
0.16220652,0.32593974,0.5,1.0,1.0,1.5,0.05631745,0.5352318
0.27943742,0.37475312,0.5,1.0,1.0,1.5,0.040030863,0.67032087
0.625311,0.52948785,0.5,1.0,1.0,1.5,0.02585804,0.5867517
0.5895995,0.17623056,0.5,1.0,1.0,1.5,-0.013626352,0.13257122
0.5903497,0.3310242,0.5,1.0,1.0,1.5,-0.02669028,0.45020267
0.82431674,0.83910424,0.5,1.0,1.0,1.5,-0.01965461,0.95616627
0.66941285,0.84128153,0.5,1.0,1.0,1.5,-0.0013200128,0.91351366
0.81947,0.40432325,0.5,1.0,1.0,1.5,-0.03168748,0.36417437
0.15260407,0.18206885,0.5,1.0,1.0,1.5,0.038201794,0.19388613
0.606489,0.30605748,0.5,1.0,1.0,1.5,-0.031456877,0.3653149
0.694082,0.85657775,0.5,1.0,1.0,1.5,-0.0012103627,0.9477732
0.62551135,0.28611997,0.5,1.0,1.0,1.5,-0.03208637,0.3437854
0.62786776,0.2130339,0.5,1.0,1.0,1.5,-0.025622131,0.16402358
0.78723794,0.8797006,0.5,1.0,1.0,1.5,-0.006581882,0.9814937
0.7138656,0.8754186,0.5,1.0,1.0,1.5,-0.0020346106,0.9610524
0.13982922,0.19662037,0.5,1.0,1.0,1.5,0.04757438,0.23369658
0.80587184,0.3898126,0.5,1.0,1.0,1.5,-0.03965293,0.30084348
0.67808187,0.40440056,0.5,1.0,1.0,1.5,-0.0066839494,0.44444147
0.15450379,0.31946832,0.5,1.0,1.0,1.5,0.064592026,0.44753873
0.6156998,0.20000018,0.5,1.0,1.0,1.5,-0.023830693,0.16466421
0.80151856,0.8669544,0.5,1.0,1.0,1.5,-0.014697818,0.9262144
0.6341082,0.75343275,0.5,1.0,1.0,1.5,0.007613039,0.8622197
0.5033461,0.36512095,0.5,1.0,1.0,1.5,-0.007116031,0.5881579
0.19584928,0.34791988,0.5,1.0,1.0,1.5,0.057763483,0.56242913
0.65202534,0.44770736,0.5,1.0,1.0,1.5,0.00919969,0.5574548
0.18737483,0.34263682,0.5,1.0,1.0,1.5,0.05533104,0.5400603
0.18545644,0.15093735,0.5,1.0,1.0,1.5,0.03224296,0.12811646
0.84930384,0.43781233,0.5,1.0,1.0,1.5,-0.04875187,0.3591594
0.65706116,0.43913656,0.5,1.0,1.0,1.5,0.012819759,0.5567392
0.6156841,0.63500506,0.5,1.0,1.0,1.5,0.015163392,0.658816
0.38489515,0.38422203,0.5,1.0,1.0,1.5,0.020265736,0.6740109
0.38083836,0.11560607,0.5,1.0,1.0,1.5,0.002509941,0.03243363
0.5125441,0.3626207,0.5,1.0,1.0,1.5,-0.011193964,0.5443184
0.6368462,0.7625268,0.5,1.0,1.0,1.5,0.0042056656,0.8997186
0.8831297,0.70031387,0.5,1.0,1.0,1.5,-0.043712392,0.6864315
0.6213657,0.69493896,0.5,1.0,1.0,1.5,0.014053112,0.79871863
0.4511916,0.11772237,0.5,1.0,1.0,1.5,-0.0002035175,0.030741036
0.44455355,0.37865052,0.5,1.0,1.0,1.5,0.004456452,0.6490164
0.19812484,0.14759809,0.5,1.0,1.0,1.5,0.024796883,0.05490884
0.8513486,0.45024872,0.5,1.0,1.0,1.5,-0.0455382,0.36757
0.69276243,0.38493758,0.5,1.0,1.0,1.5,-0.017654488,0.3588376
0.14006184,0.30655244,0.5,1.0,1.0,1.5,0.065912604,0.46375495
0.33983108,0.981634,0.5,1.0,1.0,1.5,0.004382373,0.992658
0.9815287,0.41005328,0.5,1.0,1.0,1.5,-0.052576844,0.374005
0.9797682,0.3493588,0.5,1.0,1.0,1.5,-0.043970685,0.3828769
0.40054107,0.979763,0.5,1.0,1.0,1.5,0.0016534326,0.96606314
0.090332985,0.9815422,0.5,1.0,1.0,1.5,0.0054159733,0.9465667
0.97961795,0.099682584,0.5,1.0,1.0,1.5,-0.022968197,0.101168156
0.98135674,0.16010183,0.5,1.0,1.0,1.5,-0.032892965,0.2269603
0.15045968,0.9796554,0.5,1.0,1.0,1.5,6.382493e-05,1.0044212
0.9817243,0.6601334,0.5,1.0,1.0,1.5,-0.0637822,0.6017753
0.58990496,0.98158216,0.5,1.0,1.0,1.5,-0.0032106838,1.017663
0.8395307,0.98109955,0.5,1.0,1.0,1.5,8.587772e-05,0.9657538
0.9003632,0.97977245,0.5,1.0,1.0,1.5,-0.0015596687,0.9869915
0.6507075,0.9797081,0.5,1.0,1.0,1.5,0.0034213478,0.94934773
0.9798746,0.59961504,0.5,1.0,1.0,1.5,-0.058023658,0.5201917
0.97915643,0.8488775,0.5,1.0,1.0,1.5,-0.028569035,0.80563617
0.01891145,0.34096324,0.5,1.0,1.0,1.5,0.06298314,0.51879686
0.40903464,0.019979334,0.5,1.0,1.0,1.5,-0.00041259453,-0.04953158
0.34720644,0.02093138,0.5,1.0,1.0,1.5,-0.00017388258,-0.03663051
0.020329185,0.40256354,0.5,1.0,1.0,1.5,0.05502342,0.5182272
0.019391853,0.09127715,0.5,1.0,1.0,1.5,0.028670046,0.15458715
0.08952244,0.019734079,0.5,1.0,1.0,1.5,0.0011873101,0.043053806
0.15855494,0.018938273,0.5,1.0,1.0,1.5,0.0010012521,0.030011058
0.020934504,0.15317717,0.5,1.0,1.0,1.5,0.045043606,0.19577402
0.6584032,0.018754449,0.5,1.0,1.0,1.5,0.0018233018,0.011636019
0.018698398,0.5916121,0.5,1.0,1.0,1.5,0.041153744,0.70397407
0.01848785,0.8416376,0.5,1.0,1.0,1.5,0.027152328,0.8405231
0.019720837,0.9095102,0.5,1.0,1.0,1.5,0.024093157,0.9878943
0.01954587,0.6524163,0.5,1.0,1.0,1.5,0.038551595,0.72764623
0.59705836,0.020850092,0.5,1.0,1.0,1.5,0.003355337,0.03596574
0.84519166,0.021746626,0.5,1.0,1.0,1.5,-0.0024043764,0.03130853
0.0714803,0.98081166,0.5,1.0,1.0,1.5,-0.00018567289,0.951965
0.9798097,0.92915875,0.5,1.0,1.0,1.5,-0.009324239,0.9687228
0.9819003,0.6788468,0.5,1.0,1.0,1.5,-0.047299255,0.5006736
0.32105762,0.98163825,0.5,1.0,1.0,1.5,-0.0008540773,1.0218275
0.9816796,0.42889225,0.5,1.0,1.0,1.5,-0.051658217,0.4194014
0.57115513,0.98163664,0.5,1.0,1.0,1.5,0.0159802,0.90201056
0.82062775,0.9811669,0.5,1.0,1.0,1.5,-0.0024721948,0.9512144
0.981587,0.17908905,0.5,1.0,1.0,1.5,-0.03614415,0.178972
0.91954875,0.97850835,0.5,1.0,1.0,1.5,-0.0037085088,0.98877776
0.9784061,0.080461495,0.5,1.0,1.0,1.5,-0.025790073,0.1332125
0.6706153,0.97796214,0.5,1.0,1.0,1.5,0.0031292764,0.95303524
0.9781878,0.3296876,0.5,1.0,1.0,1.5,-0.047249664,0.24501231
0.97816515,0.5798719,0.5,1.0,1.0,1.5,-0.065300874,0.54260373
0.42022112,0.978169,0.5,1.0,1.0,1.5,0.0017091976,1.0542252
0.17018765,0.9780663,0.5,1.0,1.0,1.5,-0.0017544604,0.9993386
0.9787398,0.82931346,0.5,1.0,1.0,1.5,-0.040449653,0.8316958
0.92909217,0.02020846,0.5,1.0,1.0,1.5,-0.0038531898,0.012739837
0.019480426,0.07197292,0.5,1.0,1.0,1.5,0.020933203,0.06519613
0.018473404,0.32211328,0.5,1.0,1.0,1.5,0.06730962,0.4434525
0.6774574,0.018885454,0.5,1.0,1.0,1.5,0.0013274271,-0.021316886
0.42858803,0.019437551,0.5,1.0,1.0,1.5,0.004322502,-0.020136774
0.018847752,0.572518,0.5,1.0,1.0,1.5,0.04461496,0.64854723
0.17775206,0.018511485,0.5,1.0,1.0,1.5,0.0044534598,-0.0037796497
0.018663982,0.8226033,0.5,1.0,1.0,1.5,0.028887099,0.8305428
0.06994763,0.018103309,0.5,1.0,1.0,1.5,0.008612025,-0.003992796
0.018049037,0.92907643,0.5,1.0,1.0,1.5,0.018617686,0.9258449
0.32798797,0.019055441,0.5,1.0,1.0,1.5,0.0020774582,0.011872172
0.018663742,0.671193,0.5,1.0,1.0,1.5,0.035593726,0.72176594
0.57769114,0.019657847,0.5,1.0,1.0,1.5,0.0015317039,0.017453551
0.018872762,0.4218016,0.5,1.0,1.0,1.5,0.048921276,0.5347691
0.8259109,0.018926105,0.5,1.0,1.0,1.5,-0.0029065413,0.012418628
0.020319015,0.17305954,0.5,1.0,1.0,1.5,0.054643005,0.20809841
0.89628536,0.63399595,0.5,1.0,1.0,1.5,-0.055291146,0.62887305
0.6057562,0.6364757,0.5,1.0,1.0,1.5,0.019993711,0.6944942
0.37969393,0.10599691,0.5,1.0,1.0,1.5,0.006056004,0.03429693
0.38630763,0.3941236,0.5,1.0,1.0,1.5,0.015697587,0.70186067
0.6326251,0.7857989,0.5,1.0,1.0,1.5,0.00040262472,0.8296715
0.53693014,0.3677688,0.5,1.0,1.0,1.5,-0.006124961,0.58712715
0.76106596,0.88634175,0.5,1.0,1.0,1.5,-0.011085295,1.0455093
0.63638777,0.23826937,0.5,1.0,1.0,1.5,-0.033621714,0.21563268
0.6131539,0.31477076,0.5,1.0,1.0,1.5,-0.021661358,0.4542049
0.6126235,0.17927854,0.5,1.0,1.0,1.5,-0.014712559,0.12166682
0.6856415,0.86336774,0.5,1.0,1.0,1.5,-0.008620741,0.96937966
0.822129,0.8612654,0.5,1.0,1.0,1.5,-0.016454495,0.9672668
0.6644458,0.40915683,0.5,1.0,1.0,1.5,-0.0025909622,0.41919577
0.83355826,0.4062373,0.5,1.0,1.0,1.5,-0.041890252,0.33751553
0.15148601,0.16791028,0.5,1.0,1.0,1.5,0.042317607,0.10093382
0.15574537,0.33410764,0.5,1.0,1.0,1.5,0.05828858,0.5126076
0.1220946,0.21776973,0.5,1.0,1.0,1.5,0.05562788,0.29308853
0.7829009,0.37265116,0.5,1.0,1.0,1.5,-0.030723296,0.3196343
0.50835955,0.13311563,0.5,1.0,1.0,1.5,-0.003853355,0.06608662
0.8667514,0.7579469,0.5,1.0,1.0,1.5,-0.03758827,0.76247114
0.12320636,0.28092632,0.5,1.0,1.0,1.5,0.067098744,0.38918793
0.23866858,0.37645492,0.5,1.0,1.0,1.5,0.045761313,0.62413937
0.6240543,0.48951882,0.5,1.0,1.0,1.5,0.01777919,0.5920363
0.33963412,0.9724868,0.5,1.0,1.0,1.5,0.0017659279,0.9973238
0.9723218,0.41023624,0.5,1.0,1.0,1.5,-0.060240358,0.3389868
0.97165966,0.35032618,0.5,1.0,1.0,1.5,-0.04809034,0.3291533
0.39949656,0.9716179,0.5,1.0,1.0,1.5,-0.0024657082,0.9731561
0.09063287,0.97241455,0.5,1.0,1.0,1.5,0.0035052735,0.9422215
0.9713089,0.100801066,0.5,1.0,1.0,1.5,-0.026023379,0.0935379
0.971939,0.16022608,0.5,1.0,1.0,1.5,-0.03911958,0.12980843
0.14937177,0.9714206,0.5,1.0,1.0,1.5,-0.0022874265,0.94685847
0.028414717,0.34108704,0.5,1.0,1.0,1.5,0.06403899,0.42188728
0.4088761,0.030079275,0.5,1.0,1.0,1.5,0.0025214124,0.023869991
0.3439055,0.029898876,0.5,1.0,1.0,1.5,0.0012264655,0.007216096
0.02907926,0.40550277,0.5,1.0,1.0,1.5,0.058790784,0.4596976
0.028925639,0.09179419,0.5,1.0,1.0,1.5,0.023571119,0.20464438
0.08734934,0.028074335,0.5,1.0,1.0,1.5,0.0035715306,-0.0016941428
0.96948516,0.9090228,0.5,1.0,1.0,1.5,-0.018094048,0.93127215
0.97274166,0.6604298,0.5,1.0,1.0,1.5,-0.058355138,0.68949765
0.5897468,0.9724167,0.5,1.0,1.0,1.5,0.00025890837,0.9836174
0.899269,0.97156703,0.5,1.0,1.0,1.5,-0.006677459,0.97256696
0.83911026,0.97163856,0.5,1.0,1.0,1.5,-4.655216e-06,1.010597
0.6496933,0.97164875,0.5,1.0,1.0,1.5,-0.0011577401,0.97577775
0.9718984,0.60076016,0.5,1.0,1.0,1.5,-0.061520033,0.57080746
0.9684002,0.84777343,0.5,1.0,1.0,1.5,-0.031915653,0.86573523
0.15833941,0.028255934,0.5,1.0,1.0,1.5,0.0009662828,0.03363675
0.029363358,0.15621938,0.5,1.0,1.0,1.5,0.043971814,0.22645831
0.90890807,0.03043722,0.5,1.0,1.0,1.5,-0.0075172987,0.027899384
0.65795183,0.027980423,0.5,1.0,1.0,1.5,0.0013973489,0.037585318
0.027901098,0.5920962,0.5,1.0,1.0,1.5,0.044449363,0.6891919
0.029125266,0.9108754,0.5,1.0,1.0,1.5,0.011468956,0.8187355
0.027640672,0.8421858,0.5,1.0,1.0,1.5,0.028046226,0.903592
0.027361456,0.65511173,0.5,1.0,1.0,1.5,0.041970637,0.68443495
0.59381145,0.029321533,0.5,1.0,1.0,1.5,0.00085280696,0.06477079
0.84050524,0.031074831,0.5,1.0,1.0,1.5,-0.003725639,0.057739526
0.8857526,0.7462751,0.5,1.0,1.0,1.5,-0.040752698,0.7844397
0.49611568,0.11435823,0.5,1.0,1.0,1.5,-0.0022641174,0.0413813
0.96978354,0.92884696,0.5,1.0,1.0,1.5,-0.01634318,0.9640565
0.07276227,0.97120166,0.5,1.0,1.0,1.5,0.0035763737,0.9960257
0.32185385,0.9721317,0.5,1.0,1.0,1.5,-0.0004336466,0.9913899
0.97279006,0.67807233,0.5,1.0,1.0,1.5,-0.059202112,0.6650651
0.572035,0.9721611,0.5,1.0,1.0,1.5,-0.0034644967,1.0209949
0.9722081,0.42809722,0.5,1.0,1.0,1.5,-0.051827032,0.39006513
0.8211041,0.9714197,0.5,1.0,1.0,1.5,-0.0012975754,0.9842591
0.97229284,0.17861974,0.5,1.0,1.0,1.5,-0.04098481,0.16343245
0.9262669,0.9662137,0.5,1.0,1.0,1.5,-0.0014046091,0.9905924
0.96610326,0.07366495,0.5,1.0,1.0,1.5,-0.0188365,0.123615324
0.9657382,0.3225537,0.5,1.0,1.0,1.5,-0.04725895,0.33566362
0.67804664,0.96525246,0.5,1.0,1.0,1.5,-0.0037456695,0.99733514
0.9655981,0.57281697,0.5,1.0,1.0,1.5,-0.06618481,0.5976538
0.42730403,0.9657356,0.5,1.0,1.0,1.5,0.0012626674,0.96907985
0.17733535,0.96553725,0.5,1.0,1.0,1.5,-0.0004875646,0.95078063
0.96611965,0.8228096,0.5,1.0,1.0,1.5,-0.043489438,0.7829444
0.028870411,0.07318963,0.5,1.0,1.0,1.5,0.019247936,0.09159598
0.92864317,0.030292932,0.5,1.0,1.0,1.5,-0.0077107297,0.010524929
0.027500601,0.32308325,0.5,1.0,1.0,1.5,0.065276235,0.417543
0.6758549,0.02780524,0.5,1.0,1.0,1.5,0.0011890538,0.0053862333
0.42809337,0.02925247,0.5,1.0,1.0,1.5,-0.00055637443,-0.02594906
0.027754359,0.5741219,0.5,1.0,1.0,1.5,0.039464884,0.67798674
0.17657158,0.0271993,0.5,1.0,1.0,1.5,0.0020639547,0.03551638
0.02675725,0.92909056,0.5,1.0,1.0,1.5,0.020429498,0.9516878
0.027533555,0.8242227,0.5,1.0,1.0,1.5,0.028800907,0.8724644
0.0700975,0.026762301,0.5,1.0,1.0,1.5,0.008167017,0.016753674
0.027442751,0.67083734,0.5,1.0,1.0,1.5,0.037608385,0.75634986
0.32737482,0.02798914,0.5,1.0,1.0,1.5,0.000111191766,0.032364607
0.57752013,0.029181892,0.5,1.0,1.0,1.5,0.0029391171,0.0021806955
0.027687484,0.4221195,0.5,1.0,1.0,1.5,0.05657798,0.50039625
0.030300813,0.17348832,0.5,1.0,1.0,1.5,0.047972087,0.25239676
0.82392114,0.027972361,0.5,1.0,1.0,1.5,-0.003161674,0.043168545
0.30726403,0.3799128,0.5,1.0,1.0,1.5,0.03395297,0.6563984
0.6201024,0.55728483,0.5,1.0,1.0,1.5,0.027170341,0.65116125
0.57446045,0.16374338,0.5,1.0,1.0,1.5,-0.010769189,0.15858266
0.6565586,0.81634945,0.5,1.0,1.0,1.5,-0.0009075776,0.89282733
0.5661836,0.3417206,0.5,1.0,1.0,1.5,-0.021432174,0.5323797
0.8370086,0.8242007,0.5,1.0,1.0,1.5,-0.022594936,0.8802907
0.3558965,0.38614243,0.5,1.0,1.0,1.5,0.025478428,0.7325188
0.35155684,0.116417505,0.5,1.0,1.0,1.5,0.0011712227,0.018722177
0.61383873,0.6059273,0.5,1.0,1.0,1.5,0.021606473,0.7350485
0.88433814,0.6015516,0.5,1.0,1.0,1.5,-0.05080729,0.59022856
0.61099607,0.5875144,0.5,1.0,1.0,1.5,0.02737629,0.6671228
0.883059,0.5821058,0.5,1.0,1.0,1.5,-0.05345802,0.55669445
0.3375033,0.3890003,0.5,1.0,1.0,1.5,0.02469797,0.6878613
0.3324949,0.11662578,0.5,1.0,1.0,1.5,0.0039387527,0.012725234
0.6170876,0.654918,0.5,1.0,1.0,1.5,0.017996158,0.7558421
0.88556194,0.64419496,0.5,1.0,1.0,1.5,-0.057186514,0.6201514
0.4001472,0.11300308,0.5,1.0,1.0,1.5,-0.000513426,0.00830853
0.40469116,0.38276082,0.5,1.0,1.0,1.5,0.01460388,0.63936967
0.41463822,0.3818125,0.5,1.0,1.0,1.5,0.014077109,0.69379383
0.6180545,0.66492254,0.5,1.0,1.0,1.5,0.016670119,0.76447093
0.527246,0.1406452,0.5,1.0,1.0,1.5,-0.005045847,0.030686736
0.85931444,0.7765119,0.5,1.0,1.0,1.5,-0.035455883,0.8215009
0.2795478,0.11866152,0.5,1.0,1.0,1.5,0.00033158227,0.14286241
0.88416964,0.52729994,0.5,1.0,1.0,1.5,-0.05449169,0.52146655
0.7315361,0.3691268,0.5,1.0,1.0,1.5,-0.025680255,0.31178904
0.77911395,0.3593164,0.5,1.0,1.0,1.5,-0.031473067,0.3092636
0.10941879,0.22330205,0.5,1.0,1.0,1.5,0.058464058,0.2636674
0.1117537,0.27420595,0.5,1.0,1.0,1.5,0.071131624,0.33606967
0.4419757,0.11492015,0.5,1.0,1.0,1.5,0.0017126767,0.025621235
0.88668114,0.6897639,0.5,1.0,1.0,1.5,-0.048066095,0.69147855
0.43560067,0.38882175,0.5,1.0,1.0,1.5,0.009521436,0.63720495
0.61123705,0.68607116,0.5,1.0,1.0,1.5,0.012434684,0.79715127
0.28746715,0.38265938,0.5,1.0,1.0,1.5,0.03926571,0.65522933
0.6174031,0.5374943,0.5,1.0,1.0,1.5,0.026655188,0.51874894
0.601059,0.32160273,0.5,1.0,1.0,1.5,-0.030682877,0.3963309
0.6787947,0.8515877,0.5,1.0,1.0,1.5,0.0013376996,0.96094084
0.8270175,0.39852262,0.5,1.0,1.0,1.5,-0.039802726,0.35090387
0.6708127,0.39224753,0.5,1.0,1.0,1.5,-0.011237237,0.43689126
0.14503175,0.17603354,0.5,1.0,1.0,1.5,0.042187247,0.17201829
0.14122765,0.3201735,0.5,1.0,1.0,1.5,0.06059335,0.46305087
0.62954164,0.2767417,0.5,1.0,1.0,1.5,-0.03811702,0.27276134
0.6419227,0.22318128,0.5,1.0,1.0,1.5,-0.026250241,0.21032482
0.7749618,0.8928392,0.5,1.0,1.0,1.5,-0.0077324575,0.94514436
0.7231982,0.87928045,0.5,1.0,1.0,1.5,-0.00845279,0.95551664
0.8748022,0.49346375,0.5,1.0,1.0,1.5,-0.051196948,0.44727424
0.24038398,0.122436404,0.5,1.0,1.0,1.5,0.011125528,0.0422014
0.19732025,0.3610533,0.5,1.0,1.0,1.5,0.051765595,0.5461356
0.6391361,0.45057386,0.5,1.0,1.0,1.5,0.004475377,0.53478193
0.5302164,0.36839262,0.5,1.0,1.0,1.5,-0.008325985,0.5505061
0.63245547,0.7798752,0.5,1.0,1.0,1.5,0.004847111,0.88070506
0.8921519,0.70261186,0.5,1.0,1.0,1.5,-0.047514215,0.7220471
0.61351454,0.7062525,0.5,1.0,1.0,1.5,0.011236056,0.7851806
0.45304623,0.108695395,0.5,1.0,1.0,1.5,-0.0015447447,0.03790742
0.4556662,0.38676947,0.5,1.0,1.0,1.5,0.0051646978,0.64333665
0.6242349,0.7548369,0.5,1.0,1.0,1.5,0.010757862,0.81992316
0.5046034,0.3742101,0.5,1.0,1.0,1.5,-0.0041931393,0.5540757
0.27865416,0.38681063,0.5,1.0,1.0,1.5,0.037569877,0.6309183
0.613304,0.52873385,0.5,1.0,1.0,1.5,0.026217524,0.583831
0.18141875,0.3502599,0.5,1.0,1.0,1.5,0.05825033,0.516141
0.6490605,0.43412045,0.5,1.0,1.0,1.5,0.013437015,0.5184617
0.8096173,0.8743805,0.5,1.0,1.0,1.5,-0.011937143,0.9544444
0.62299865,0.19340745,0.5,1.0,1.0,1.5,-0.023212275,0.20611262
0.59989077,0.3313015,0.5,1.0,1.0,1.5,-0.026154494,0.39527228
0.66931987,0.85083944,0.5,1.0,1.0,1.5,-0.0028704684,0.9427105
0.6767468,0.8619072,0.5,1.0,1.0,1.5,-0.007943592,0.9096669
0.6114251,0.32388934,0.5,1.0,1.0,1.5,-0.029017128,0.44773194
0.6150502,0.4884968,0.5,1.0,1.0,1.5,0.02404667,0.5842604
0.88263553,0.48909092,0.5,1.0,1.0,1.5,-0.050792735,0.42009097
0.23780279,0.3854248,0.5,1.0,1.0,1.5,0.04094632,0.5778906
0.515641,0.3912377,0.5,1.0,1.0,1.5,0.0061122887,0.6682198
0.61656874,0.766657,0.5,1.0,1.0,1.5,0.0050846655,0.8950323
0.6340153,0.7960704,0.5,1.0,1.0,1.5,-0.0005485243,0.8480301
0.547623,0.3652421,0.5,1.0,1.0,1.5,-0.014792649,0.45418105
0.6951382,0.86373156,0.5,1.0,1.0,1.5,-0.00816512,0.9531003
0.8285823,0.85628533,0.5,1.0,1.0,1.5,-0.0148626175,0.8015251
0.6077294,0.1722694,0.5,1.0,1.0,1.5,-0.015749155,0.14872694
0.6136391,0.30505013,0.5,1.0,1.0,1.5,-0.032462932,0.36395404
0.65076345,0.41223502,0.5,1.0,1.0,1.5,0.0034974578,0.48726532
0.8405727,0.4136315,0.5,1.0,1.0,1.5,-0.039091904,0.31131557
0.15813154,0.15842897,0.5,1.0,1.0,1.5,0.035807747,0.16216016
0.16418417,0.3398257,0.5,1.0,1.0,1.5,0.061473303,0.51072645
0.8756062,0.7624703,0.5,1.0,1.0,1.5,-0.036275085,0.7538903
0.51308215,0.12403081,0.5,1.0,1.0,1.5,-0.00044809328,0.067863464
0.33075795,0.972412,0.5,1.0,1.0,1.5,0.0014265918,0.9501854
0.9723732,0.4191673,0.5,1.0,1.0,1.5,-0.052741323,0.3771924
0.9683792,0.33160734,0.5,1.0,1.0,1.5,-0.046372246,0.2814319
0.41824406,0.9683169,0.5,1.0,1.0,1.5,0.0005382898,0.9319721
0.08180868,0.9721039,0.5,1.0,1.0,1.5,0.0009604655,0.96326995
0.9683759,0.08253966,0.5,1.0,1.0,1.5,-0.019379254,0.16059649
0.9721639,0.16939445,0.5,1.0,1.0,1.5,-0.04256053,0.19675481
0.1681967,0.9681157,0.5,1.0,1.0,1.5,0.00026435102,0.96031356
0.027883798,0.33191866,0.5,1.0,1.0,1.5,0.067366526,0.42327166
0.41853917,0.02961131,0.5,1.0,1.0,1.5,0.0034784302,-0.02334553
0.33445203,0.036187492,0.5,1.0,1.0,1.5,0.0011671388,0.04633528
0.03542113,0.41449296,0.5,1.0,1.0,1.5,0.054793634,0.5117171
0.02869717,0.08247286,0.5,1.0,1.0,1.5,0.02649812,0.14879492
0.07880433,0.026697192,0.5,1.0,1.0,1.5,0.0120702805,0.015818536
0.9729029,0.6692292,0.5,1.0,1.0,1.5,-0.06040059,0.6287975
0.9696894,0.91897786,0.5,1.0,1.0,1.5,-0.015560413,0.9299505
0.58091515,0.9723973,0.5,1.0,1.0,1.5,-0.0002957466,1.0066705
0.8300649,0.9716046,0.5,1.0,1.0,1.5,-0.0011248295,0.9973408
0.66875345,0.96813416,0.5,1.0,1.0,1.5,0.00061014877,1.0040578
0.9684441,0.5820191,0.5,1.0,1.0,1.5,-0.06597957,0.55104274
0.9174651,0.9685394,0.5,1.0,1.0,1.5,-0.006013654,0.9500916
0.9693319,0.8310042,0.5,1.0,1.0,1.5,-0.03878994,0.8135296
0.16759516,0.02744132,0.5,1.0,1.0,1.5,0.003345924,0.0050331354
0.038998913,0.17144342,0.5,1.0,1.0,1.5,0.049434848,0.2519223
0.91875815,0.030341277,0.5,1.0,1.0,1.5,-0.011192994,0.048339307
0.02745689,0.5830671,0.5,1.0,1.0,1.5,0.041214693,0.67906755
0.028065465,0.9201328,0.5,1.0,1.0,1.5,0.020235097,0.89523184
0.6669465,0.027515674,0.5,1.0,1.0,1.5,-0.0014884071,0.07518327
0.5791892,0.037919633,0.5,1.0,1.0,1.5,0.00517465,0.045662224
0.02722358,0.8331482,0.5,1.0,1.0,1.5,0.025275473,0.88117075
0.034011234,0.66221625,0.5,1.0,1.0,1.5,0.041392524,0.72076017
0.8360038,0.038983036,0.5,1.0,1.0,1.5,-0.005606278,0.0020446181
0.96974796,0.93872625,0.5,1.0,1.0,1.5,-0.01307375,0.93400526
0.06310966,0.96942806,0.5,1.0,1.0,1.5,0.009289135,0.9906763
0.97240263,0.68703747,0.5,1.0,1.0,1.5,-0.05264699,0.69758654
0.97191226,0.43719935,0.5,1.0,1.0,1.5,-0.04140424,0.42244965
0.56294805,0.97182095,0.5,1.0,1.0,1.5,0.00058523216,0.972487
0.31273624,0.9717408,0.5,1.0,1.0,1.5,0.00285328,0.9222325
0.8119074,0.97114307,0.5,1.0,1.0,1.5,-0.0039478657,0.9977121
0.93792146,0.96823496,0.5,1.0,1.0,1.5,-0.002385653,0.94154304
0.9722585,0.18779403,0.5,1.0,1.0,1.5,-0.03680074,0.20752516
0.9681581,0.06201353,0.5,1.0,1.0,1.5,-0.015532462,0.06272507
0.96665674,0.31022662,0.5,1.0,1.0,1.5,-0.046323895,0.4171019
0.96655566,0.56026566,0.5,1.0,1.0,1.5,-0.05867212,0.5593976
0.43962714,0.96673083,0.5,1.0,1.0,1.5,-0.0014565894,0.9600878
0.1897529,0.9665712,0.5,1.0,1.0,1.5,0.00036787614,0.9128861
0.69079375,0.96597594,0.5,1.0,1.0,1.5,-0.0021965625,0.991601
0.96698856,0.8104222,0.5,1.0,1.0,1.5,-0.03732959,0.67103136
0.9385363,0.030343527,0.5,1.0,1.0,1.5,-0.00832072,0.031901658
0.03868405,0.06578455,0.5,1.0,1.0,1.5,0.018678404,0.11688921
0.037353456,0.3109813,0.5,1.0,1.0,1.5,0.06860002,0.3897594
0.68810874,0.040376388,0.5,1.0,1.0,1.5,-0.002597455,0.022789776
0.43760836,0.029141324,0.5,1.0,1.0,1.5,0.00030246517,0.022334754
0.19022383,0.037323747,0.5,1.0,1.0,1.5,0.006744473,0.08618808
0.040367693,0.56180346,0.5,1.0,1.0,1.5,0.037660394,0.6952287
0.027612133,0.9378409,0.5,1.0,1.0,1.5,0.01541903,0.92720056
0.060951237,0.027354546,0.5,1.0,1.0,1.5,0.008609831,0.033183992
0.040079653,0.812001,0.5,1.0,1.0,1.5,0.025619714,0.83269984
0.029246174,0.6794534,0.5,1.0,1.0,1.5,0.041538574,0.73779863
0.31865063,0.028972449,0.5,1.0,1.0,1.5,-0.0012857895,0.038487732
0.029024705,0.43070155,0.5,1.0,1.0,1.5,0.05642198,0.5482202
0.8150406,0.02825174,0.5,1.0,1.0,1.5,-0.0046018325,-0.01314652
0.033543304,0.18455197,0.5,1.0,1.0,1.5,0.05485114,0.22852671
0.5679173,0.031874184,0.5,1.0,1.0,1.5,0.003961013,0.007017851
0.3035274,0.38960353,0.5,1.0,1.0,1.5,0.030259376,0.63143677
0.3036359,0.10798091,0.5,1.0,1.0,1.5,0.0014454618,0.059426486
0.6104447,0.55357367,0.5,1.0,1.0,1.5,0.024547653,0.677631
0.89109993,0.5536053,0.5,1.0,1.0,1.5,-0.05117469,0.50217056
0.66242915,0.82416797,0.5,1.0,1.0,1.5,0.003542569,0.9079268
0.57325387,0.33622772,0.5,1.0,1.0,1.5,-0.018676354,0.51954764
0.60864913,0.57738984,0.5,1.0,1.0,1.5,0.02436671,0.6292889
0.89263415,0.57386667,0.5,1.0,1.0,1.5,-0.054549266,0.5075162
0.32737902,0.39135355,0.5,1.0,1.0,1.5,0.028430032,0.70245606
0.324497,0.10557317,0.5,1.0,1.0,1.5,0.004728362,0.026894093
0.5314662,0.13164751,0.5,1.0,1.0,1.5,-0.0015202789,0.07031435
0.51791066,0.13685517,0.5,1.0,1.0,1.5,-0.004887256,0.010770857
0.8681859,0.78003293,0.5,1.0,1.0,1.5,-0.035108283,0.8249644
0.86297655,0.76725054,0.5,1.0,1.0,1.5,-0.03762239,0.79577065
0.26869068,0.12155377,0.5,1.0,1.0,1.5,0.008887904,0.02446264
0.7374447,0.35626927,0.5,1.0,1.0,1.5,-0.03057529,0.31072983
0.721855,0.3710367,0.5,1.0,1.0,1.5,-0.022940068,0.33638948
0.7719905,0.35424966,0.5,1.0,1.0,1.5,-0.032479998,0.29095095
0.10456784,0.2306672,0.5,1.0,1.0,1.5,0.057570413,0.2760498
0.10830383,0.26563442,0.5,1.0,1.0,1.5,0.060826965,0.3410985
0.42569858,0.38977358,0.5,1.0,1.0,1.5,0.011809165,0.6565687
0.4342293,0.11250576,0.5,1.0,1.0,1.5,0.004168594,0.02688533
0.8906025,0.67950606,0.5,1.0,1.0,1.5,-0.04289237,0.6785854
0.61021584,0.67614126,0.5,1.0,1.0,1.5,0.017221328,0.751626
0.8205487,0.39057308,0.5,1.0,1.0,1.5,-0.038966123,0.3097704
0.67852265,0.38180938,0.5,1.0,1.0,1.5,-0.0042779036,0.37061366
0.13501796,0.31396356,0.5,1.0,1.0,1.5,0.062566176,0.4805466
0.13876793,0.18365517,0.5,1.0,1.0,1.5,0.04457999,0.17288697
0.6348576,0.29077992,0.5,1.0,1.0,1.5,-0.03563156,0.35467422
0.63197076,0.2664002,0.5,1.0,1.0,1.5,-0.034886926,0.29939428
0.6348406,0.20580669,0.5,1.0,1.0,1.5,-0.027562695,0.17295176
0.79350764,0.8882016,0.5,1.0,1.0,1.5,-0.008415064,0.87620485
0.7335444,0.88165617,0.5,1.0,1.0,1.5,-0.0059383623,0.96931505
0.7093142,0.88462377,0.5,1.0,1.0,1.5,-0.005843455,0.93851846
0.8951869,0.6929977,0.5,1.0,1.0,1.5,-0.048046622,0.7180079
0.890114,0.71282536,0.5,1.0,1.0,1.5,-0.043984152,0.6869309
0.44406635,0.10643517,0.5,1.0,1.0,1.5,0.0032738422,0.0488894
0.46271563,0.11069967,0.5,1.0,1.0,1.5,-0.00076476065,0.0127424
0.26758155,0.3824266,0.5,1.0,1.0,1.5,0.04010773,0.58825874
0.6176628,0.5176778,0.5,1.0,1.0,1.5,0.020512063,0.61235493
0.80335385,0.8833902,0.5,1.0,1.0,1.5,-0.01211432,0.9350996
0.70311886,0.88015664,0.5,1.0,1.0,1.5,-0.011243739,0.96378434
0.628807,0.19998518,0.5,1.0,1.0,1.5,-0.024907382,0.15472448
0.63017243,0.29699528,0.5,1.0,1.0,1.5,-0.035872165,0.3692758
0.18342575,0.36299765,0.5,1.0,1.0,1.5,0.055674504,0.5424225
0.64081824,0.42916498,0.5,1.0,1.0,1.5,0.006249926,0.5711566
0.69477475,0.883463,0.5,1.0,1.0,1.5,-0.0057475166,0.9467821
0.81481457,0.88759744,0.5,1.0,1.0,1.5,-0.006513329,0.9591677
0.6354759,0.19354703,0.5,1.0,1.0,1.5,-0.022141205,0.2196028
0.63333076,0.30540767,0.5,1.0,1.0,1.5,-0.03343482,0.36190474
0.40540832,0.10011577,0.5,1.0,1.0,1.5,9.3005365e-05,-0.005892873
0.40600064,0.39195913,0.5,1.0,1.0,1.5,0.01552193,0.6794311
0.6078984,0.6563266,0.5,1.0,1.0,1.5,0.015743937,0.75027573
0.8955751,0.6559198,0.5,1.0,1.0,1.5,-0.058094412,0.61308855
0.81579,0.8672616,0.5,1.0,1.0,1.5,-0.011565549,0.93960214
0.61764205,0.18636863,0.5,1.0,1.0,1.5,-0.019476369,0.17861968
0.89084613,0.7334143,0.5,1.0,1.0,1.5,-0.042289916,0.74717206
0.48287702,0.110215634,0.5,1.0,1.0,1.5,0.001006376,0.014952362
0.90628314,0.6355444,0.5,1.0,1.0,1.5,-0.057607714,0.62165165
0.5955545,0.63816386,0.5,1.0,1.0,1.5,0.017003398,0.695294
0.38702855,0.09522407,0.5,1.0,1.0,1.5,0.0029800988,0.0012937188
0.3879139,0.4042972,0.5,1.0,1.0,1.5,0.024512326,0.6771703
0.20444122,0.36709502,0.5,1.0,1.0,1.5,0.04997035,0.5296129
0.63432366,0.4580477,0.5,1.0,1.0,1.5,0.011789305,0.5224976
0.17290415,0.34512445,0.5,1.0,1.0,1.5,0.05818346,0.521982
0.65408546,0.42566714,0.5,1.0,1.0,1.5,-0.00021981797,0.46899918
0.11447215,0.28271726,0.5,1.0,1.0,1.5,0.062486365,0.31738007
0.11275538,0.21455978,0.5,1.0,1.0,1.5,0.054798704,0.2721361
0.787343,0.3634241,0.5,1.0,1.0,1.5,-0.031097539,0.30251408
0.28574213,0.1143723,0.5,1.0,1.0,1.5,0.008386789,0.030848086
0.8827708,0.5370656,0.5,1.0,1.0,1.5,-0.053371277,0.49579063
0.622239,0.32704404,0.5,1.0,1.0,1.5,-0.029461335,0.39180696
0.6200838,0.173163,0.5,1.0,1.0,1.5,-0.020486744,0.12684402
0.8233365,0.87317824,0.5,1.0,1.0,1.5,-0.010684865,0.9149308
0.67444384,0.8720774,0.5,1.0,1.0,1.5,-0.008018667,0.9522624
0.6690288,0.40126622,0.5,1.0,1.0,1.5,-0.0021511996,0.4397955
0.14821282,0.32709888,0.5,1.0,1.0,1.5,0.06385527,0.5548366
0.2596723,0.121468976,0.5,1.0,1.0,1.5,0.013005625,0.065886885
0.8842687,0.5086293,0.5,1.0,1.0,1.5,-0.0532784,0.44086424
0.13242133,0.30200195,0.5,1.0,1.0,1.5,0.061569612,0.43609717
0.6996336,0.37664008,0.5,1.0,1.0,1.5,-0.017107261,0.40278935
0.19060248,0.3682911,0.5,1.0,1.0,1.5,0.050633933,0.5560526
0.6357817,0.43754578,0.5,1.0,1.0,1.5,0.0072597032,0.48911715
0.6123412,0.696106,0.5,1.0,1.0,1.5,0.011671847,0.77017665
0.4455452,0.38780293,0.5,1.0,1.0,1.5,0.011879631,0.6589986
0.8905118,0.7525622,0.5,1.0,1.0,1.5,-0.040489532,0.79646206
0.50229853,0.10914437,0.5,1.0,1.0,1.5,0.0022845475,0.073001385
0.7453833,0.3518728,0.5,1.0,1.0,1.5,-0.03030914,0.32598254
0.09847007,0.23710294,0.5,1.0,1.0,1.5,0.058976624,0.30094853
0.094033346,0.26517904,0.5,1.0,1.0,1.5,0.06712626,0.2824323
0.7657182,0.3480332,0.5,1.0,1.0,1.5,-0.03423982,0.2701734
0.659321,0.84268165,0.5,1.0,1.0,1.5,-0.0010895268,0.9409933
0.59096235,0.34182167,0.5,1.0,1.0,1.5,-0.023155645,0.40855837
0.69151217,0.36997133,0.5,1.0,1.0,1.5,-0.021682965,0.35123587
0.12348971,0.3015684,0.5,1.0,1.0,1.5,0.06287443,0.40164506
0.90374655,0.6765611,0.5,1.0,1.0,1.5,-0.05245673,0.63689923
0.60169303,0.67732567,0.5,1.0,1.0,1.5,0.010090481,0.7425008
0.42848387,0.10456468,0.5,1.0,1.0,1.5,0.0013841589,0.049255967
0.42675927,0.39851147,0.5,1.0,1.0,1.5,0.01408805,0.6435963
0.2858631,0.10539752,0.5,1.0,1.0,1.5,0.005836209,0.015077591
0.8903554,0.5326302,0.5,1.0,1.0,1.5,-0.05418469,0.5437147
0.1276933,0.19915688,0.5,1.0,1.0,1.5,0.044096533,0.25145057
0.8024678,0.3775926,0.5,1.0,1.0,1.5,-0.03282929,0.27680385
0.88907844,0.51374185,0.5,1.0,1.0,1.5,-0.053768408,0.46156567
0.26000068,0.112025164,0.5,1.0,1.0,1.5,0.006831391,0.030533612
0.6947499,0.8967329,0.5,1.0,1.0,1.5,-0.006503702,0.9757954
0.64643127,0.30624816,0.5,1.0,1.0,1.5,-0.03050651,0.3553319
0.87095743,0.4851173,0.5,1.0,1.0,1.5,-0.049562205,0.4636324
0.88628757,0.6223797,0.5,1.0,1.0,1.5,-0.05202593,0.6315957
0.3710704,0.11599588,0.5,1.0,1.0,1.5,-0.0018747193,0.12280151
0.31956446,0.40469432,0.5,1.0,1.0,1.5,0.027406342,0.62257224
0.5953121,0.5695713,0.5,1.0,1.0,1.5,0.026467884,0.6716714
0.3272098,0.09584347,0.5,1.0,1.0,1.5,0.0018526798,0.03307885
0.89974606,0.57583576,0.5,1.0,1.0,1.5,-0.054910988,0.52292776
0.6120566,0.49840453,0.5,1.0,1.0,1.5,0.026754603,0.62157404
0.24802832,0.3879491,0.5,1.0,1.0,1.5,0.042537156,0.64087594
0.52526724,0.38949913,0.5,1.0,1.0,1.5,0.0007361795,0.5988383
0.61420786,0.7737661,0.5,1.0,1.0,1.5,0.007952407,0.88688624
0.642489,0.80203295,0.5,1.0,1.0,1.5,-0.0023426586,0.8940766
0.5528916,0.35599664,0.5,1.0,1.0,1.5,-0.012948835,0.5284441
0.8235085,0.850188,0.5,1.0,1.0,1.5,-0.016903047,0.9211819
0.60102195,0.17726654,0.5,1.0,1.0,1.5,-0.014813023,0.15435198
0.8479921,0.42076755,0.5,1.0,1.0,1.5,-0.04360303,0.3742233
0.8407339,0.4002955,0.5,1.0,1.0,1.5,-0.03635707,0.35521394
0.16827844,0.15285592,0.5,1.0,1.0,1.5,0.031086126,0.16378313
0.14679733,0.15454592,0.5,1.0,1.0,1.5,0.03748386,0.11414763
0.88749546,0.7586528,0.5,1.0,1.0,1.5,-0.04320714,0.76097286
0.5087594,0.1119255,0.5,1.0,1.0,1.5,-0.0055558598,0.062987626
0.33956355,0.9636883,0.5,1.0,1.0,1.5,-0.00020398153,0.98690534
0.406803,0.9581943,0.5,1.0,1.0,1.5,0.0025406575,0.99073565
0.9634288,0.41035584,0.5,1.0,1.0,1.5,-0.05115034,0.37421203
0.9584392,0.34288335,0.5,1.0,1.0,1.5,-0.044873368,0.30705398
0.09118666,0.9634085,0.5,1.0,1.0,1.5,0.0048531527,0.9734297
0.95770043,0.09399419,0.5,1.0,1.0,1.5,-0.020926114,0.10438359
0.15665333,0.9577618,0.5,1.0,1.0,1.5,0.004465864,1.0177408
0.96238464,0.16016577,0.5,1.0,1.0,1.5,-0.03905014,0.15181938
0.037996653,0.34098998,0.5,1.0,1.0,1.5,0.05000479,0.43243507
0.40899655,0.040308226,0.5,1.0,1.0,1.5,-0.0051429095,-0.0011268258
0.036498565,0.40793243,0.5,1.0,1.0,1.5,0.054687295,0.4932777
0.34110302,0.037379622,0.5,1.0,1.0,1.5,0.0016002718,0.0022446513
0.038321815,0.09220302,0.5,1.0,1.0,1.5,0.025650047,0.15760818
0.08882531,0.039280616,0.5,1.0,1.0,1.5,0.008417537,0.10998678
0.9594472,0.909063,0.5,1.0,1.0,1.5,-0.022068799,0.8889458
0.964194,0.6607757,0.5,1.0,1.0,1.5,-0.05986155,0.6513124
0.959095,0.5936637,0.5,1.0,1.0,1.5,-0.061103433,0.574831
0.9060968,0.9581221,0.5,1.0,1.0,1.5,-0.002859231,0.9539733
0.6572885,0.958579,0.5,1.0,1.0,1.5,-0.00030694087,0.961135
0.589723,0.96360445,0.5,1.0,1.0,1.5,0.00448358,0.97333837
0.8386987,0.9624446,0.5,1.0,1.0,1.5,-0.00379524,0.9606428
0.9577786,0.8452893,0.5,1.0,1.0,1.5,-0.02831231,0.8591727
0.15873128,0.037319586,0.5,1.0,1.0,1.5,0.005217741,-0.04395634
0.03642835,0.16398379,0.5,1.0,1.0,1.5,0.046759095,0.24635285
0.9085752,0.04047538,0.5,1.0,1.0,1.5,-0.007043589,0.011552572
0.6579364,0.03708513,0.5,1.0,1.0,1.5,-0.0007413025,0.00089269876
0.036611665,0.84231937,0.5,1.0,1.0,1.5,0.028103122,0.8569164
0.03697099,0.59217423,0.5,1.0,1.0,1.5,0.043422233,0.69071376
0.5859629,0.03607913,0.5,1.0,1.0,1.5,0.004824994,0.026367366
0.03773489,0.91220486,0.5,1.0,1.0,1.5,0.01676542,0.9017084
0.032803785,0.6568715,0.5,1.0,1.0,1.5,0.036185034,0.70140165
0.84103364,0.04252595,0.5,1.0,1.0,1.5,-0.011482866,0.05561179
0.30348068,0.97112566,0.5,1.0,1.0,1.5,0.0030568403,0.99303424
0.55367833,0.97121066,0.5,1.0,1.0,1.5,-0.001791385,0.97533095
0.9715092,0.69603986,0.5,1.0,1.0,1.5,-0.055347092,0.691393
0.97138166,0.44641382,0.5,1.0,1.0,1.5,-0.04353148,0.50080633
0.92328924,0.9590678,0.5,1.0,1.0,1.5,-0.0080567915,0.9864749
0.8217674,0.9612838,0.5,1.0,1.0,1.5,-0.00050898455,0.95458496
0.95985305,0.9286494,0.5,1.0,1.0,1.5,-0.013264637,0.93907356
0.97133,0.80370414,0.5,1.0,1.0,1.5,-0.035651743,0.8096491
0.19705504,0.97065693,0.5,1.0,1.0,1.5,0.0026926552,0.9959764
0.44699663,0.9706577,0.5,1.0,1.0,1.5,-0.0013733185,1.004495
0.9624038,0.42704284,0.5,1.0,1.0,1.5,-0.045328315,0.4315153
0.9637387,0.6771544,0.5,1.0,1.0,1.5,-0.056030314,0.6771469
0.5732386,0.9623993,0.5,1.0,1.0,1.5,-0.00031015882,0.9880497
0.32293412,0.9622864,0.5,1.0,1.0,1.5,0.001403668,0.97956717
0.97082937,0.5529917,0.5,1.0,1.0,1.5,-0.058446158,0.5279801
0.9588636,0.3256527,0.5,1.0,1.0,1.5,-0.04526937,0.26894304
0.075021975,0.9619235,0.5,1.0,1.0,1.5,0.008589962,0.9975674
0.9587913,0.5763153,0.5,1.0,1.0,1.5,-0.059713982,0.48201084
0.42419976,0.9588079,0.5,1.0,1.0,1.5,0.0012483988,0.982859
0.17424546,0.9585168,0.5,1.0,1.0,1.5,0.0044399737,0.925419
0.9592055,0.82660174,0.5,1.0,1.0,1.5,-0.037314944,0.7914468
0.96960753,0.9486489,0.5,1.0,1.0,1.5,-0.013406416,0.95729256
0.958933,0.07661386,0.5,1.0,1.0,1.5,-0.022991521,0.12704629
0.054904047,0.9719198,0.5,1.0,1.0,1.5,0.00597665,1.0080369
0.9630677,0.1782286,0.5,1.0,1.0,1.5,-0.037790038,0.17976433
0.6747865,0.9583742,0.5,1.0,1.0,1.5,-0.0057317438,0.9929844
0.94488364,0.97205675,0.5,1.0,1.0,1.5,-0.0060426686,0.9717194
0.6979726,0.97043407,0.5,1.0,1.0,1.5,-0.0018656952,0.9737179
0.8025734,0.9706458,0.5,1.0,1.0,1.5,-0.0016900566,0.96835303
0.9706756,0.302955,0.5,1.0,1.0,1.5,-0.042684197,0.30027878
0.97198313,0.05508886,0.5,1.0,1.0,1.5,-0.013494482,0.04606515
0.97182417,0.19698426,0.5,1.0,1.0,1.5,-0.036819816,0.19573939
0.03402522,0.31595573,0.5,1.0,1.0,1.5,0.06863596,0.40398598
0.03874099,0.6766804,0.5,1.0,1.0,1.5,0.03509317,0.7364026
0.029834978,0.30648735,0.5,1.0,1.0,1.5,0.07420481,0.32033318
0.03101378,0.05530085,0.5,1.0,1.0,1.5,0.020785749,0.06710693
0.94850355,0.030467262,0.5,1.0,1.0,1.5,-0.008730836,0.016310513
0.03800151,0.07439158,0.5,1.0,1.0,1.5,0.018468022,0.13479882
0.69272953,0.03176197,0.5,1.0,1.0,1.5,-0.0008713198,0.044386625
0.4469892,0.029342579,0.5,1.0,1.0,1.5,0.0019449748,-1.1324883e-06
0.038328875,0.42872584,0.5,1.0,1.0,1.5,0.041130707,0.55579823
0.19386926,0.030012723,0.5,1.0,1.0,1.5,0.0049956515,0.03285843
0.18334821,0.035656344,0.5,1.0,1.0,1.5,0.00015707896,0.05205992
0.02866518,0.9507943,0.5,1.0,1.0,1.5,0.013365162,0.9348479
0.828175,0.04317973,0.5,1.0,1.0,1.5,-0.0073645785,0.0088249445
0.051330604,0.028221127,0.5,1.0,1.0,1.5,0.008810397,0.014170527
0.0317247,0.55716604,0.5,1.0,1.0,1.5,0.042821553,0.6205808
0.031930506,0.6887072,0.5,1.0,1.0,1.5,0.039803028,0.7346629
0.07874853,0.03446095,0.5,1.0,1.0,1.5,0.009629961,-0.001198113
0.031518426,0.44007173,0.5,1.0,1.0,1.5,0.051285304,0.5653048
0.3092578,0.031108707,0.5,1.0,1.0,1.5,0.0007372312,0.011255443
0.03130932,0.80743974,0.5,1.0,1.0,1.5,0.0322243,0.8264867
0.03389163,0.9310203,0.5,1.0,1.0,1.5,0.017532203,0.93487525
0.6812297,0.038052395,0.5,1.0,1.0,1.5,0.0001707098,0.088858575
0.80573297,0.029151868,0.5,1.0,1.0,1.5,-0.00018346496,0.023291409
0.030505242,0.1949615,0.5,1.0,1.0,1.5,0.048769675,0.24078926
0.55779403,0.030949771,0.5,1.0,1.0,1.5,0.004234885,0.023125648
0.31981215,0.03798969,0.5,1.0,1.0,1.5,0.0002599554,0.016399741
0.42784294,0.0391702,0.5,1.0,1.0,1.5,0.0038368253,0.038271725
0.043282483,0.17933066,0.5,1.0,1.0,1.5,0.050191652,0.18661833
0.92819625,0.040347192,0.5,1.0,1.0,1.5,-0.010804707,0.056190252
0.57233346,0.041145287,0.5,1.0,1.0,1.5,0.0035386907,0.030096412
0.037741195,0.81886554,0.5,1.0,1.0,1.5,0.02691436,0.8820418
0.038037542,0.56874025,0.5,1.0,1.0,1.5,0.042990822,0.6789208
0.29143637,0.109534554,0.5,1.0,1.0,1.5,0.0033282205,0.0072862506
0.888362,0.5413372,0.5,1.0,1.0,1.5,-0.06219034,0.4920737
0.10548991,0.24420133,0.5,1.0,1.0,1.5,0.059134636,0.3023553
0.112073876,0.25192738,0.5,1.0,1.0,1.5,0.063929334,0.36431652
0.7502997,0.36166617,0.5,1.0,1.0,1.5,-0.025684627,0.32708758
0.72141,0.36171865,0.5,1.0,1.0,1.5,-0.028053328,0.31357592
0.7227393,0.38119632,0.5,1.0,1.0,1.5,-0.023196606,0.29819995
0.42294374,0.11400574,0.5,1.0,1.0,1.5,0.0020034495,0.007928729
0.8840978,0.66579324,0.5,1.0,1.0,1.5,-0.048290692,0.64860886
0.82954365,0.38537616,0.5,1.0,1.0,1.5,-0.032427974,0.31483406
0.6693468,0.38309246,0.5,1.0,1.0,1.5,-0.009134556,0.47483575
0.13448124,0.32662502,0.5,1.0,1.0,1.5,0.064319335,0.4550432
0.13681968,0.17031114,0.5,1.0,1.0,1.5,0.04052506,0.17334619
0.6422408,0.28216836,0.5,1.0,1.0,1.5,-0.032967977,0.3009259
0.62194765,0.26287878,0.5,1.0,1.0,1.5,-0.029988267,0.26042655
0.64114654,0.2113081,0.5,1.0,1.0,1.5,-0.029601447,0.16271883
0.78622586,0.8934978,0.5,1.0,1.0,1.5,-0.0073121795,0.9574274
0.73709404,0.8718375,0.5,1.0,1.0,1.5,-0.005643745,1.0231953
0.7179898,0.8913483,0.5,1.0,1.0,1.5,-0.006997266,0.9944033
0.9002135,0.7135187,0.5,1.0,1.0,1.5,-0.04718376,0.73553383
0.62481844,0.71480554,0.5,1.0,1.0,1.5,0.010393159,0.8171421
0.46313658,0.10091168,0.5,1.0,1.0,1.5,0.0051002577,0.025133312
0.46449992,0.37553862,0.5,1.0,1.0,1.5,-0.003032751,0.59167534
0.8285282,0.86722493,0.5,1.0,1.0,1.5,-0.016539732,0.94560134
0.6146635,0.1663131,0.5,1.0,1.0,1.5,-0.016208969,0.15035143
0.6833937,0.8829275,0.5,1.0,1.0,1.5,-0.0067839446,0.9498129
0.8236845,0.8919424,0.5,1.0,1.0,1.5,-0.0067315735,0.92223775
0.637692,0.18148282,0.5,1.0,1.0,1.5,-0.020918977,0.1426087
0.63253516,0.31663448,0.5,1.0,1.0,1.5,-0.033860035,0.37660617
0.90575564,0.64534706,0.5,1.0,1.0,1.5,-0.05262112,0.6678394
0.59725314,0.6481447,0.5,1.0,1.0,1.5,0.018765235,0.7384958
0.39504346,0.09451517,0.5,1.0,1.0,1.5,0.00135077,0.037787676
0.39780062,0.40260726,0.5,1.0,1.0,1.5,0.019353397,0.70150405
0.21214637,0.35941553,0.5,1.0,1.0,1.5,0.051555365,0.558503
0.6416207,0.46423557,0.5,1.0,1.0,1.5,0.014315986,0.521122
0.11478894,0.29203165,0.5,1.0,1.0,1.5,0.06336425,0.3960395
0.11326737,0.20360485,0.5,1.0,1.0,1.5,0.048162535,0.23756123
0.7960271,0.36665785,0.5,1.0,1.0,1.5,-0.029687375,0.29470617
0.53811014,0.38533396,0.5,1.0,1.0,1.5,-0.0023318161,0.59690446
0.6158235,0.78378963,0.5,1.0,1.0,1.5,0.00094028283,0.8308133
0.1970732,0.37405333,0.5,1.0,1.0,1.5,0.0490643,0.56199926
0.63084936,0.44543424,0.5,1.0,1.0,1.5,0.0066540632,0.54033977
0.89465636,0.7427473,0.5,1.0,1.0,1.5,-0.042216513,0.7704437
0.49205253,0.10589158,0.5,1.0,1.0,1.5,0.00085830246,0.052983105
0.57645833,0.3425419,0.5,1.0,1.0,1.5,-0.01986548,0.48585087
0.65482026,0.82873094,0.5,1.0,1.0,1.5,-0.0012195185,0.9249934
0.5173481,0.11458597,0.5,1.0,1.0,1.5,0.0015210267,0.06113583
0.8846903,0.766701,0.5,1.0,1.0,1.5,-0.040016837,0.7315815
0.89243907,0.5911298,0.5,1.0,1.0,1.5,-0.051530365,0.5808891
0.34181932,0.106921256,0.5,1.0,1.0,1.5,0.00046590646,0.010280073
0.28288457,0.40351936,0.5,1.0,1.0,1.5,0.034455925,0.6604501
0.596818,0.5331662,0.5,1.0,1.0,1.5,0.024238324,0.6159705
0.88714075,0.4963926,0.5,1.0,1.0,1.5,-0.049873807,0.50549555
0.25011608,0.111983076,0.5,1.0,1.0,1.5,0.009735161,0.06277895
0.102061786,0.27835524,0.5,1.0,1.0,1.5,0.06181106,0.41025332
0.6556434,0.4031206,0.5,1.0,1.0,1.5,-3.4544617e-05,0.54653746
0.14788797,0.34370354,0.5,1.0,1.0,1.5,0.05756145,0.5226796
0.40753758,0.40099183,0.5,1.0,1.0,1.5,0.02000851,0.67165273
0.5989232,0.6579842,0.5,1.0,1.0,1.5,0.013477374,0.73267007
0.9062056,0.65514326,0.5,1.0,1.0,1.5,-0.055956192,0.6687361
0.40145135,0.094036914,0.5,1.0,1.0,1.5,0.00076150894,0.047975004
0.25806963,0.37889862,0.5,1.0,1.0,1.5,0.044590786,0.6272911
0.62119937,0.5082924,0.5,1.0,1.0,1.5,0.023594882,0.5792885
0.6328093,0.42496073,0.5,1.0,1.0,1.5,0.005577335,0.44974768
0.17010763,0.3660151,0.5,1.0,1.0,1.5,0.044763636,0.5330074
0.86481714,0.78924835,0.5,1.0,1.0,1.5,-0.035661552,0.8201791
0.54085416,0.13545859,0.5,1.0,1.0,1.5,-0.0071029,0.04553944
0.6151511,0.62524116,0.5,1.0,1.0,1.5,0.021503646,0.6859587
0.3751587,0.38478288,0.5,1.0,1.0,1.5,0.0149641475,0.671828
0.71395946,0.3608446,0.5,1.0,1.0,1.5,-0.026611907,0.32399058
0.61382824,0.75635445,0.5,1.0,1.0,1.5,0.008515067,0.83697605
0.50576746,0.38359004,0.5,1.0,1.0,1.5,0.0012268967,0.5794723
0.6653809,0.86944276,0.5,1.0,1.0,1.5,-0.0018750587,0.9619379
0.6179042,0.33487904,0.5,1.0,1.0,1.5,-0.024576176,0.3945676
0.61391044,0.54427755,0.5,1.0,1.0,1.5,0.02276432,0.59530365
0.29423115,0.3861487,0.5,1.0,1.0,1.5,0.03600956,0.58363444
0.83048564,0.8449605,0.5,1.0,1.0,1.5,-0.019673852,0.9016396
0.59569716,0.17012839,0.5,1.0,1.0,1.5,-0.0129866935,0.13546693
0.5066651,0.39313126,0.5,1.0,1.0,1.5,0.002335146,0.5635153
0.6031267,0.75725174,0.5,1.0,1.0,1.5,0.00642415,0.8008793
0.77355367,0.9041486,0.5,1.0,1.0,1.5,-0.008218282,0.96682644
0.6536934,0.22328629,0.5,1.0,1.0,1.5,-0.028032575,0.22803035
0.55075604,0.13861343,0.5,1.0,1.0,1.5,-0.006628014,0.07949242
0.8622549,0.79923576,0.5,1.0,1.0,1.5,-0.029628757,0.848986
0.9539058,0.17812014,0.5,1.0,1.0,1.5,-0.035815325,0.16033077
0.8222924,0.95073867,0.5,1.0,1.0,1.5,-0.0031652357,0.93628824
0.9523789,0.42611027,0.5,1.0,1.0,1.5,-0.04940706,0.39290777
0.95507663,0.6767651,0.5,1.0,1.0,1.5,-0.05943565,0.6446897
0.5743384,0.95247054,0.5,1.0,1.0,1.5,-0.0029026708,0.9292703
0.32392296,0.9522506,0.5,1.0,1.0,1.5,-0.0017140079,0.95686597
0.9502672,0.92850757,0.5,1.0,1.0,1.5,-0.016283847,0.88916135
0.06937685,0.95149493,0.5,1.0,1.0,1.5,0.008552769,0.93976843
0.17563072,0.043594066,0.5,1.0,1.0,1.5,0.0034577062,0.05005914
0.4279193,0.04910815,0.5,1.0,1.0,1.5,0.0016228559,0.022393286
0.047348738,0.82291865,0.5,1.0,1.0,1.5,0.027358692,0.8606615
0.047903318,0.572906,0.5,1.0,1.0,1.5,0.040403645,0.67971706
0.6771707,0.047795147,0.5,1.0,1.0,1.5,-0.0031163213,0.043866217
0.045233343,0.32573512,0.5,1.0,1.0,1.5,0.065219045,0.41392684
0.9277331,0.050113652,0.5,1.0,1.0,1.5,-0.013163075,-0.0037244558
0.046710312,0.07538476,0.5,1.0,1.0,1.5,0.023822038,0.018280447
0.49669552,0.38583502,0.5,1.0,1.0,1.5,-0.00014369539,0.62446624
0.61135006,0.7463059,0.5,1.0,1.0,1.5,0.0061586937,0.89874697
0.22885178,0.13430685,0.5,1.0,1.0,1.5,0.022411263,0.0642038
0.8595988,0.47934693,0.5,1.0,1.0,1.5,-0.047568418,0.4420452
0.61590177,0.7162022,0.5,1.0,1.0,1.5,0.009716235,0.8235761
0.46579695,0.38522944,0.5,1.0,1.0,1.5,0.0034089058,0.57861346
0.9098325,0.71406823,0.5,1.0,1.0,1.5,-0.050073277,0.7098501
0.607672,0.71773475,0.5,1.0,1.0,1.5,0.014326848,0.76378727
0.4637692,0.09130846,0.5,1.0,1.0,1.5,6.890064e-05,0.017255723
0.4672997,0.3960846,0.5,1.0,1.0,1.5,0.0055855922,0.589228
0.64882976,0.8221803,0.5,1.0,1.0,1.5,0.0002711364,0.90035737
0.91662204,0.6542026,0.5,1.0,1.0,1.5,-0.058026932,0.6130582
0.40419328,0.087637305,0.5,1.0,1.0,1.5,0.0024684244,-0.011464715
0.9477508,0.84174263,0.5,1.0,1.0,1.5,-0.028699953,0.8535602
0.9517283,0.58955985,0.5,1.0,1.0,1.5,-0.061525486,0.6030903
0.6618014,0.9508712,0.5,1.0,1.0,1.5,0.0026469105,0.99382126
0.91068363,0.9507451,0.5,1.0,1.0,1.5,-0.0030691186,0.95181364
0.5968776,0.9541675,0.5,1.0,1.0,1.5,-0.0048242332,0.94149315
0.8452786,0.95230407,0.5,1.0,1.0,1.5,-0.006220162,0.96063954
0.954714,0.65421134,0.5,1.0,1.0,1.5,-0.059286445,0.6567012
0.9495168,0.90931714,0.5,1.0,1.0,1.5,-0.01753928,0.8781914
0.8452845,0.047599994,0.5,1.0,1.0,1.5,-0.0046800384,0.0549511
0.5881721,0.04340486,0.5,1.0,1.0,1.5,0.0040003993,0.045900404
0.0403602,0.65927595,0.5,1.0,1.0,1.5,0.038728125,0.7672408
0.04375366,0.9147606,0.5,1.0,1.0,1.5,0.02156138,0.81821114
0.045482073,0.8416823,0.5,1.0,1.0,1.5,0.025694242,0.88528
0.0459919,0.5915316,0.5,1.0,1.0,1.5,0.03961003,0.6888143
0.65869784,0.04612951,0.5,1.0,1.0,1.5,-0.002319227,0.05899927
0.9080994,0.050499253,0.5,1.0,1.0,1.5,-0.014896965,0.032521725
0.16157024,0.94988257,0.5,1.0,1.0,1.5,0.005518383,0.9395574
0.9528311,0.15973423,0.5,1.0,1.0,1.5,-0.031999912,0.14786121
0.9505384,0.08932637,0.5,1.0,1.0,1.5,-0.02320352,0.11061472
0.09182739,0.9549135,0.5,1.0,1.0,1.5,0.013841363,0.9673798
0.04317758,0.16121589,0.5,1.0,1.0,1.5,0.049364492,0.19110209
0.15985845,0.046127852,0.5,1.0,1.0,1.5,0.0022829575,0.035348237
0.41160068,0.9504212,0.5,1.0,1.0,1.5,-0.0034318254,0.95948434
0.9507357,0.33818415,0.5,1.0,1.0,1.5,-0.0420853,0.27027515
0.9536113,0.40332317,0.5,1.0,1.0,1.5,-0.049130216,0.41608363
0.34666106,0.95429236,0.5,1.0,1.0,1.5,0.0021566832,0.9543158
0.093779214,0.048534174,0.5,1.0,1.0,1.5,0.006715188,0.08053571
0.047616635,0.09240163,0.5,1.0,1.0,1.5,0.020623945,0.20157298
0.042814743,0.41435623,0.5,1.0,1.0,1.5,0.05181007,0.4737072
0.33440846,0.04346161,0.5,1.0,1.0,1.5,-0.0028175376,-0.0019916892
0.40945855,0.05066343,0.5,1.0,1.0,1.5,0.005773493,0.08155966
0.047871716,0.34065294,0.5,1.0,1.0,1.5,0.058711544,0.4275167
0.58288187,0.3426905,0.5,1.0,1.0,1.5,-0.019094693,0.46387595
0.6579447,0.83508843,0.5,1.0,1.0,1.5,6.9652684e-05,0.93880516
0.7278814,0.33945408,0.5,1.0,1.0,1.5,-0.029854842,0.31110644
0.09156577,0.230624,0.5,1.0,1.0,1.5,0.06270683,0.25961432
0.08627251,0.27442476,0.5,1.0,1.0,1.5,0.065882266,0.34491086
0.77223027,0.3412164,0.5,1.0,1.0,1.5,-0.028535899,0.30469412
0.65048075,0.85099524,0.5,1.0,1.0,1.5,-0.00095962407,0.9214041
0.59977245,0.35068166,0.5,1.0,1.0,1.5,-0.016957918,0.40645796
0.71905017,0.9030463,0.5,1.0,1.0,1.5,-0.002322671,0.99148166
0.6552274,0.2813437,0.5,1.0,1.0,1.5,-0.031046968,0.2903147
0.9071416,0.6882932,0.5,1.0,1.0,1.5,-0.046556637,0.66904855
0.43587506,0.09582921,0.5,1.0,1.0,1.5,0.003016293,0.009230256
0.89386886,0.7693483,0.5,1.0,1.0,1.5,-0.03470922,0.7826792
0.51969284,0.10477856,0.5,1.0,1.0,1.5,0.0010221994,0.044009507
0.33310822,0.08569044,0.5,1.0,1.0,1.5,0.0066834185,0.01536119
0.8987403,0.5820397,0.5,1.0,1.0,1.5,-0.057461496,0.5811726
0.89425766,0.4914082,0.5,1.0,1.0,1.5,-0.054032505,0.4772128
0.24083363,0.11192005,0.5,1.0,1.0,1.5,0.009854829,0.038658738
0.6236134,0.5945341,0.5,1.0,1.0,1.5,0.022812374,0.68020356
0.3445235,0.37638178,0.5,1.0,1.0,1.5,0.024008678,0.6307393
0.60384023,0.49295217,0.5,1.0,1.0,1.5,0.022757784,0.57007784
0.24275362,0.39611256,0.5,1.0,1.0,1.5,0.03651693,0.5933343
0.3488539,0.972002,0.5,1.0,1.0,1.5,-0.00018019276,0.96788144
0.9716541,0.40092695,0.5,1.0,1.0,1.5,-0.055274345,0.34619284
0.099492796,0.9723123,0.5,1.0,1.0,1.5,0.0075571453,0.93887794
0.9717293,0.15109499,0.5,1.0,1.0,1.5,-0.030235909,0.13352716
0.02904636,0.35049728,0.5,1.0,1.0,1.5,0.0669756,0.45698047
0.39928055,0.03062395,0.5,1.0,1.0,1.5,0.0018361752,-0.0052209496
0.032294307,0.39853933,0.5,1.0,1.0,1.5,0.05905052,0.49400565
0.35081425,0.033437878,0.5,1.0,1.0,1.5,0.0016436431,0.019593239
0.029378204,0.10115082,0.5,1.0,1.0,1.5,0.026104515,0.0891943
0.09517972,0.032383516,0.5,1.0,1.0,1.5,0.005506262,0.020827174
0.96920174,0.8990266,0.5,1.0,1.0,1.5,-0.021242114,0.91007566
0.9720779,0.65129024,0.5,1.0,1.0,1.5,-0.060986534,0.61513096
0.5989546,0.9719028,0.5,1.0,1.0,1.5,-0.0027401298,1.0277492
0.8483836,0.9711469,0.5,1.0,1.0,1.5,-0.0031138943,0.9979645
0.14876324,0.02939649,0.5,1.0,1.0,1.5,0.0012939672,0.037162006
0.033172626,0.14945118,0.5,1.0,1.0,1.5,0.044196818,0.22624621
0.8990409,0.030620316,0.5,1.0,1.0,1.5,-0.0053419303,0.025186002
0.6488079,0.02884439,0.5,1.0,1.0,1.5,-0.0012838575,0.05343795
0.03119248,0.90202135,0.5,1.0,1.0,1.5,0.020683587,0.9500422
0.028348316,0.85143995,0.5,1.0,1.0,1.5,0.024736274,0.8263982
0.60023516,0.03348212,0.5,1.0,1.0,1.5,0.002646376,-0.027948081
0.028730934,0.6013189,0.5,1.0,1.0,1.5,0.04319917,0.69307446
0.84713566,0.035219874,0.5,1.0,1.0,1.5,-0.0070920065,0.0368253
0.030812405,0.64873356,0.5,1.0,1.0,1.5,0.03696937,0.7155661
0.3020798,0.9808566,0.5,1.0,1.0,1.5,0.0012961831,1.0171213
0.9596277,0.94807565,0.5,1.0,1.0,1.5,-0.009486476,0.92776704
0.056966417,0.9618075,0.5,1.0,1.0,1.5,0.0057172994,0.9733131
0.9628755,0.1956242,0.5,1.0,1.0,1.5,-0.03743523,0.17380548
0.4451499,0.9603698,0.5,1.0,1.0,1.5,0.0064499476,0.97426355
0.9633609,0.057322856,0.5,1.0,1.0,1.5,-0.012541544,0.055803
0.981008,0.4478416,0.5,1.0,1.0,1.5,-0.05481315,0.37353963
0.96176744,0.44478893,0.5,1.0,1.0,1.5,-0.052757833,0.39561993
0.30506343,0.96136975,0.5,1.0,1.0,1.5,-0.0019130222,1.0087873
0.9426323,0.9634438,0.5,1.0,1.0,1.5,-0.006758176,0.9949134
0.6973225,0.9590043,0.5,1.0,1.0,1.5,-0.004411553,1.0245422
0.80373126,0.96071124,0.5,1.0,1.0,1.5,0.002514436,0.99806285
0.9602057,0.30452698,0.5,1.0,1.0,1.5,-0.051236607,0.31770808
0.19550665,0.960148,0.5,1.0,1.0,1.5,0.005601994,0.95935374
0.9796746,0.9491715,0.5,1.0,1.0,1.5,-0.011968522,0.90516984
0.9620229,0.6938,0.5,1.0,1.0,1.5,-0.054619126,0.65064657
0.5554702,0.96166044,0.5,1.0,1.0,1.5,0.0024159246,0.9333459
0.55218214,0.9808662,0.5,1.0,1.0,1.5,0.00042083394,0.9514928
0.98104805,0.6976944,0.5,1.0,1.0,1.5,-0.05698433,0.6645234
0.80154526,0.9805584,0.5,1.0,1.0,1.5,-0.0007442711,0.96962047
0.052498892,0.97944635,0.5,1.0,1.0,1.5,0.005487353,1.0071725
0.960153,0.55413777,0.5,1.0,1.0,1.5,-0.05996663,0.54002863
0.9606415,0.80395174,0.5,1.0,1.0,1.5,-0.03666095,0.75869477
0.9811413,0.19817668,0.5,1.0,1.0,1.5,-0.04556749,0.20786577
0.94908917,0.020361872,0.5,1.0,1.0,1.5,-0.00534298,-0.0065848827
0.696958,0.022063155,0.5,1.0,1.0,1.5,-0.002938313,0.037989378
0.9478385,0.040503502,0.5,1.0,1.0,1.5,-0.008616745,0.049041748
0.69394433,0.044271808,0.5,1.0,1.0,1.5,-0.0042348644,0.032554567
0.8055118,0.039310496,0.5,1.0,1.0,1.5,-0.008777016,0.027384162
0.022037156,0.55296075,0.5,1.0,1.0,1.5,0.042457547,0.66212726
0.021571957,0.8032733,0.5,1.0,1.0,1.5,0.034669682,0.8074539
0.020910459,0.3027593,0.5,1.0,1.0,1.5,0.07239006,0.37659508
0.044277295,0.5559051,0.5,1.0,1.0,1.5,0.041154705,0.6804654
0.04166739,0.30535606,0.5,1.0,1.0,1.5,0.0670755,0.36311436
0.043837696,0.80605,0.5,1.0,1.0,1.5,0.031673916,0.8838627
0.1974851,0.021088738,0.5,1.0,1.0,1.5,0.0010209247,0.018864036
0.19565895,0.041385572,0.5,1.0,1.0,1.5,-0.0014584414,0.023873627
0.04503651,0.44469413,0.5,1.0,1.0,1.5,0.039573587,0.50343156
0.021482887,0.052370325,0.5,1.0,1.0,1.5,0.024566453,0.12055299
0.03982017,0.057798848,0.5,1.0,1.0,1.5,0.016910572,0.0710133
0.05258742,0.03750524,0.5,1.0,1.0,1.5,0.013859778,0.06888193
0.5518511,0.039941937,0.5,1.0,1.0,1.5,-0.0001357107,0.016054094
0.03973639,0.19896561,0.5,1.0,1.0,1.5,0.055451643,0.24542734
0.30452734,0.043988075,0.5,1.0,1.0,1.5,-0.002691526,0.022758484
0.44605234,0.039103407,0.5,1.0,1.0,1.5,0.0025524546,0.015431702
0.44806233,0.019566474,0.5,1.0,1.0,1.5,-0.00035406416,-0.04515767
0.035052147,0.9437841,0.5,1.0,1.0,1.5,0.01194224,0.91854274
0.045981325,0.69236726,0.5,1.0,1.0,1.5,0.035812806,0.7073897
0.6750026,0.3735995,0.5,1.0,1.0,1.5,-0.019863863,0.3964163
0.8250878,0.3779194,0.5,1.0,1.0,1.5,-0.03947125,0.29139614
0.1282292,0.31939682,0.5,1.0,1.0,1.5,0.063479535,0.46461052
0.13094363,0.17783448,0.5,1.0,1.0,1.5,0.040019926,0.18264878
0.19329403,0.979426,0.5,1.0,1.0,1.5,0.001605327,0.98405194
0.94165695,0.98022324,0.5,1.0,1.0,1.5,-0.0059925355,0.91202253
0.4432977,0.97944206,0.5,1.0,1.0,1.5,0.0033875518,1.0168928
0.69368947,0.97935295,0.5,1.0,1.0,1.5,0.0040279115,0.9567822
0.05065282,0.018735392,0.5,1.0,1.0,1.5,0.0032371639,0.036738396
0.30845577,0.020866787,0.5,1.0,1.0,1.5,-0.0011371905,-0.029533148
0.55817264,0.020766098,0.5,1.0,1.0,1.5,0.006477665,0.039748013
0.80680496,0.019254077,0.5,1.0,1.0,1.5,-0.0015566377,-0.013060272
0.9801735,0.058328267,0.5,1.0,1.0,1.5,-0.021647083,0.081915915
0.97945786,0.30669853,0.5,1.0,1.0,1.5,-0.04684572,0.32720554
0.97946906,0.55672437,0.5,1.0,1.0,1.5,-0.06313808,0.5643187
0.9797446,0.807075,0.5,1.0,1.0,1.5,-0.04238837,0.7752377
0.01774844,0.9474883,0.5,1.0,1.0,1.5,0.010064008,0.9774705
0.021226041,0.6904017,0.5,1.0,1.0,1.5,0.03833133,0.78175795
0.021042531,0.44123402,0.5,1.0,1.0,1.5,0.04942245,0.5162455
0.02022555,0.19273852,0.5,1.0,1.0,1.5,0.05759651,0.1947284
0.8274922,0.8847107,0.5,1.0,1.0,1.5,-0.011998505,0.91065174
0.15818477,0.34862924,0.5,1.0,1.0,1.5,0.053805266,0.50550085
0.6426706,0.40754762,0.5,1.0,1.0,1.5,-0.0040669497,0.4449021
0.9159518,0.63656914,0.5,1.0,1.0,1.5,-0.05618195,0.6202406
0.5853495,0.6405751,0.5,1.0,1.0,1.5,0.020389972,0.74774295
0.38567692,0.08422688,0.5,1.0,1.0,1.5,-0.0005849637,-0.006610155
0.39019465,0.4144537,0.5,1.0,1.0,1.5,0.021185381,0.7021174
0.09289754,0.27583703,0.5,1.0,1.0,1.5,0.06738722,0.42651558
0.5452515,0.3888283,0.5,1.0,1.0,1.5,-0.0035592923,0.55590653
0.61139166,0.7894908,0.5,1.0,1.0,1.5,0.00273281,0.8949444
0.9005185,0.5892296,0.5,1.0,1.0,1.5,-0.058615435,0.59037685
0.33988735,0.096573025,0.5,1.0,1.0,1.5,0.0023855849,0.047870398
0.13848843,0.3454969,0.5,1.0,1.0,1.5,0.05555847,0.4555319
0.6512331,0.38394392,0.5,1.0,1.0,1.5,-0.014438827,0.42408276
0.8449929,0.38716844,0.5,1.0,1.0,1.5,-0.03853109,0.37242272
0.13828291,0.15057781,0.5,1.0,1.0,1.5,0.03438913,0.14839083
0.52776694,0.11671758,0.5,1.0,1.0,1.5,0.003283804,0.10618672
0.88248944,0.7760116,0.5,1.0,1.0,1.5,-0.03631523,0.77333105
0.6010589,0.58927965,0.5,1.0,1.0,1.5,0.017885812,0.68907076
0.33927092,0.39893234,0.5,1.0,1.0,1.5,0.025882842,0.67173487
0.29244852,0.40703866,0.5,1.0,1.0,1.5,0.026023054,0.6387839
0.59326434,0.542698,0.5,1.0,1.0,1.5,0.025380064,0.6075813
0.60428995,0.7841751,0.5,1.0,1.0,1.5,0.0039293943,0.89192307
0.53365934,0.39331388,0.5,1.0,1.0,1.5,0.0014693479,0.52134925
0.6567367,0.866565,0.5,1.0,1.0,1.5,-0.0050392337,0.9326019
0.61646044,0.34315923,0.5,1.0,1.0,1.5,-0.015607914,0.4192326
0.41716683,0.39958483,0.5,1.0,1.0,1.5,0.01884318,0.6743568
0.60045654,0.6677124,0.5,1.0,1.0,1.5,0.01501001,0.76082903
0.62785393,0.43279213,0.5,1.0,1.0,1.5,0.0042906357,0.48882306
0.6356321,0.41515884,0.5,1.0,1.0,1.5,0.00080521125,0.50109327
0.18431836,0.37534288,0.5,1.0,1.0,1.5,0.04992998,0.5631692
0.16209449,0.36188567,0.5,1.0,1.0,1.5,0.05245074,0.5276576
0.70674837,0.35865602,0.5,1.0,1.0,1.5,-0.025601085,0.3866474
0.11376871,0.30217946,0.5,1.0,1.0,1.5,0.06713214,0.4236629
0.8346038,0.8626597,0.5,1.0,1.0,1.5,-0.016828183,0.8960373
0.60907173,0.15997776,0.5,1.0,1.0,1.5,-0.010060697,0.1630038
0.17438136,0.14502802,0.5,1.0,1.0,1.5,0.030841265,0.12870991
0.8561179,0.42709932,0.5,1.0,1.0,1.5,-0.041376382,0.41236517
0.6992606,0.90240777,0.5,1.0,1.0,1.5,-0.0052010138,0.98023623
0.65277505,0.30285993,0.5,1.0,1.0,1.5,-0.032810878,0.2902505
0.6286751,0.4643954,0.5,1.0,1.0,1.5,0.013403116,0.53870535
0.21079648,0.37377605,0.5,1.0,1.0,1.5,0.046884626,0.57661635
0.6243337,0.24299441,0.5,1.0,1.0,1.5,-0.028474003,0.25282297
0.7568598,0.87430435,0.5,1.0,1.0,1.5,-0.009558962,0.957397
0.6335245,0.809732,0.5,1.0,1.0,1.5,0.003540958,0.8657335
0.561067,0.36313787,0.5,1.0,1.0,1.5,-0.012224771,0.55954236
0.74381405,0.88321376,0.5,1.0,1.0,1.5,-0.0058106845,0.9783952
0.63351524,0.25602615,0.5,1.0,1.0,1.5,-0.032791898,0.23389983
0.58925474,0.58215296,0.5,1.0,1.0,1.5,0.029572325,0.6479024
0.33216554,0.41071737,0.5,1.0,1.0,1.5,0.026139902,0.6850729
0.59458095,0.68749094,0.5,1.0,1.0,1.5,0.0152827315,0.7543659
0.43699452,0.40636158,0.5,1.0,1.0,1.5,0.01631128,0.62013185
0.8979892,0.5123745,0.5,1.0,1.0,1.5,-0.05654416,0.4418327
0.25989035,0.102589406,0.5,1.0,1.0,1.5,0.008460013,-0.009328961
0.88622224,0.56278443,0.5,1.0,1.0,1.5,-0.05270308,0.49963182
0.31301606,0.11290764,0.5,1.0,1.0,1.5,0.0010814737,-0.02250272
0.90428275,0.7403655,0.5,1.0,1.0,1.5,-0.047954846,0.71531343
0.48866236,0.09753731,0.5,1.0,1.0,1.5,0.0016395912,0.02717483
0.1340463,0.15749423,0.5,1.0,1.0,1.5,0.037176583,0.17542565
0.8381692,0.38008183,0.5,1.0,1.0,1.5,-0.037828755,0.29076633
0.65998447,0.3830911,0.5,1.0,1.0,1.5,-0.012643889,0.40640247
0.13368155,0.3395379,0.5,1.0,1.0,1.5,0.059335813,0.48681158
0.5900493,0.5605056,0.5,1.0,1.0,1.5,0.029420206,0.6473399
0.31048396,0.4100473,0.5,1.0,1.0,1.5,0.028815294,0.6785619
0.105696775,0.19471124,0.5,1.0,1.0,1.5,0.05719405,0.24291196
0.10379564,0.30060285,0.5,1.0,1.0,1.5,0.06522824,0.4212739
0.79996115,0.3578891,0.5,1.0,1.0,1.5,-0.03277739,0.3004027
0.618631,0.45047286,0.5,1.0,1.0,1.5,0.014169938,0.51569605
0.1954825,0.38621104,0.5,1.0,1.0,1.5,0.048830643,0.57197493
0.23920049,0.4030719,0.5,1.0,1.0,1.5,0.03617079,0.67914397
0.8508116,0.3789292,0.5,1.0,1.0,1.5,-0.035744425,0.327164
0.13187389,0.14740615,0.5,1.0,1.0,1.5,0.033350654,0.1739352
0.13415134,0.35360196,0.5,1.0,1.0,1.5,0.062241685,0.5079721
0.63326883,0.17372805,0.5,1.0,1.0,1.5,-0.020985054,0.1554819
0.633064,0.32700655,0.5,1.0,1.0,1.5,-0.031592753,0.39470905
0.8352265,0.888947,0.5,1.0,1.0,1.5,-0.008686714,0.9381913
0.67104596,0.88356066,0.5,1.0,1.0,1.5,-0.0098749325,0.9696306
0.8900427,0.48461488,0.5,1.0,1.0,1.5,-0.050040092,0.43867075
0.23174039,0.11185222,0.5,1.0,1.0,1.5,0.0070856204,0.008146167
0.089012854,0.2845878,0.5,1.0,1.0,1.5,0.07026803,0.39400506
0.68420917,0.36360368,0.5,1.0,1.0,1.5,-0.01756234,0.36947238
0.9037529,0.49274752,0.5,1.0,1.0,1.5,-0.053375006,0.44180334
0.24140207,0.10121861,0.5,1.0,1.0,1.5,0.0079575945,0.06809682
0.6351075,0.47161075,0.5,1.0,1.0,1.5,0.016505053,0.5839135
0.2194764,0.36617807,0.5,1.0,1.0,1.5,0.047262833,0.57359755
0.62108046,0.46835688,0.5,1.0,1.0,1.5,0.015117817,0.5683299
0.21608986,0.38128796,0.5,1.0,1.0,1.5,0.044095155,0.591938
0.67425853,0.36680624,0.5,1.0,1.0,1.5,-0.019087657,0.39463258
0.8232198,0.37071872,0.5,1.0,1.0,1.5,-0.029905874,0.33632648
0.11733864,0.17984264,0.5,1.0,1.0,1.5,0.044674102,0.22425869
0.11295631,0.31477615,0.5,1.0,1.0,1.5,0.053956002,0.32831812
0.61965775,0.7356943,0.5,1.0,1.0,1.5,0.00815993,0.81692684
0.48583892,0.37947685,0.5,1.0,1.0,1.5,-0.0041715833,0.6093782
0.7408148,0.89357084,0.5,1.0,1.0,1.5,-0.00479694,1.0016332
0.6442926,0.2589186,0.5,1.0,1.0,1.5,-0.032742843,0.2882709
0.7530425,0.8846814,0.5,1.0,1.0,1.5,-0.0060696388,0.9393066
0.6349226,0.24659948,0.5,1.0,1.0,1.5,-0.029842861,0.26886714
0.9247735,0.6369238,0.5,1.0,1.0,1.5,-0.060139887,0.63347185
0.57602197,0.6448057,0.5,1.0,1.0,1.5,0.01806644,0.6705434
0.38858727,0.07330682,0.5,1.0,1.0,1.5,0.0046104123,0.0016357899
0.39418063,0.42363498,0.5,1.0,1.0,1.5,0.026158452,0.6661378
0.7841139,0.90599513,0.5,1.0,1.0,1.5,-0.004304208,1.0089533
0.7650209,0.90809846,0.5,1.0,1.0,1.5,-0.008527348,0.9321225
0.6541672,0.21077634,0.5,1.0,1.0,1.5,-0.023754809,0.22093531
0.6587521,0.23232052,0.5,1.0,1.0,1.5,-0.034261353,0.22965556
0.5533068,0.1289117,0.5,1.0,1.0,1.5,-0.0010344652,0.08926597
0.55638796,0.15222637,0.5,1.0,1.0,1.5,-0.008513388,0.14208508
0.8485984,0.80590224,0.5,1.0,1.0,1.5,-0.029245585,0.8765984
0.8724391,0.80039096,0.5,1.0,1.0,1.5,-0.031671334,0.82027876
0.8403208,0.84805024,0.5,1.0,1.0,1.5,-0.021894403,0.8708974
0.59886813,0.16000429,0.5,1.0,1.0,1.5,-0.014058705,0.100667804
0.22203353,0.120942004,0.5,1.0,1.0,1.5,0.0116551295,0.06929618
0.8754855,0.47382364,0.5,1.0,1.0,1.5,-0.043921717,0.43298918
0.9114379,0.70609725,0.5,1.0,1.0,1.5,-0.05080715,0.669368
0.594247,0.703819,0.5,1.0,1.0,1.5,0.014827053,0.81733954
0.45543155,0.08913621,0.5,1.0,1.0,1.5,0.0024362942,0.05145651
0.46438003,0.40737513,0.5,1.0,1.0,1.5,0.0129520735,0.6301415
0.4069833,0.07840506,0.5,1.0,1.0,1.5,0.0010744121,0.016829789
0.926432,0.65324974,0.5,1.0,1.0,1.5,-0.05741528,0.6436926
0.41261366,0.09311335,0.5,1.0,1.0,1.5,0.0020461376,0.024579883
0.94908243,0.83243847,0.5,1.0,1.0,1.5,-0.028524123,0.8369021
0.95078146,0.58260834,0.5,1.0,1.0,1.5,-0.057867557,0.61172855
0.6691341,0.9499504,0.5,1.0,1.0,1.5,0.00065941573,0.9999779
0.91781074,0.95060366,0.5,1.0,1.0,1.5,-0.0120812915,0.9443214
0.58421075,0.9514754,0.5,1.0,1.0,1.5,0.0009732889,1.0340954
0.8319858,0.9499102,0.5,1.0,1.0,1.5,-0.002140434,0.9603256
0.9524728,0.66717166,0.5,1.0,1.0,1.5,-0.061998367,0.6481339
0.9497294,0.91905206,0.5,1.0,1.0,1.5,-0.0153108835,0.9222934
0.83598554,0.049002152,0.5,1.0,1.0,1.5,-0.00074775564,0.004446447
0.58427995,0.05360095,0.5,1.0,1.0,1.5,0.0056477673,0.046959043
0.049620114,0.91768646,0.5,1.0,1.0,1.5,0.010988623,0.88220346
0.054725457,0.6644082,0.5,1.0,1.0,1.5,0.03722363,0.77914965
0.05144442,0.83163875,0.5,1.0,1.0,1.5,0.031403314,0.8621608
0.052254234,0.5817135,0.5,1.0,1.0,1.5,0.03971307,0.6508113
0.66857296,0.052142356,0.5,1.0,1.0,1.5,-0.002372595,0.09441033
0.9179455,0.050687935,0.5,1.0,1.0,1.5,-0.012333708,0.061246425
0.16906682,0.9495806,0.5,1.0,1.0,1.5,0.0023250128,0.96558166
0.9532714,0.16922541,0.5,1.0,1.0,1.5,-0.034754314,0.16054466
0.9505365,0.08211708,0.5,1.0,1.0,1.5,-0.021345852,0.15787351
0.07926675,0.9444068,0.5,1.0,1.0,1.5,0.014101441,0.9329462
0.053013407,0.1643654,0.5,1.0,1.0,1.5,0.044345718,0.20710048
0.17674507,0.05168483,0.5,1.0,1.0,1.5,0.0056606894,0.09708351
0.419051,0.9500372,0.5,1.0,1.0,1.5,0.0030463184,0.9664402
0.9502466,0.3308705,0.5,1.0,1.0,1.5,-0.042712208,0.39888507
0.9513377,0.416246,0.5,1.0,1.0,1.5,-0.05606197,0.35293686
0.33388004,0.95150167,0.5,1.0,1.0,1.5,0.0016361942,0.91108024
0.082316056,0.049254432,0.5,1.0,1.0,1.5,0.016126987,-0.011634588
0.046896026,0.08376294,0.5,1.0,1.0,1.5,0.024556065,0.1316401
0.0512519,0.41253838,0.5,1.0,1.0,1.5,0.054494318,0.46419275
0.33671507,0.05011478,0.5,1.0,1.0,1.5,-0.0039261193,0.003288567
0.41881683,0.04982936,0.5,1.0,1.0,1.5,0.0034557339,-0.044953823
0.7412089,0.34108257,0.5,1.0,1.0,1.5,-0.02957457,0.35459018
0.72640926,0.35149914,0.5,1.0,1.0,1.5,-0.032704,0.30351123
0.085741386,0.23482466,0.5,1.0,1.0,1.5,0.06343609,0.25538155
0.08939129,0.22002122,0.5,1.0,1.0,1.5,0.060010783,0.24819604
0.084042996,0.26786068,0.5,1.0,1.0,1.5,0.07011299,0.32596308
0.7904671,0.34253135,0.5,1.0,1.0,1.5,-0.03422702,0.29109272
0.7672643,0.33442184,0.5,1.0,1.0,1.5,-0.032324836,0.30443668
0.7289723,0.90300846,0.5,1.0,1.0,1.5,-0.00795809,0.9866791
0.6547998,0.27095133,0.5,1.0,1.0,1.5,-0.032815445,0.30132085
0.90419996,0.69601053,0.5,1.0,1.0,1.5,-0.050445996,0.6658981
0.9105081,0.6817211,0.5,1.0,1.0,1.5,-0.052792385,0.7015232
0.4451388,0.09714757,0.5,1.0,1.0,1.5,0.004062539,0.020875573
0.42313567,0.085406765,0.5,1.0,1.0,1.5,0.001702235,0.0356403
0.32117373,0.08228225,0.5,1.0,1.0,1.5,-0.000692124,0.027794182
0.9041944,0.57959044,0.5,1.0,1.0,1.5,-0.057807103,0.59487486
0.6071064,0.4860928,0.5,1.0,1.0,1.5,0.020832358,0.5795139
0.23566799,0.39382425,0.5,1.0,1.0,1.5,0.04065755,0.5754505
0.9693451,0.9589011,0.5,1.0,1.0,1.5,-0.011341832,0.96369565
0.04987123,0.966886,0.5,1.0,1.0,1.5,0.004463705,0.9798485
0.97027606,0.70494413,0.5,1.0,1.0,1.5,-0.05419589,0.6746968
0.54439545,0.97024494,0.5,1.0,1.0,1.5,0.00024421606,0.97492814
0.29423222,0.9702122,0.5,1.0,1.0,1.5,0.0032338372,0.9685761
0.9705408,0.45557982,0.5,1.0,1.0,1.5,-0.056325924,0.42705694
0.7933237,0.96981597,0.5,1.0,1.0,1.5,-0.00055232085,0.9435048
0.97088146,0.20620434,0.5,1.0,1.0,1.5,-0.03970119,0.16853887
0.035198417,0.8000287,0.5,1.0,1.0,1.5,0.035241097,0.83819824
0.036047257,0.5496438,0.5,1.0,1.0,1.5,0.0397938,0.657677
0.7001649,0.036077984,0.5,1.0,1.0,1.5,-0.0031328364,0.017692268
0.9587904,0.030702733,0.5,1.0,1.0,1.5,-0.007298206,0.015520513
0.03418694,0.29931524,0.5,1.0,1.0,1.5,0.06686085,0.3390953
0.034213506,0.04711856,0.5,1.0,1.0,1.5,0.014857197,0.10679427
0.20134766,0.03430603,0.5,1.0,1.0,1.5,0.0054418733,0.029773355
0.4562543,0.029949674,0.5,1.0,1.0,1.5,0.005157879,0.038111508
0.9082159,0.6263417,0.5,1.0,1.0,1.5,-0.064562604,0.64465106
0.59433883,0.6284353,0.5,1.0,1.0,1.5,0.020764781,0.70256656
0.3774891,0.08747124,0.5,1.0,1.0,1.5,0.0033194136,0.016902864
0.37825254,0.40553147,0.5,1.0,1.0,1.5,0.02328797,0.74609673
0.5501594,0.3803105,0.5,1.0,1.0,1.5,-0.005903812,0.5664617
0.6188828,0.79587317,0.5,1.0,1.0,1.5,0.0037937032,0.86540955
0.2977591,0.39816114,0.5,1.0,1.0,1.5,0.02796436,0.68946594
0.2793,0.41438147,0.5,1.0,1.0,1.5,0.029040419,0.6820395
0.5864211,0.5298877,0.5,1.0,1.0,1.5,0.024814734,0.6254085
0.60196406,0.5478785,0.5,1.0,1.0,1.5,0.025424033,0.6399446
0.40941828,0.40971446,0.5,1.0,1.0,1.5,0.022144062,0.65035486
0.5903173,0.66002303,0.5,1.0,1.0,1.5,0.011460796,0.6955611
0.6503734,0.8579209,0.5,1.0,1.0,1.5,-0.001754974,0.9268887
0.6077372,0.35032082,0.5,1.0,1.0,1.5,-0.018846555,0.49459141
0.6865817,0.90266335,0.5,1.0,1.0,1.5,-0.008559249,0.9688965
0.6512917,0.31563288,0.5,1.0,1.0,1.5,-0.031687234,0.3349886
0.9094665,0.5909354,0.5,1.0,1.0,1.5,-0.05564534,0.5840387
0.34392068,0.082576655,0.5,1.0,1.0,1.5,0.00017619506,-0.0052323937
0.60357535,0.6966753,0.5,1.0,1.0,1.5,0.014814908,0.8142648
0.5934987,0.6785325,0.5,1.0,1.0,1.5,0.018281471,0.76711035
0.42773122,0.40697908,0.5,1.0,1.0,1.5,0.016793888,0.61062783
0.4461769,0.39699575,0.5,1.0,1.0,1.5,0.012665556,0.6563458
0.56884813,0.36938235,0.5,1.0,1.0,1.5,-0.0052541075,0.5878242
0.63484603,0.8231563,0.5,1.0,1.0,1.5,-0.0011787154,0.8977119
0.4759274,0.382393,0.5,1.0,1.0,1.5,0.0005119776,0.5917535
0.617949,0.7260553,0.5,1.0,1.0,1.5,0.010619484,0.81614506
0.5921945,0.75816715,0.5,1.0,1.0,1.5,0.009552764,0.90830004
0.5071464,0.40271553,0.5,1.0,1.0,1.5,0.0077686124,0.5734964
0.5859587,0.57302237,0.5,1.0,1.0,1.5,0.022317383,0.65482527
0.32305294,0.41400746,0.5,1.0,1.0,1.5,0.025711533,0.6265452
0.09814855,0.19931766,0.5,1.0,1.0,1.5,0.050827205,0.20325753
0.119512916,0.19425286,0.5,1.0,1.0,1.5,0.05198224,0.20160145
0.8052061,0.36915615,0.5,1.0,1.0,1.5,-0.030499384,0.32130635
0.7971199,0.346366,0.5,1.0,1.0,1.5,-0.029055987,0.26038915
0.09398594,0.29736188,0.5,1.0,1.0,1.5,0.06761686,0.35915667
0.3896564,0.031216113,0.5,1.0,1.0,1.5,0.001098936,0.03420204
0.029753994,0.36005765,0.5,1.0,1.0,1.5,0.06436328,0.46894616
0.030058963,0.11047558,0.5,1.0,1.0,1.5,0.027824923,0.22109768
0.13892138,0.030646423,0.5,1.0,1.0,1.5,0.005419841,0.05502951
0.02911474,0.8607657,0.5,1.0,1.0,1.5,0.023614658,0.8674593
0.029705618,0.61060226,0.5,1.0,1.0,1.5,0.040535126,0.6390859
0.6396299,0.029897824,0.5,1.0,1.0,1.5,0.00039262557,0.069506764
0.88919234,0.031035222,0.5,1.0,1.0,1.5,-0.0028752866,0.029503703
0.9705614,0.3915139,0.5,1.0,1.0,1.5,-0.052395493,0.36827347
0.3581603,0.97108316,0.5,1.0,1.0,1.5,0.004122823,1.0071588
0.10822604,0.97149974,0.5,1.0,1.0,1.5,0.0019867418,0.998072
0.9709358,0.14217393,0.5,1.0,1.0,1.5,-0.03875472,0.24213573
0.60826826,0.97098476,0.5,1.0,1.0,1.5,-0.0027625742,0.9998133
0.8577471,0.970256,0.5,1.0,1.0,1.5,-0.0018891399,0.9482187
0.97100157,0.6420184,0.5,1.0,1.0,1.5,-0.051464573,0.4802446
0.9688225,0.8889412,0.5,1.0,1.0,1.5,-0.02025286,0.92666453
0.9075972,0.5037273,0.5,1.0,1.0,1.5,-0.058831938,0.45121247
0.25162166,0.09188914,0.5,1.0,1.0,1.5,0.0035580166,0.07149744
0.6210055,0.42725775,0.5,1.0,1.0,1.5,0.005100118,0.5122819
0.17863193,0.38253516,0.5,1.0,1.0,1.5,0.04457901,0.5914729
0.90553457,0.75980335,0.5,1.0,1.0,1.5,-0.047397785,0.7709081
0.50831056,0.092256755,0.5,1.0,1.0,1.5,0.002060502,0.053392112
0.81278265,0.94278353,0.5,1.0,1.0,1.5,-0.0038201464,0.93619543
0.94484586,0.6861035,0.5,1.0,1.0,1.5,-0.050516713,0.6752851
0.55926627,0.94468457,0.5,1.0,1.0,1.5,-0.0020187744,0.95611894
0.9493712,0.93793046,0.5,1.0,1.0,1.5,-0.014157247,0.9481864
0.94579655,0.18668276,0.5,1.0,1.0,1.5,-0.034146436,0.18583256
0.061388,0.95108485,0.5,1.0,1.0,1.5,0.012117241,0.95092964
0.94367397,0.4413743,0.5,1.0,1.0,1.5,-0.047508247,0.40651304
0.308376,0.94329774,0.5,1.0,1.0,1.5,0.002106707,0.93780696
0.053249434,0.56195366,0.5,1.0,1.0,1.5,0.03956675,0.65296495
0.05309389,0.8118491,0.5,1.0,1.0,1.5,0.033081494,0.8367914
0.9373692,0.05096049,0.5,1.0,1.0,1.5,-0.014168136,0.085490435
0.68795687,0.05308465,0.5,1.0,1.0,1.5,-0.0031573642,0.0551185
0.1902072,0.046695262,0.5,1.0,1.0,1.5,0.006245371,0.007889271
0.055411655,0.06300362,0.5,1.0,1.0,1.5,0.019331606,0.10690218
0.052840203,0.3060554,0.5,1.0,1.0,1.5,0.06550676,0.35836476
0.43722028,0.05819987,0.5,1.0,1.0,1.5,0.003482633,0.0048193336
0.60518926,0.7948748,0.5,1.0,1.0,1.5,0.00315373,0.85088253
0.5522784,0.39412493,0.5,1.0,1.0,1.5,0.002616336,0.52972406
0.63725185,0.40318882,0.5,1.0,1.0,1.5,-0.0019016461,0.45560014
0.15354906,0.35820392,0.5,1.0,1.0,1.5,0.056152735,0.49617627
0.6151434,0.35802034,0.5,1.0,1.0,1.5,-0.007716339,0.51669097
0.64196646,0.8595882,0.5,1.0,1.0,1.5,-0.0032250346,0.95836604
0.56225,0.12942982,0.5,1.0,1.0,1.5,-0.0025720764,0.13444683
0.8727,0.80927783,0.5,1.0,1.0,1.5,-0.030573837,0.82748294
0.6673386,0.2115968,0.5,1.0,1.0,1.5,-0.027833499,0.22885182
0.7817119,0.9181701,0.5,1.0,1.0,1.5,-0.0044790925,0.9319237
0.57299536,0.5332577,0.5,1.0,1.0,1.5,0.02881677,0.6249218
0.28240085,0.4286475,0.5,1.0,1.0,1.5,0.027205147,0.61732763
0.6378788,0.39497522,0.5,1.0,1.0,1.5,-0.0069214525,0.4570716
0.14132328,0.36550397,0.5,1.0,1.0,1.5,0.053605158,0.5245355
0.5556286,0.119894244,0.5,1.0,1.0,1.5,-0.0010485225,0.110188365
0.88245356,0.80068845,0.5,1.0,1.0,1.5,-0.034038376,0.79711854
0.6312783,0.40607843,0.5,1.0,1.0,1.5,-0.0012484267,0.50013655
0.15737402,0.37079993,0.5,1.0,1.0,1.5,0.056551706,0.5383591
0.9502171,0.8214839,0.5,1.0,1.0,1.5,-0.033283148,0.82375383
0.9507648,0.5722934,0.5,1.0,1.0,1.5,-0.057625294,0.5635551
0.4287916,0.9511275,0.5,1.0,1.0,1.5,-0.0044418117,0.89705586
0.17897734,0.95067936,0.5,1.0,1.0,1.5,0.0044211894,0.9264278
0.9512922,0.07189053,0.5,1.0,1.0,1.5,-0.023357224,0.13275933
0.951061,0.32109287,0.5,1.0,1.0,1.5,-0.0424076,0.34065467
0.9280162,0.95141894,0.5,1.0,1.0,1.5,-0.005327276,1.0052139
0.6792357,0.9499286,0.5,1.0,1.0,1.5,-0.0013358537,1.00073
0.05135484,0.17469332,0.5,1.0,1.0,1.5,0.050542515,0.20161235
0.82243913,0.046348434,0.5,1.0,1.0,1.5,-0.0079018865,0.061315894
0.04879439,0.4241051,0.5,1.0,1.0,1.5,0.053088408,0.5129502
0.5753125,0.049136788,0.5,1.0,1.0,1.5,0.0033296677,0.0396837
0.32166082,0.04736767,0.5,1.0,1.0,1.5,0.00021277135,-0.010038793
0.047624413,0.6720884,0.5,1.0,1.0,1.5,0.04394306,0.7362302
0.045969363,0.926575,0.5,1.0,1.0,1.5,0.017215911,0.9420839
0.07256657,0.042969726,0.5,1.0,1.0,1.5,0.010570105,0.017386258
0.6616002,0.20439084,0.5,1.0,1.0,1.5,-0.02415789,0.19983804
0.7947942,0.90905285,0.5,1.0,1.0,1.5,-0.0082742525,0.98186874
0.582038,0.66253674,0.5,1.0,1.0,1.5,0.017492425,0.7177125
0.41170552,0.41816017,0.5,1.0,1.0,1.5,0.011827734,0.73699796
0.34210113,0.071941055,0.5,1.0,1.0,1.5,-0.0017318106,-0.015751839
0.9157312,0.5901946,0.5,1.0,1.0,1.5,-0.057335474,0.5934838
0.592711,0.5014652,0.5,1.0,1.0,1.5,0.021596752,0.61755985
0.25193298,0.40620935,0.5,1.0,1.0,1.5,0.03769858,0.61152524
0.7844041,0.9689481,0.5,1.0,1.0,1.5,-0.0017003785,0.9889761
0.96905315,0.7136368,0.5,1.0,1.0,1.5,-0.049151294,0.72394896
0.5353409,0.9691561,0.5,1.0,1.0,1.5,-0.0033209212,0.9680718
0.9696631,0.21517411,0.5,1.0,1.0,1.5,-0.040264744,0.16028416
0.037415806,0.96490705,0.5,1.0,1.0,1.5,0.004642651,0.92574376
0.96957266,0.4645108,0.5,1.0,1.0,1.5,-0.05417572,0.4268546
0.28518948,0.96920747,0.5,1.0,1.0,1.5,0.0015408681,0.9786362
0.03691555,0.53573346,0.5,1.0,1.0,1.5,0.04156255,0.61137396
0.035291336,0.78657013,0.5,1.0,1.0,1.5,0.03356999,0.749392
0.7139213,0.03694971,0.5,1.0,1.0,1.5,1.790002e-06,0.011284173
0.21449707,0.03548379,0.5,1.0,1.0,1.5,0.0014952011,0.03748113
0.03230007,0.036313094,0.5,1.0,1.0,1.5,0.010846555,0.0065000653
0.46534455,0.031011393,0.5,1.0,1.0,1.5,0.0048300973,-0.021420956
0.034893885,0.28629693,0.5,1.0,1.0,1.5,0.06902147,0.4795524
0.84491515,0.3742106,0.5,1.0,1.0,1.5,-0.035864044,0.3225267
0.643697,0.38742343,0.5,1.0,1.0,1.5,-0.00951583,0.47719094
0.12702468,0.15149048,0.5,1.0,1.0,1.5,0.04150607,0.16718265
0.6429489,0.32750842,0.5,1.0,1.0,1.5,-0.026604421,0.4004686
0.67435414,0.89419585,0.5,1.0,1.0,1.5,-0.0045385277,0.9496909
0.097433634,0.28815213,0.5,1.0,1.0,1.5,0.061901618,0.3631642
0.61759675,0.45957735,0.5,1.0,1.0,1.5,0.01580158,0.55112994
0.2074462,0.38759372,0.5,1.0,1.0,1.5,0.042777926,0.6306338
0.6675137,0.36642116,0.5,1.0,1.0,1.5,-0.017016372,0.39150044
0.12064836,0.32470235,0.5,1.0,1.0,1.5,0.060881685,0.4908924
0.6158651,0.4794521,0.5,1.0,1.0,1.5,0.023525255,0.6087366
0.22849675,0.38523707,0.5,1.0,1.0,1.5,0.044046093,0.59933305
0.9336378,0.6435795,0.5,1.0,1.0,1.5,-0.05725006,0.62682754
0.5678163,0.64966196,0.5,1.0,1.0,1.5,0.02095415,0.73702073
0.39789256,0.07525722,0.5,1.0,1.0,1.5,0.00047990982,-0.026593983
0.3986278,0.43156385,0.5,1.0,1.0,1.5,0.024207467,0.65063953
0.75611275,0.9056104,0.5,1.0,1.0,1.5,8.396804e-06,0.9994403
0.65648556,0.2424201,0.5,1.0,1.0,1.5,-0.031041257,0.2511467
0.5711466,0.14943108,0.5,1.0,1.0,1.5,-0.009230387,0.09260827
0.8397853,0.8395301,0.5,1.0,1.0,1.5,-0.018439056,0.9146627
0.5899619,0.16097288,0.5,1.0,1.0,1.5,-0.015859423,0.10583353
0.8521448,0.82090056,0.5,1.0,1.0,1.5,-0.027913313,0.8531036
0.21420076,0.13128416,0.5,1.0,1.0,1.5,0.014177097,0.090112925
0.8648735,0.4677701,0.5,1.0,1.0,1.5,-0.047777824,0.40054595
0.91790813,0.7217729,0.5,1.0,1.0,1.5,-0.050249893,0.7566162
0.59140456,0.72208637,0.5,1.0,1.0,1.5,0.011901062,0.80928934
0.47257954,0.084127136,0.5,1.0,1.0,1.5,0.0017991245,-0.017929554
0.4726359,0.4086123,0.5,1.0,1.0,1.5,0.013066888,0.62845695
0.9378657,0.839773,0.5,1.0,1.0,1.5,-0.020717602,0.82151806
0.65870255,0.94500387,0.5,1.0,1.0,1.5,-0.0010770801,1.0177611
0.9077935,0.943916,0.5,1.0,1.0,1.5,-0.0075802207,0.94590575
0.8410606,0.9430905,0.5,1.0,1.0,1.5,-0.0046784654,0.935321
0.5939997,0.9463028,0.5,1.0,1.0,1.5,-0.005026835,0.9808663
0.94607896,0.59274477,0.5,1.0,1.0,1.5,-0.056576904,0.5860664
0.94010264,0.90957046,0.5,1.0,1.0,1.5,-0.012306115,0.94573
0.94705695,0.6577343,0.5,1.0,1.0,1.5,-0.051693585,0.65078866
0.05382716,0.8399296,0.5,1.0,1.0,1.5,0.025737673,0.8546319
0.84911716,0.05502092,0.5,1.0,1.0,1.5,-0.009384276,0.063804656
0.04661825,0.6558396,0.5,1.0,1.0,1.5,0.03638485,0.7709146
0.059840493,0.91029614,0.5,1.0,1.0,1.5,0.017235186,0.9066056
0.5909601,0.0508152,0.5,1.0,1.0,1.5,0.004517733,0.09059554
0.6605428,0.054619074,0.5,1.0,1.0,1.5,-0.002145668,0.073019445
0.05454018,0.5898926,0.5,1.0,1.0,1.5,0.03808906,0.68665904
0.9071787,0.06023746,0.5,1.0,1.0,1.5,-0.0126612205,0.06456259
0.15862216,0.9430374,0.5,1.0,1.0,1.5,0.00822796,1.0185816
0.94275326,0.16031466,0.5,1.0,1.0,1.5,-0.029077,0.13842732
0.9436692,0.09212972,0.5,1.0,1.0,1.5,-0.020735582,0.09202176
0.08888283,0.94655496,0.5,1.0,1.0,1.5,0.010224832,1.0073938
0.04945187,0.15785937,0.5,1.0,1.0,1.5,0.04679939,0.20599473
0.16161583,0.05471899,0.5,1.0,1.0,1.5,0.007763748,0.043839693
0.9456721,0.40660635,0.5,1.0,1.0,1.5,-0.04484994,0.36099744
0.40865168,0.943862,0.5,1.0,1.0,1.5,-0.0032580434,0.98447454
0.94440544,0.3411238,0.5,1.0,1.0,1.5,-0.035803743,0.36906397
0.34361202,0.9463842,0.5,1.0,1.0,1.5,0.0019265142,0.9344602
0.09045482,0.05980055,0.5,1.0,1.0,1.5,0.011666879,0.091135174
0.056715682,0.092170745,0.5,1.0,1.0,1.5,0.023646735,0.13081488
0.05203897,0.4023297,0.5,1.0,1.0,1.5,0.05161282,0.52296424
0.34634614,0.052469198,0.5,1.0,1.0,1.5,-0.00019999477,0.03665763
0.4105942,0.060665995,0.5,1.0,1.0,1.5,0.0020830687,0.005044818
0.057926025,0.34016576,0.5,1.0,1.0,1.5,0.05678711,0.47077835
0.091124125,0.24247089,0.5,1.0,1.0,1.5,0.066455506,0.31058443
0.08402053,0.2166136,0.5,1.0,1.0,1.5,0.05419903,0.2739035
0.7846122,0.33635327,0.5,1.0,1.0,1.5,-0.036204234,0.28502637
0.7601482,0.34040123,0.5,1.0,1.0,1.5,-0.03010194,0.29718795
0.73871785,0.90397865,0.5,1.0,1.0,1.5,-0.008965164,0.9442326
0.6554603,0.26084197,0.5,1.0,1.0,1.5,-0.0350132,0.3147552
0.907819,0.66428095,0.5,1.0,1.0,1.5,-0.05777784,0.6307679
0.9137054,0.69841206,0.5,1.0,1.0,1.5,-0.048668973,0.7163132
0.42014065,0.09162058,0.5,1.0,1.0,1.5,-0.00020014169,0.03187865
0.4461729,0.087359145,0.5,1.0,1.0,1.5,0.0061192345,0.011945963
0.90354514,0.56936234,0.5,1.0,1.0,1.5,-0.052454207,0.5289113
0.55560935,0.37162313,0.5,1.0,1.0,1.5,-0.0055590486,0.5157597
0.62621176,0.80299336,0.5,1.0,1.0,1.5,0.0032056794,0.88232666
0.26951295,0.41191074,0.5,1.0,1.0,1.5,0.029112298,0.61310834
0.58876467,0.52025956,0.5,1.0,1.0,1.5,0.023586864,0.48757142
0.29973117,0.4086616,0.5,1.0,1.0,1.5,0.028307645,0.54418653
0.5915938,0.54988,0.5,1.0,1.0,1.5,0.030962924,0.6253345
0.6451138,0.87039196,0.5,1.0,1.0,1.5,-0.0010800888,0.96921146
0.6222483,0.35522473,0.5,1.0,1.0,1.5,-0.020193206,0.43999922
0.7580613,0.8962497,0.5,1.0,1.0,1.5,-0.004719438,0.9705441
0.64670175,0.24083826,0.5,1.0,1.0,1.5,-0.026823075,0.29596105
0.69149745,0.9144767,0.5,1.0,1.0,1.5,-0.0066718245,0.93167377
0.66180795,0.30774134,0.5,1.0,1.0,1.5,-0.033389766,0.35262832
0.9049179,0.59785366,0.5,1.0,1.0,1.5,-0.055751365,0.5961498
0.34956077,0.09385321,0.5,1.0,1.0,1.5,0.00077951467,0.0634177
0.57388383,0.36130455,0.5,1.0,1.0,1.5,-0.0065368516,0.50682276
0.64281315,0.82795084,0.5,1.0,1.0,1.5,-0.0028592828,0.86320615
0.48893395,0.3971318,0.5,1.0,1.0,1.5,0.0068079606,0.6257989
0.59798074,0.73606646,0.5,1.0,1.0,1.5,0.014472674,0.8168505
0.5902332,0.74856186,0.5,1.0,1.0,1.5,0.016325265,0.7990166
0.49848822,0.40452644,0.5,1.0,1.0,1.5,0.0055452557,0.59200424
0.09360441,0.21174988,0.5,1.0,1.0,1.5,0.053128343,0.2257809
0.7956306,0.33676365,0.5,1.0,1.0,1.5,-0.033395477,0.2697992
0.8469754,0.8532098,0.5,1.0,1.0,1.5,-0.019228678,0.88828087
0.6038481,0.15275979,0.5,1.0,1.0,1.5,-0.0141334925,0.14983594
0.9102893,0.5112803,0.5,1.0,1.0,1.5,-0.054432645,0.44133556
0.26040414,0.093574286,0.5,1.0,1.0,1.5,0.0058841975,0.07278556
0.9032293,0.7711259,0.5,1.0,1.0,1.5,-0.042113476,0.79684216
0.52115756,0.09392397,0.5,1.0,1.0,1.5,0.003333211,0.046619594
0.8210633,0.9402735,0.5,1.0,1.0,1.5,-0.0038373861,0.9505523
0.9368447,0.6812379,0.5,1.0,1.0,1.5,-0.055927295,0.6806689
0.5655982,0.93791544,0.5,1.0,1.0,1.5,-0.004470586,1.0003517
0.942389,0.92828894,0.5,1.0,1.0,1.5,-0.013199646,0.92029333
0.8050713,0.95142734,0.5,1.0,1.0,1.5,-0.0029581538,0.950953
0.95012295,0.6977567,0.5,1.0,1.0,1.5,-0.05092162,0.7203217
0.5497866,0.95106465,0.5,1.0,1.0,1.5,-0.0016977922,0.9783374
0.95351785,0.2015281,0.5,1.0,1.0,1.5,-0.03606219,0.18564919
0.94466645,0.17860608,0.5,1.0,1.0,1.5,-0.03813104,0.19095239
0.05339042,0.9534056,0.5,1.0,1.0,1.5,0.010384573,0.9257427
0.07055031,0.9428661,0.5,1.0,1.0,1.5,0.01061284,0.97786087
0.9370851,0.43465203,0.5,1.0,1.0,1.5,-0.05276765,0.4047703
0.31518525,0.93701375,0.5,1.0,1.0,1.5,0.008044554,0.93069315
0.95109963,0.45058605,0.5,1.0,1.0,1.5,-0.057768203,0.44032
0.29904297,0.950415,0.5,1.0,1.0,1.5,0.004730181,0.9907272
0.057739988,0.57095647,0.5,1.0,1.0,1.5,0.040275138,0.6347307
0.6791875,0.057336852,0.5,1.0,1.0,1.5,0.004244025,0.110064805
0.04905042,0.55051863,0.5,1.0,1.0,1.5,0.03589466,0.64714706
0.047771152,0.8004164,0.5,1.0,1.0,1.5,0.035943795,0.8693482
0.92732626,0.058252662,0.5,1.0,1.0,1.5,-0.012798648,0.049090624
0.69927216,0.049061205,0.5,1.0,1.0,1.5,-0.001908374,0.054166943
0.05678915,0.8209032,0.5,1.0,1.0,1.5,0.028433835,0.88539517
0.20012678,0.047109026,0.5,1.0,1.0,1.5,0.0026536128,0.042777598
0.17887321,0.059806176,0.5,1.0,1.0,1.5,0.0040130476,0.03582537
0.054886606,0.06875117,0.5,1.0,1.0,1.5,0.018329114,0.09118563
0.046786997,0.048801146,0.5,1.0,1.0,1.5,0.014611524,0.0471915
0.054418523,0.3158909,0.5,1.0,1.0,1.5,0.06712218,0.43255705
0.44536015,0.04866098,0.5,1.0,1.0,1.5,0.0023456225,-0.020299852
0.42848113,0.058960497,0.5,1.0,1.0,1.5,0.0043009045,0.04958707
0.04723985,0.3000624,0.5,1.0,1.0,1.5,0.06722935,0.43280655
0.5974152,0.7992537,0.5,1.0,1.0,1.5,0.008594425,0.7986034
0.5512224,0.4059582,0.5,1.0,1.0,1.5,0.006314162,0.5821593
0.36893865,0.41503444,0.5,1.0,1.0,1.5,0.026792642,0.64166427
0.36950672,0.08781022,0.5,1.0,1.0,1.5,-0.00021006097,0.003534019
0.90508044,0.6159514,0.5,1.0,1.0,1.5,-0.05518171,0.6312355
0.58488554,0.6190284,0.5,1.0,1.0,1.5,0.021141708,0.7151873
0.18454301,0.38686666,0.5,1.0,1.0,1.5,0.04723374,0.5801762
0.61570835,0.43349272,0.5,1.0,1.0,1.5,0.010114688,0.5078945
0.4461769,0.40631822,0.5,1.0,1.0,1.5,0.015610258,0.5919899
0.88608,0.4779709,0.5,1.0,1.0,1.5,-0.049312416,0.44957814
0.2225102,0.11157144,0.5,1.0,1.0,1.5,0.010269027,0.16586515
0.74512166,0.33120376,0.5,1.0,1.0,1.5,-0.036047634,0.28217873
0.079848565,0.2598036,0.5,1.0,1.0,1.5,0.067366265,0.30204284
0.07717138,0.23833875,0.5,1.0,1.0,1.5,0.06010469,0.30483252
0.763176,0.3264691,0.5,1.0,1.0,1.5,-0.031077106,0.36317384
0.71610457,0.33708534,0.5,1.0,1.0,1.5,-0.026537003,0.40356222
0.91361,0.6770035,0.5,1.0,1.0,1.5,-0.05270862,0.669382
0.4276588,0.07933985,0.5,1.0,1.0,1.5,-0.00018130196,-0.01363039
0.101273246,0.2185474,0.5,1.0,1.0,1.5,0.05901371,0.34206593
0.7848843,0.35056645,0.5,1.0,1.0,1.5,-0.033141907,0.30161667
0.9113809,0.7303993,0.5,1.0,1.0,1.5,-0.049054917,0.7351719
0.4787009,0.09255876,0.5,1.0,1.0,1.5,0.00048174034,0.039806902
0.591636,0.59127635,0.5,1.0,1.0,1.5,0.026267767,0.6967178
0.34127346,0.40834782,0.5,1.0,1.0,1.5,0.028002154,0.70787585
0.5973984,0.78316253,0.5,1.0,1.0,1.5,0.002116827,0.8346813
0.5306305,0.40178138,0.5,1.0,1.0,1.5,0.0042760936,0.5525717
0.58544004,0.68003243,0.5,1.0,1.0,1.5,0.020330768,0.7704165
0.42871353,0.4151825,0.5,1.0,1.0,1.5,0.021931907,0.6962597
0.59127164,0.3520422,0.5,1.0,1.0,1.5,-0.018106554,0.49000695
0.6499968,0.8434136,0.5,1.0,1.0,1.5,-0.0012778998,0.9132575
0.9063326,0.51774985,0.5,1.0,1.0,1.5,-0.05634944,0.49957168
0.2690558,0.10220428,0.5,1.0,1.0,1.5,0.005167712,0.07285762
0.90750563,0.74880457,0.5,1.0,1.0,1.5,-0.042968813,0.7290298
0.49631718,0.09274343,0.5,1.0,1.0,1.5,0.0043964447,0.009835303
0.16739799,0.3855909,0.5,1.0,1.0,1.5,0.04794092,0.53666985
0.6145862,0.41957536,0.5,1.0,1.0,1.5,0.0036788217,0.49868786
0.32616436,0.42285058,0.5,1.0,1.0,1.5,0.022995831,0.64686424
0.57707995,0.57609534,0.5,1.0,1.0,1.5,0.02576602,0.64944106
0.81377137,0.38152963,0.5,1.0,1.0,1.5,-0.03608243,0.3408957
0.13285327,0.19111487,0.5,1.0,1.0,1.5,0.04606378,0.263545
0.038970016,0.86067516,0.5,1.0,1.0,1.5,0.028527841,0.92544067
0.039697543,0.61009413,0.5,1.0,1.0,1.5,0.039810598,0.47889483
0.6403577,0.03999099,0.5,1.0,1.0,1.5,0.0014744229,0.06153372
0.8892453,0.040938385,0.5,1.0,1.0,1.5,-0.010854824,0.06558257
0.6159968,0.96006036,0.5,1.0,1.0,1.5,-0.0021858467,0.9747106
0.8653123,0.95900726,0.5,1.0,1.0,1.5,-0.004679542,0.9211316
0.95984983,0.63458556,0.5,1.0,1.0,1.5,-0.061555423,0.60465705
0.9585015,0.88917714,0.5,1.0,1.0,1.5,-0.022769673,0.89089346
0.13944186,0.041266628,0.5,1.0,1.0,1.5,0.0031099862,0.02425015
0.95947176,0.13541992,0.5,1.0,1.0,1.5,-0.030199401,0.20612809
0.03987156,0.110092506,0.5,1.0,1.0,1.5,0.034782074,0.4420205
0.1149644,0.9600532,0.5,1.0,1.0,1.5,0.006471071,0.965307
0.39013475,0.04163265,0.5,1.0,1.0,1.5,-0.0016700109,0.0055558085
0.0393064,0.35955572,0.5,1.0,1.0,1.5,0.05882274,0.5274336
0.3658036,0.96008676,0.5,1.0,1.0,1.5,0.005935538,1.0257638
0.9588497,0.38359845,0.5,1.0,1.0,1.5,-0.047029573,0.34636652
0.1271232,0.34589496,0.5,1.0,1.0,1.5,0.05822058,0.4899305
0.658741,0.3738113,0.5,1.0,1.0,1.5,-0.015955197,0.37548146
0.3229637,0.07075458,0.5,1.0,1.0,1.5,0.001416496,0.009741783
0.9214629,0.57866925,0.5,1.0,1.0,1.5,-0.052152924,0.5315271
0.019794546,0.6107675,0.5,1.0,1.0,1.5,0.046502624,0.6615453
0.88919383,0.021003008,0.5,1.0,1.0,1.5,-0.0017839265,0.0035040379
0.019320974,0.8608032,0.5,1.0,1.0,1.5,0.02830738,0.89525163
0.63932765,0.019968849,0.5,1.0,1.0,1.5,-0.0009106635,-0.050780356
0.1389436,0.020220555,0.5,1.0,1.0,1.5,0.0044890903,0.079600304
0.9805241,0.64093435,0.5,1.0,1.0,1.5,-0.061631493,0.62840223
0.85888225,0.9800915,0.5,1.0,1.0,1.5,-0.0010679313,0.99505806
0.60919434,0.98051417,0.5,1.0,1.0,1.5,0.0007413833,0.9113929
0.97915775,0.8890949,0.5,1.0,1.0,1.5,-0.023536993,0.93172336
0.020185748,0.11061968,0.5,1.0,1.0,1.5,0.030244257,0.2079683
0.3894637,0.020852227,0.5,1.0,1.0,1.5,0.00418812,-0.005924821
0.01996106,0.360366,0.5,1.0,1.0,1.5,0.06505419,0.49990672
0.9804362,0.14101683,0.5,1.0,1.0,1.5,-0.048756827,0.39600664
0.10924483,0.9808006,0.5,1.0,1.0,1.5,0.0028295016,0.9707655
0.98032516,0.39065167,0.5,1.0,1.0,1.5,-0.051790915,0.3443755
0.35912374,0.9805881,0.5,1.0,1.0,1.5,-0.0012963158,0.98944545
0.3620769,0.035361145,0.5,1.0,1.0,1.5,0.00411865,0.0025491714
0.033913188,0.3874999,0.5,1.0,1.0,1.5,0.05878167,0.4845517
0.10918096,0.030699344,0.5,1.0,1.0,1.5,0.008369359,0.05315143
0.034968607,0.13750352,0.5,1.0,1.0,1.5,0.038038872,0.14746177
0.9657541,0.36262387,0.5,1.0,1.0,1.5,-0.042695943,0.35783637
0.38704404,0.96585613,0.5,1.0,1.0,1.5,0.011111705,0.8505936
0.96503,0.11347992,0.5,1.0,1.0,1.5,-0.027788423,0.0117070675
0.028952464,0.889325,0.5,1.0,1.0,1.5,0.02333927,0.8899047
0.033703584,0.6380281,0.5,1.0,1.0,1.5,0.041239645,0.6859108
0.6123243,0.03537847,0.5,1.0,1.0,1.5,0.00033767102,-0.013487339
0.86016536,0.03623247,0.5,1.0,1.0,1.5,-0.002587499,-0.001732111
0.13671176,0.96551037,0.5,1.0,1.0,1.5,0.0040956046,0.90324247
0.88678986,0.96537703,0.5,1.0,1.0,1.5,-0.00048825098,0.940974
0.63726974,0.96600336,0.5,1.0,1.0,1.5,-0.004950664,1.0023954
0.965993,0.6132009,0.5,1.0,1.0,1.5,-0.060009748,0.59015125
0.9672658,0.8578285,0.5,1.0,1.0,1.5,-0.02786927,0.8899927
0.66928804,0.30136648,0.5,1.0,1.0,1.5,-0.0310609,0.2893316
0.6971251,0.92151403,0.5,1.0,1.0,1.5,-0.0040045036,0.9766961
0.20505922,0.1338195,0.5,1.0,1.0,1.5,0.018417016,0.114929706
0.8626373,0.4588435,0.5,1.0,1.0,1.5,-0.047966134,0.38124725
0.5936605,0.15042329,0.5,1.0,1.0,1.5,-0.011587055,0.11863309
0.8503863,0.84392744,0.5,1.0,1.0,1.5,-0.01873302,0.8749274
0.667766,0.35881236,0.5,1.0,1.0,1.5,-0.021245888,0.38296342
0.57904816,0.36659527,0.5,1.0,1.0,1.5,-0.011379163,0.5107775
0.6316897,0.8307124,0.5,1.0,1.0,1.5,-0.0011902712,0.91520864
0.65787977,0.29169795,0.5,1.0,1.0,1.5,-0.035648312,0.26855573
0.70968425,0.9051231,0.5,1.0,1.0,1.5,-0.0071935784,0.9798253
0.5849352,0.14710408,0.5,1.0,1.0,1.5,-0.008288828,0.12465775
0.12078513,0.3388119,0.5,1.0,1.0,1.5,0.06026196,0.49319702
0.11500556,0.1485548,0.5,1.0,1.0,1.5,0.035222877,0.17162684
0.8411364,0.36863992,0.5,1.0,1.0,1.5,-0.032418527,0.3244825
0.65982306,0.36549792,0.5,1.0,1.0,1.5,-0.0175681,0.42777246
0.57733893,0.14247279,0.5,1.0,1.0,1.5,-0.006322042,0.015556216
0.8600336,0.8275949,0.5,1.0,1.0,1.5,-0.025402281,0.88414824
0.8458685,0.86222416,0.5,1.0,1.0,1.5,-0.020589892,0.8773185
0.6145444,0.15274593,0.5,1.0,1.0,1.5,-0.015317565,0.08046636
0.66679686,0.26228675,0.5,1.0,1.0,1.5,-0.035940252,0.2621595
0.7368805,0.91419804,0.5,1.0,1.0,1.5,-0.002926127,0.98598725
0.60337424,0.36723748,0.5,1.0,1.0,1.5,-0.014008015,0.52406156
0.6329349,0.85224915,0.5,1.0,1.0,1.5,0.00030550244,0.95294166
0.4542958,0.41669205,0.5,1.0,1.0,1.5,0.0150232,0.6498086
0.5953135,0.69599384,0.5,1.0,1.0,1.5,0.0128405485,0.79244715
0.45324787,0.42641503,0.5,1.0,1.0,1.5,0.016122427,0.638583
0.587663,0.6959054,0.5,1.0,1.0,1.5,0.01569071,0.8248037
0.5728469,0.54622364,0.5,1.0,1.0,1.5,0.022915086,0.63631874
0.29609132,0.42770195,0.5,1.0,1.0,1.5,0.029018078,0.6581736
0.5457351,0.10867416,0.5,1.0,1.0,1.5,-0.003743636,0.034285903
0.9462272,0.81055164,0.5,1.0,1.0,1.5,-0.034245864,0.83046794
0.94611835,0.5623508,0.5,1.0,1.0,1.5,-0.05602099,0.56884706
0.18860403,0.94724876,0.5,1.0,1.0,1.5,0.006492437,0.97484624
0.4381605,0.9479745,0.5,1.0,1.0,1.5,0.0020722612,0.9528622
0.9477797,0.06126336,0.5,1.0,1.0,1.5,-0.01919526,0.041071117
0.9475033,0.31161278,0.5,1.0,1.0,1.5,-0.047124166,0.2721937
0.9388715,0.94803774,0.5,1.0,1.0,1.5,-0.0022372007,0.92024547
0.68870044,0.94504166,0.5,1.0,1.0,1.5,0.002549225,1.0148247
0.053454634,0.67953986,0.5,1.0,1.0,1.5,0.034531638,0.73984975
0.04990907,0.4335859,0.5,1.0,1.0,1.5,0.04544675,0.5317472
0.056951948,0.1935159,0.5,1.0,1.0,1.5,0.056630243,0.24845874
0.8145443,0.04746937,0.5,1.0,1.0,1.5,-0.005978849,0.027421534
0.5623979,0.05826494,0.5,1.0,1.0,1.5,0.003554741,0.03458029
0.054207988,0.930166,0.5,1.0,1.0,1.5,0.015134007,0.896181
0.31466413,0.04885653,0.5,1.0,1.0,1.5,-0.0018804786,0.051838934
0.06684272,0.05244302,0.5,1.0,1.0,1.5,0.010209652,0.07197359
0.65558803,0.19718546,0.5,1.0,1.0,1.5,-0.0213862,0.16570029
0.800816,0.9048563,0.5,1.0,1.0,1.5,-0.008098695,0.9795145
0.26035804,0.4117631,0.5,1.0,1.0,1.5,0.03030972,0.61789507
0.58857304,0.511294,0.5,1.0,1.0,1.5,0.025052091,0.6257968
0.07622107,0.27262616,0.5,1.0,1.0,1.5,0.06819198,0.37428886
0.34540278,0.42587063,0.5,1.0,1.0,1.5,0.029950652,0.64215815
0.57409936,0.5953855,0.5,1.0,1.0,1.5,0.021795811,0.6294104
0.3338083,0.06089762,0.5,1.0,1.0,1.5,0.00043360284,-0.01279068
0.92357683,0.5880652,0.5,1.0,1.0,1.5,-0.057273664,0.5947807
0.90821505,0.56213576,0.5,1.0,1.0,1.5,-0.06360954,0.55584747
0.59561336,0.4898527,0.5,1.0,1.0,1.5,0.023571767,0.5974502
0.59681183,0.5098068,0.5,1.0,1.0,1.5,0.027559197,0.58455276
0.25965187,0.40306985,0.5,1.0,1.0,1.5,0.03589404,0.6524722
0.2443097,0.40452978,0.5,1.0,1.0,1.5,0.033920966,0.62478864
0.9792195,0.7165028,0.5,1.0,1.0,1.5,-0.049665235,0.74759007
0.5329258,0.9792331,0.5,1.0,1.0,1.5,0.00042348006,0.98414284
0.979472,0.9695416,0.5,1.0,1.0,1.5,-0.009661456,0.9424571
0.7823913,0.9791368,0.5,1.0,1.0,1.5,-0.0014199661,0.97945064
0.97950774,0.21741095,0.5,1.0,1.0,1.5,-0.040408246,0.2178536
0.030268518,0.9779663,0.5,1.0,1.0,1.5,0.0005938499,0.96778166
0.97949535,0.46693495,0.5,1.0,1.0,1.5,-0.060672738,0.39012247
0.28285858,0.979264,0.5,1.0,1.0,1.5,-0.0007166844,0.989033
0.72049433,0.02283022,0.5,1.0,1.0,1.5,-0.00025917147,-0.013526857
0.96949536,0.020546302,0.5,1.0,1.0,1.5,-0.0036912845,-0.028243542
0.021844292,0.7801981,0.5,1.0,1.0,1.5,0.031758584,0.754462
0.022766396,0.52931356,0.5,1.0,1.0,1.5,0.04154468,0.64966697
0.22081864,0.022106279,0.5,1.0,1.0,1.5,-0.00010743877,0.024066567
0.0217123,0.030011471,0.5,1.0,1.0,1.5,0.017572032,0.06972477
0.4673835,0.020809544,0.5,1.0,1.0,1.5,-0.00025875983,-0.022916079
0.021990221,0.27984545,0.5,1.0,1.0,1.5,0.0633281,0.44821614
0.3501549,0.40675086,0.5,1.0,1.0,1.5,0.025082009,0.7022418
0.5932316,0.6001732,0.5,1.0,1.0,1.5,0.020993808,0.70795095
0.61233974,0.47082737,0.5,1.0,1.0,1.5,0.015264747,0.5728514
0.22004698,0.38946748,0.5,1.0,1.0,1.5,0.039605126,0.59477353
0.088519625,0.25560406,0.5,1.0,1.0,1.5,0.06514226,0.30732134
0.74927646,0.34043038,0.5,1.0,1.0,1.5,-0.03315779,0.2843555
0.9317448,0.6373658,0.5,1.0,1.0,1.5,-0.058870774,0.6298363
0.5629677,0.64253,0.5,1.0,1.0,1.5,0.025504634,0.69965273
0.3921621,0.4362267,0.5,1.0,1.0,1.5,0.02415381,0.68806374
0.75442857,0.91312695,0.5,1.0,1.0,1.5,-0.006223499,0.94586086
0.6645617,0.24387825,0.5,1.0,1.0,1.5,-0.03105335,0.24790177
0.21825886,0.14020507,0.5,1.0,1.0,1.5,0.021314008,0.01866275
0.85652846,0.4701113,0.5,1.0,1.0,1.5,-0.045292966,0.4452653
0.9097693,0.7222412,0.5,1.0,1.0,1.5,-0.047797855,0.70352983
0.5909652,0.7296846,0.5,1.0,1.0,1.5,0.012982531,0.7878405
0.4715542,0.09262534,0.5,1.0,1.0,1.5,0.0014488429,0.0035060644
0.4734354,0.40124413,0.5,1.0,1.0,1.5,0.014106154,0.6138941
0.95045835,0.5995757,0.5,1.0,1.0,1.5,-0.06303517,0.6212003
0.94468254,0.8497103,0.5,1.0,1.0,1.5,-0.026485207,0.8750339
0.6513864,0.949706,0.5,1.0,1.0,1.5,-0.005763162,0.97616076
0.9002791,0.9483807,0.5,1.0,1.0,1.5,-0.0066597452,0.9582245
0.049787555,0.907584,0.5,1.0,1.0,1.5,0.018304411,0.92135394
0.85508,0.04877885,0.5,1.0,1.0,1.5,-0.009310384,0.07623306
0.04325176,0.64726275,0.5,1.0,1.0,1.5,0.03467927,0.75404614
0.5989138,0.046985865,0.5,1.0,1.0,1.5,0.0039619715,0.04504478
0.15073115,0.948034,0.5,1.0,1.0,1.5,0.0065148077,0.93675196
0.94738376,0.09988478,0.5,1.0,1.0,1.5,-0.023163998,0.06680384
0.04592196,0.15015115,0.5,1.0,1.0,1.5,0.042749178,0.15782964
0.4009539,0.94875824,0.5,1.0,1.0,1.5,-0.0012961128,0.9717248
0.9492625,0.34853226,0.5,1.0,1.0,1.5,-0.041074183,0.35247082
0.044527225,0.39547786,0.5,1.0,1.0,1.5,0.049969174,0.5017755
0.35378098,0.04688434,0.5,1.0,1.0,1.5,-0.0020049596,0.01328361
0.30566528,0.40276453,0.5,1.0,1.0,1.5,0.028167006,0.6250824
0.59736246,0.55575716,0.5,1.0,1.0,1.5,0.023703847,0.65643084
0.7020385,0.910011,0.5,1.0,1.0,1.5,-0.007925476,0.95776856
0.66064954,0.3008718,0.5,1.0,1.0,1.5,-0.031702347,0.33361128
0.48120952,0.40792432,0.5,1.0,1.0,1.5,0.01196995,0.6325122
0.5812788,0.7585979,0.5,1.0,1.0,1.5,0.007658911,0.8714994
0.5073912,0.41213694,0.5,1.0,1.0,1.5,0.016524803,0.6014744
0.5931774,0.36185616,0.5,1.0,1.0,1.5,-0.013708536,0.50275385
0.639908,0.83787805,0.5,1.0,1.0,1.5,-0.002252845,0.93640614
0.9017,0.7797666,0.5,1.0,1.0,1.5,-0.038029652,0.7836304
0.91005784,0.7665532,0.5,1.0,1.0,1.5,-0.039713513,0.7597096
0.5148065,0.08642099,0.5,1.0,1.0,1.5,0.0033311697,0.069751024
0.5300072,0.09600553,0.5,1.0,1.0,1.5,0.0074601574,0.09000406
0.5927876,0.79210865,0.5,1.0,1.0,1.5,0.0039934227,0.84230745
0.54205185,0.40716177,0.5,1.0,1.0,1.5,0.0071280617,0.5638535
0.36744967,0.42228618,0.5,1.0,1.0,1.5,0.026068171,0.6576873
0.3696275,0.07895002,0.5,1.0,1.0,1.5,0.0014884807,-0.0035375953
0.57763696,0.6175065,0.5,1.0,1.0,1.5,0.024740597,0.72111225
0.9206606,0.6141262,0.5,1.0,1.0,1.5,-0.05581447,0.5785216
0.43872765,0.076180615,0.5,1.0,1.0,1.5,0.0012218899,0.006802678
0.9242652,0.7002284,0.5,1.0,1.0,1.5,-0.057483256,0.70172465
0.8929741,0.4734262,0.5,1.0,1.0,1.5,-0.050618757,0.4375996
0.22313555,0.102247246,0.5,1.0,1.0,1.5,0.0033343462,0.05297178
0.7284467,0.32667163,0.5,1.0,1.0,1.5,-0.033837605,0.32774937
0.07211464,0.2291492,0.5,1.0,1.0,1.5,0.060921665,0.2860539
0.77183074,0.32152525,0.5,1.0,1.0,1.5,-0.034592215,0.22354823
0.70988584,0.34185567,0.5,1.0,1.0,1.5,-0.025865,0.37203157
0.9260248,0.68611866,0.5,1.0,1.0,1.5,-0.049759552,0.66959125
0.43190527,0.07462519,0.5,1.0,1.0,1.5,0.0022466802,0.017867088
0.91420555,0.7387332,0.5,1.0,1.0,1.5,-0.048796892,0.710209
0.48544294,0.089893065,0.5,1.0,1.0,1.5,0.0007969232,0.057697833
0.17369726,0.38983703,0.5,1.0,1.0,1.5,0.04686012,0.5936256
0.16068813,0.38195857,0.5,1.0,1.0,1.5,0.047098313,0.57091475
0.62282646,0.40792587,0.5,1.0,1.0,1.5,-0.00027391757,0.48102817
0.60885435,0.4285696,0.5,1.0,1.0,1.5,0.0065068826,0.4901481
0.7830588,0.3261934,0.5,1.0,1.0,1.5,-0.03222112,0.30232513
0.07831008,0.2189943,0.5,1.0,1.0,1.5,0.059368405,0.25343353
0.71705484,0.32458583,0.5,1.0,1.0,1.5,-0.030883543,0.3124963
0.41011122,0.06909903,0.5,1.0,1.0,1.5,0.001817662,0.0026266575
0.935727,0.6515719,0.5,1.0,1.0,1.5,-0.05609891,0.6449802
0.029706933,0.86999065,0.5,1.0,1.0,1.5,0.026295856,0.92525613
0.030725531,0.61995894,0.5,1.0,1.0,1.5,0.03964555,0.63439023
0.64146066,0.05061,0.5,1.0,1.0,1.5,-0.0040534483,0.039844215
0.8891355,0.050585944,0.5,1.0,1.0,1.5,-0.010269475,0.05529958
0.04934958,0.8599225,0.5,1.0,1.0,1.5,0.02254944,0.92442614
0.05014142,0.6092539,0.5,1.0,1.0,1.5,0.036040638,0.6289066
0.6304109,0.031127602,0.5,1.0,1.0,1.5,0.0029326528,0.054531276
0.8793758,0.0318637,0.5,1.0,1.0,1.5,-0.011490107,-0.004170358
0.613975,0.9505273,0.5,1.0,1.0,1.5,-0.0023316443,0.953213
0.8630199,0.94906694,0.5,1.0,1.0,1.5,-0.0070357127,0.91514754
0.94802415,0.8897777,0.5,1.0,1.0,1.5,-0.023331443,0.8784296
0.9502317,0.63711035,0.5,1.0,1.0,1.5,-0.06062056,0.58691585
0.96828806,0.8787905,0.5,1.0,1.0,1.5,-0.024730852,0.90970373
0.6177668,0.9697958,0.5,1.0,1.0,1.5,0.0034971489,1.0062413
0.867317,0.96910167,0.5,1.0,1.0,1.5,-8.949824e-05,0.9452435
0.96969306,0.6325511,0.5,1.0,1.0,1.5,-0.063567095,0.51239365
0.14224277,0.051340785,0.5,1.0,1.0,1.5,0.0093408795,0.10340744
0.12934709,0.03130839,0.5,1.0,1.0,1.5,0.008314047,0.097928405
0.9500367,0.138639,0.5,1.0,1.0,1.5,-0.032785688,0.12561205
0.96941394,0.13288806,0.5,1.0,1.0,1.5,-0.03361772,0.3207068
0.049717396,0.10959546,0.5,1.0,1.0,1.5,0.030859258,0.1883603
0.03101578,0.119746976,0.5,1.0,1.0,1.5,0.033187468,0.26816836
0.11170325,0.95051223,0.5,1.0,1.0,1.5,0.010410696,0.98201793
0.1174049,0.9699179,0.5,1.0,1.0,1.5,0.002643546,0.9679428
0.3905681,0.052194145,0.5,1.0,1.0,1.5,0.0006791346,-0.011413097
0.38011444,0.03199369,0.5,1.0,1.0,1.5,0.0022158425,0.00052696466
0.030596357,0.36962107,0.5,1.0,1.0,1.5,0.05941587,0.5138179
0.04857352,0.35918838,0.5,1.0,1.0,1.5,0.06482881,0.47464347
0.36764857,0.9698472,0.5,1.0,1.0,1.5,0.0011807668,0.97895914
0.3636338,0.9504782,0.5,1.0,1.0,1.5,0.002280252,0.9599866
0.9692444,0.3819427,0.5,1.0,1.0,1.5,-0.05192708,0.32125148
0.9483889,0.38580263,0.5,1.0,1.0,1.5,-0.04729199,0.31900892
0.28650892,0.09930876,0.5,1.0,1.0,1.5,0.0038926913,-0.034320414
0.8998297,0.53584176,0.5,1.0,1.0,1.5,-0.05288535,0.51151866
0.36150548,0.08769349,0.5,1.0,1.0,1.5,-0.0015798914,0.044247687
0.9156607,0.6084957,0.5,1.0,1.0,1.5,-0.0578056,0.57863384
0.86687624,0.82122904,0.5,1.0,1.0,1.5,-0.02728238,0.8292875
0.5718111,0.13617918,0.5,1.0,1.0,1.5,-0.008351286,0.09273648
0.6803279,0.21285975,0.5,1.0,1.0,1.5,-0.023738451,0.19614115
0.78552246,0.925754,0.5,1.0,1.0,1.5,-0.002729123,0.9514413
0.3016296,0.9414617,0.5,1.0,1.0,1.5,0.0048430017,0.96996915
0.942104,0.44782344,0.5,1.0,1.0,1.5,-0.054211628,0.39527518
0.9469577,0.19383904,0.5,1.0,1.0,1.5,-0.036213372,0.19689417
0.93768483,0.6994465,0.5,1.0,1.0,1.5,-0.053808603,0.7218122
0.80651397,0.94414395,0.5,1.0,1.0,1.5,-0.0018124809,0.97322965
0.55296576,0.9433772,0.5,1.0,1.0,1.5,-0.0009358614,0.98791766
0.4519197,0.05863614,0.5,1.0,1.0,1.5,0.0037337015,0.054424733
0.05942366,0.3015115,0.5,1.0,1.0,1.5,0.067806795,0.39882243
0.19735883,0.059219122,0.5,1.0,1.0,1.5,-0.00014644722,0.07487124
0.057293545,0.7989983,0.5,1.0,1.0,1.5,0.031179085,0.8702696
0.6625173,0.32643354,0.5,1.0,1.0,1.5,-0.027274834,0.27642268
0.6773331,0.91007495,0.5,1.0,1.0,1.5,-0.0045976797,0.9446764
0.57607186,0.6735737,0.5,1.0,1.0,1.5,0.014441484,0.7705829
0.42242113,0.4248823,0.5,1.0,1.0,1.5,0.011627359,0.71097535
0.91539353,0.76319224,0.5,1.0,1.0,1.5,-0.040995423,0.79498416
0.50919694,0.07842998,0.5,1.0,1.0,1.5,0.0017618221,0.08024421
0.5876106,0.7394613,0.5,1.0,1.0,1.5,0.011083526,0.8332283
0.48978478,0.40635443,0.5,1.0,1.0,1.5,0.008591137,0.59921163
0.59599376,0.37096623,0.5,1.0,1.0,1.5,-0.011709004,0.4411626
0.632004,0.84561527,0.5,1.0,1.0,1.5,-0.0032901517,0.8505181
0.3605095,0.09646691,0.5,1.0,1.0,1.5,0.00016983552,0.041390896
0.9049193,0.60802805,0.5,1.0,1.0,1.5,-0.0593293,0.57806534
0.8543344,0.86534023,0.5,1.0,1.0,1.5,-0.015680952,0.91980433
0.6153322,0.1421871,0.5,1.0,1.0,1.5,-0.015145052,0.08625281
0.6689348,0.3122261,0.5,1.0,1.0,1.5,-0.0351655,0.29499194
0.6862946,0.92540026,0.5,1.0,1.0,1.5,-0.0047354987,1.0240084
0.20134841,0.12151192,0.5,1.0,1.0,1.5,0.013336777,0.1416772
0.87743783,0.44383633,0.5,1.0,1.0,1.5,-0.05069993,0.34572664
0.6612249,0.35871404,0.5,1.0,1.0,1.5,-0.01969744,0.37883636
0.113913365,0.33165538,0.5,1.0,1.0,1.5,0.060304504,0.43921712
0.29191795,0.94789666,0.5,1.0,1.0,1.5,0.008924138,0.98110354
0.9487698,0.45742702,0.5,1.0,1.0,1.5,-0.054471347,0.46263242
0.9499094,0.20782857,0.5,1.0,1.0,1.5,-0.036671467,0.18102288
0.94656307,0.70454115,0.5,1.0,1.0,1.5,-0.05114439,0.6926614
0.7975367,0.9492388,0.5,1.0,1.0,1.5,-0.00512176,0.90144485
0.5428956,0.9478407,0.5,1.0,1.0,1.5,-0.0056484872,0.91569626
0.05413086,0.2951036,0.5,1.0,1.0,1.5,0.068595104,0.36183262
0.4613485,0.050827224,0.5,1.0,1.0,1.5,0.0055043534,-0.0136886835
0.20429398,0.053773623,0.5,1.0,1.0,1.5,0.0025191545,0.031908274
0.70337623,0.05626273,0.5,1.0,1.0,1.5,-0.0009289589,0.06779811
0.056233015,0.5463548,0.5,1.0,1.0,1.5,0.03128592,0.6340766
0.052466612,0.7956101,0.5,1.0,1.0,1.5,0.035056166,0.90122265
0.120129585,0.35172334,0.5,1.0,1.0,1.5,0.06004291,0.44921976
0.111970745,0.16411118,0.5,1.0,1.0,1.5,0.04412675,0.19944957
0.83009607,0.3674454,0.5,1.0,1.0,1.5,-0.033394918,0.34703046
0.65226936,0.36243588,0.5,1.0,1.0,1.5,-0.029433113,0.40413323
0.30424976,0.9335836,0.5,1.0,1.0,1.5,0.0021354537,0.92325807
0.9337054,0.44505152,0.5,1.0,1.0,1.5,-0.049055442,0.43799025
0.9398815,0.19577883,0.5,1.0,1.0,1.5,-0.037890267,0.17160806
0.93031347,0.6950415,0.5,1.0,1.0,1.5,-0.054875605,0.6686541
0.8062056,0.9311477,0.5,1.0,1.0,1.5,-0.0054479893,0.9577432
0.5555159,0.93774647,0.5,1.0,1.0,1.5,-0.0030288417,0.9628524
0.44748193,0.066440895,0.5,1.0,1.0,1.5,0.0030112504,0.011609554
0.06795653,0.30892166,0.5,1.0,1.0,1.5,0.06299046,0.40296358
0.20180608,0.066175714,0.5,1.0,1.0,1.5,0.0041446094,0.081134915
0.6979957,0.06712585,0.5,1.0,1.0,1.5,-0.0034204568,0.11913389
0.067325875,0.55152947,0.5,1.0,1.0,1.5,0.040406372,0.6102845
0.06388993,0.80130005,0.5,1.0,1.0,1.5,0.02704231,0.86338437
0.84167945,0.8703672,0.5,1.0,1.0,1.5,-0.013336573,0.9388301
0.6212989,0.15990996,0.5,1.0,1.0,1.5,-0.014993466,0.15707076
0.6562477,0.25150183,0.5,1.0,1.0,1.5,-0.0318531,0.27842465
0.7476977,0.90502983,0.5,1.0,1.0,1.5,-0.0037274328,0.96480465
0.6151529,0.36788604,0.5,1.0,1.0,1.5,-0.016154382,0.46797892
0.63268256,0.8580202,0.5,1.0,1.0,1.5,-0.006534747,0.90181863
0.4429004,0.4261246,0.5,1.0,1.0,1.5,0.01913099,0.652969
0.57891065,0.6901444,0.5,1.0,1.0,1.5,0.02156663,0.8045747
0.56710815,0.53890043,0.5,1.0,1.0,1.5,0.027578916,0.6066463
0.577292,0.5550224,0.5,1.0,1.0,1.5,0.027472526,0.67675626
0.30506,0.42286006,0.5,1.0,1.0,1.5,0.025953567,0.6624082
0.2883939,0.43456826,0.5,1.0,1.0,1.5,0.026653584,0.64463246
0.55191445,0.109831996,0.5,1.0,1.0,1.5,-0.00097050285,0.12675455
0.54165167,0.11556222,0.5,1.0,1.0,1.5,-0.0035956716,0.04978913
0.8933712,0.801067,0.5,1.0,1.0,1.5,-0.03103305,0.84591156
0.88361394,0.78747076,0.5,1.0,1.0,1.5,-0.032714136,0.7680259
0.937836,0.8214856,0.5,1.0,1.0,1.5,-0.033995647,0.8223678
0.93965703,0.57464314,0.5,1.0,1.0,1.5,-0.06376128,0.60486925
0.19667791,0.95181656,0.5,1.0,1.0,1.5,0.0004227094,0.92810404
0.95134085,0.80103207,0.5,1.0,1.0,1.5,-0.039894138,0.83382356
0.9499857,0.5512062,0.5,1.0,1.0,1.5,-0.061070815,0.553233
0.4459019,0.9523955,0.5,1.0,1.0,1.5,0.001820518,0.9637666
0.42867807,0.94002426,0.5,1.0,1.0,1.5,0.00031082192,0.9630994
0.17882977,0.93951166,0.5,1.0,1.0,1.5,0.006325651,0.903898
0.9397461,0.07394289,0.5,1.0,1.0,1.5,-0.0197196,0.106300145
0.9499873,0.9568843,0.5,1.0,1.0,1.5,-0.010764065,0.97333217
0.6998207,0.94764936,0.5,1.0,1.0,1.5,-0.0062060496,0.9310936
0.9519018,0.30343094,0.5,1.0,1.0,1.5,-0.045727827,0.3060552
0.95672953,0.050060276,0.5,1.0,1.0,1.5,-0.012107806,0.070156306
0.939822,0.3216379,0.5,1.0,1.0,1.5,-0.043120515,0.3184902
0.9262105,0.9399341,0.5,1.0,1.0,1.5,-0.012070902,0.9700084
0.6777596,0.938273,0.5,1.0,1.0,1.5,-0.0058605336,0.96395314
0.5781226,0.05650006,0.5,1.0,1.0,1.5,0.004160886,0.02191639
0.8222866,0.054728523,0.5,1.0,1.0,1.5,-0.0044051614,0.051166534
0.061037555,0.67096454,0.5,1.0,1.0,1.5,0.03820184,0.7650995
0.053246494,0.68754786,0.5,1.0,1.0,1.5,0.036578722,0.7887155
0.05752998,0.18132137,0.5,1.0,1.0,1.5,0.055318568,0.2808741
0.050809298,0.44022736,0.5,1.0,1.0,1.5,0.05024036,0.5487773
0.051030464,0.19833264,0.5,1.0,1.0,1.5,0.0600391,0.23024035
0.55734223,0.050457817,0.5,1.0,1.0,1.5,0.006074193,0.024856031
0.060482293,0.42454618,0.5,1.0,1.0,1.5,0.052679483,0.46838918
0.80657834,0.04910741,0.5,1.0,1.0,1.5,-0.009352192,-0.00028187037
0.0573828,0.91999155,0.5,1.0,1.0,1.5,0.014610222,0.94387364
0.30881724,0.049702987,0.5,1.0,1.0,1.5,0.0075179045,-0.03373605
0.050160132,0.9423744,0.5,1.0,1.0,1.5,0.011635473,0.9586906
0.07478778,0.050307922,0.5,1.0,1.0,1.5,0.01590446,0.025637686
0.055346,0.046282813,0.5,1.0,1.0,1.5,0.013722304,0.077964604
0.6418463,0.19855203,0.5,1.0,1.0,1.5,-0.02511433,0.18491232
0.6641227,0.1907814,0.5,1.0,1.0,1.5,-0.028226718,0.16728634
0.804583,0.89427143,0.5,1.0,1.0,1.5,-0.0071244715,0.9735353
0.80692154,0.91234523,0.5,1.0,1.0,1.5,-0.0036761547,0.91374385
0.25762892,0.42002615,0.5,1.0,1.0,1.5,0.030441858,0.6047434
0.5801528,0.50950795,0.5,1.0,1.0,1.5,0.019110147,0.36660138
0.8675963,0.8339327,0.5,1.0,1.0,1.5,-0.023662314,0.8591126
0.5774934,0.13306157,0.5,1.0,1.0,1.5,-0.0012146877,0.085846245
0.06882071,0.27795464,0.5,1.0,1.0,1.5,0.065055236,0.3806373
0.33735037,0.42821002,0.5,1.0,1.0,1.5,0.021949338,0.730149
0.57174265,0.58729964,0.5,1.0,1.0,1.5,0.024416277,0.6972931
0.34161416,0.062444422,0.5,1.0,1.0,1.5,0.00036025792,0.059221953
0.9344075,0.5941505,0.5,1.0,1.0,1.5,-0.053633716,0.533715
0.61439514,0.5065855,0.5,1.0,1.0,1.5,0.025659397,0.6225237
0.25636706,0.3855901,0.5,1.0,1.0,1.5,0.04212437,0.572839
0.6215754,0.39955372,0.5,1.0,1.0,1.5,-4.136702e-06,0.486919
0.15315697,0.37994274,0.5,1.0,1.0,1.5,0.05060185,0.5527691
0.9264607,0.62918276,0.5,1.0,1.0,1.5,-0.054390028,0.61888325
0.37975252,0.07143562,0.5,1.0,1.0,1.5,0.0020531742,0.022371948
0.3891298,0.9432055,0.5,1.0,1.0,1.5,0.0022110133,0.9586474
0.94381875,0.35960692,0.5,1.0,1.0,1.5,-0.046599895,0.33689475
0.94163704,0.11215141,0.5,1.0,1.0,1.5,-0.01976542,0.09654829
0.13865086,0.94244117,0.5,1.0,1.0,1.5,0.00691788,0.96424735
0.9443407,0.6105455,0.5,1.0,1.0,1.5,-0.056410026,0.5766643
0.6398832,0.94422936,0.5,1.0,1.0,1.5,-0.0038154474,0.99313223
0.8886715,0.9427179,0.5,1.0,1.0,1.5,-0.00639287,0.96282136
0.94303864,0.8623656,0.5,1.0,1.0,1.5,-0.025652908,0.8328764
0.36428192,0.054009497,0.5,1.0,1.0,1.5,-0.00023094309,-0.022642076
0.051720846,0.38538867,0.5,1.0,1.0,1.5,0.05429557,0.51822853
0.11038583,0.045939848,0.5,1.0,1.0,1.5,0.009293523,0.02954185
0.053382646,0.1341594,0.5,1.0,1.0,1.5,0.03683906,0.17665076
0.05413275,0.89406955,0.5,1.0,1.0,1.5,0.022382615,0.8960246
0.052237675,0.6372923,0.5,1.0,1.0,1.5,0.035077702,0.74125177
0.8637528,0.05425238,0.5,1.0,1.0,1.5,-0.007551861,0.09047711
0.61554694,0.054146618,0.5,1.0,1.0,1.5,0.003058393,0.036923587
0.5939233,0.76745564,0.5,1.0,1.0,1.5,0.008043218,0.84553826
0.51543015,0.4108878,0.5,1.0,1.0,1.5,0.009465521,0.6267042
0.90997094,0.77534175,0.5,1.0,1.0,1.5,-0.041839175,0.8075694
0.9113338,0.7564301,0.5,1.0,1.0,1.5,-0.042939626,0.7578488
0.5029523,0.0861643,0.5,1.0,1.0,1.5,0.0034882445,0.021088004
0.5265106,0.08478005,0.5,1.0,1.0,1.5,0.004638283,0.03453237
0.5890258,0.8029908,0.5,1.0,1.0,1.5,0.011016019,0.89104223
0.54638606,0.4155931,0.5,1.0,1.0,1.5,0.007222945,0.5812373
0.370871,0.07000195,0.5,1.0,1.0,1.5,-0.0010201158,0.040699184
0.37252632,0.42767414,0.5,1.0,1.0,1.5,0.024373775,0.67094654
0.36000538,0.4149669,0.5,1.0,1.0,1.5,0.020197365,0.69356537
0.92742443,0.61310965,0.5,1.0,1.0,1.5,-0.059317216,0.57805544
0.57214487,0.6226033,0.5,1.0,1.0,1.5,0.023422206,0.7563183
0.58499324,0.6100416,0.5,1.0,1.0,1.5,0.020284828,0.7015589
0.8812813,0.46412417,0.5,1.0,1.0,1.5,-0.050703306,0.38981676
0.90455264,0.47568414,0.5,1.0,1.0,1.5,-0.046442833,0.40779883
0.21329439,0.11094171,0.5,1.0,1.0,1.5,0.0079824785,0.06850335
0.22380234,0.09457188,0.5,1.0,1.0,1.5,0.008119169,0.08061573
0.7446473,0.32374504,0.5,1.0,1.0,1.5,-0.033372108,0.26392832
0.06895429,0.24238673,0.5,1.0,1.0,1.5,0.06917906,0.33144468
0.7599749,0.31736207,0.5,1.0,1.0,1.5,-0.036302943,0.28487825
0.92816055,0.6786728,0.5,1.0,1.0,1.5,-0.060084783,0.6804963
0.4297493,0.06789176,0.5,1.0,1.0,1.5,0.0058506234,-0.003266871
0.15796962,0.3885119,0.5,1.0,1.0,1.5,0.046141524,0.58087444
0.6139101,0.40903303,0.5,1.0,1.0,1.5,8.287537e-05,0.49701208
0.04802243,0.60029835,0.5,1.0,1.0,1.5,0.03661523,0.6462787
0.047444504,0.8506368,0.5,1.0,1.0,1.5,0.027057424,0.86909556
0.8984182,0.05034016,0.5,1.0,1.0,1.5,-0.011885837,0.050726056
0.65010625,0.048325673,0.5,1.0,1.0,1.5,0.005314559,0.13288355
0.95258754,0.64591527,0.5,1.0,1.0,1.5,-0.05372954,0.6146588
0.605252,0.9523601,0.5,1.0,1.0,1.5,-0.004249236,0.9789523
0.85399145,0.9506733,0.5,1.0,1.0,1.5,-0.00305716,0.96691084
0.9490135,0.89953035,0.5,1.0,1.0,1.5,-0.021136457,0.91408956
0.15114687,0.0482824,0.5,1.0,1.0,1.5,0.0059737843,0.15099174
0.9532942,0.14891742,0.5,1.0,1.0,1.5,-0.024088496,0.15241379
0.048631627,0.10109481,0.5,1.0,1.0,1.5,0.029860055,0.20000824
0.1016912,0.9543029,0.5,1.0,1.0,1.5,0.008393364,0.9799262
0.40013874,0.051858794,0.5,1.0,1.0,1.5,0.0005964516,0.058449835
0.04822262,0.34990117,0.5,1.0,1.0,1.5,0.057130635,0.4633595
0.35496628,0.95240974,0.5,1.0,1.0,1.5,0.0032028044,0.99522984
0.95112646,0.39483863,0.5,1.0,1.0,1.5,-0.05271842,0.36624143
0.29807904,0.094728366,0.5,1.0,1.0,1.5,0.004840176,0.04140103
0.9047823,0.5487632,0.5,1.0,1.0,1.5,-0.058921184,0.48947102
0.87245697,0.8284675,0.5,1.0,1.0,1.5,-0.025609516,0.86019295
0.5781943,0.12678236,0.5,1.0,1.0,1.5,-0.002764956,0.07899064
0.687859,0.20783606,0.5,1.0,1.0,1.5,-0.028598748,0.19163623
0.78944683,0.9336347,0.5,1.0,1.0,1.5,-0.0064544193,0.9988643
0.25379893,0.41153714,0.5,1.0,1.0,1.5,0.03162106,0.66398627
0.5879209,0.50470334,0.5,1.0,1.0,1.5,0.022633698,0.5891095
0.6713988,0.32289368,0.5,1.0,1.0,1.5,-0.028276429,0.35735124
0.6749251,0.91955,0.5,1.0,1.0,1.5,-0.0038808584,0.9705088
0.5713977,0.65745515,0.5,1.0,1.0,1.5,0.015028447,0.74589866
0.40615702,0.4283945,0.5,1.0,1.0,1.5,0.023736551,0.6563565
0.5987865,0.13289572,0.5,1.0,1.0,1.5,-0.0008904147,0.03766346
0.85936975,0.8483956,0.5,1.0,1.0,1.5,-0.021634473,0.9030698
0.6764828,0.2824679,0.5,1.0,1.0,1.5,-0.037975375,0.22732514
0.71730435,0.9217734,0.5,1.0,1.0,1.5,-0.0014957255,1.0096362
0.6326702,0.05172015,0.5,1.0,1.0,1.5,-0.00057107443,0.04503143
0.880241,0.051390063,0.5,1.0,1.0,1.5,-0.007874457,0.051740944
0.049868613,0.8700779,0.5,1.0,1.0,1.5,0.01915764,0.8753991
0.050932553,0.61853766,0.5,1.0,1.0,1.5,0.038579844,0.690789
0.94706964,0.88032943,0.5,1.0,1.0,1.5,-0.021735324,0.901718
0.947798,0.62815374,0.5,1.0,1.0,1.5,-0.05760349,0.5570018
0.8718856,0.947276,0.5,1.0,1.0,1.5,-0.0041768854,0.9791519
0.6227935,0.9486956,0.5,1.0,1.0,1.5,-0.007629521,0.9850641
0.13325265,0.05549481,0.5,1.0,1.0,1.5,0.010021089,0.088447005
0.9476198,0.12933086,0.5,1.0,1.0,1.5,-0.027430577,0.20697808
0.050799996,0.11801882,0.5,1.0,1.0,1.5,0.030569948,0.3153788
0.12111119,0.9478222,0.5,1.0,1.0,1.5,0.010705229,0.96856564
0.04916444,0.36824307,0.5,1.0,1.0,1.5,0.06224314,0.529125
0.3813292,0.05230166,0.5,1.0,1.0,1.5,-0.00080824364,0.009713948
0.94506323,0.37596798,0.5,1.0,1.0,1.5,-0.043694023,0.3386189
0.37235346,0.94840825,0.5,1.0,1.0,1.5,0.00495726,0.95922655
0.70394325,0.3464803,0.5,1.0,1.0,1.5,-0.028626561,0.34410995
0.5898727,0.785245,0.5,1.0,1.0,1.5,0.0061073005,0.8382213
0.5293009,0.41029817,0.5,1.0,1.0,1.5,0.01623137,0.6924835
0.031847928,0.3789957,0.5,1.0,1.0,1.5,0.05986342,0.44224504
0.3707104,0.03325347,0.5,1.0,1.0,1.5,-0.0016025836,0.029175997
0.03248079,0.12891895,0.5,1.0,1.0,1.5,0.038051676,0.20282134
0.1214597,0.030558506,0.5,1.0,1.0,1.5,0.0073581818,0.02713281
0.37736037,0.96822256,0.5,1.0,1.0,1.5,0.0004085058,0.94245076
0.9677711,0.37226155,0.5,1.0,1.0,1.5,-0.046187405,0.31048286
0.12699294,0.96801394,0.5,1.0,1.0,1.5,0.005794461,0.9676359
0.6211328,0.032785192,0.5,1.0,1.0,1.5,0.002365651,0.03878671
0.8695839,0.033408906,0.5,1.0,1.0,1.5,-0.0033162879,0.05508411
0.029825142,0.8778563,0.5,1.0,1.0,1.5,0.022222629,0.8718122
0.031936765,0.62933254,0.5,1.0,1.0,1.5,0.035048403,0.7017839
0.9675437,0.12322138,0.5,1.0,1.0,1.5,-0.023520721,0.12017363
0.9676113,0.86833745,0.5,1.0,1.0,1.5,-0.026700994,0.9433912
0.96814317,0.62286794,0.5,1.0,1.0,1.5,-0.058064733,0.60721314
0.6275137,0.96826375,0.5,1.0,1.0,1.5,-0.0016992367,1.0461007
0.8770892,0.9676007,0.5,1.0,1.0,1.5,-0.0027023493,0.9918716
0.031576753,0.27775335,0.5,1.0,1.0,1.5,0.07111934,0.37077457
0.4742157,0.032683376,0.5,1.0,1.0,1.5,0.0056471867,0.01246047
0.27618766,0.968009,0.5,1.0,1.0,1.5,0.00050584576,1.0017437
0.96840847,0.47334948,0.5,1.0,1.0,1.5,-0.053613357,0.45412746
0.031565655,0.028659036,0.5,1.0,1.0,1.5,0.007976718,0.041603208
0.028595582,0.9683207,0.5,1.0,1.0,1.5,0.010400847,0.96907175
0.22344859,0.032474004,0.5,1.0,1.0,1.5,-0.00035337266,0.07196504
0.96828115,0.22407942,0.5,1.0,1.0,1.5,-0.040948924,0.20498157
0.9693583,0.030918365,0.5,1.0,1.0,1.5,-0.0058941543,0.004903853
0.7231496,0.033398435,0.5,1.0,1.0,1.5,-0.0034283549,0.027393878
0.033373017,0.5264503,0.5,1.0,1.0,1.5,0.041777026,0.6151874
0.03170419,0.77781844,0.5,1.0,1.0,1.5,0.03916163,0.626982
0.969108,0.96942693,0.5,1.0,1.0,1.5,-0.007502322,0.96477175
0.9678254,0.7224476,0.5,1.0,1.0,1.5,-0.04438131,0.6831434
0.7756159,0.9679734,0.5,1.0,1.0,1.5,0.00365979,0.9731363
0.52629995,0.96792364,0.5,1.0,1.0,1.5,-0.00035975687,0.9701259
0.92582756,0.6052232,0.5,1.0,1.0,1.5,-0.060565963,0.5885429
0.361162,0.07831127,0.5,1.0,1.0,1.5,0.003445311,0.0188905
0.60954726,0.44911736,0.5,1.0,1.0,1.5,0.010965068,0.53281504
0.19909061,0.39330983,0.5,1.0,1.0,1.5,0.041910727,0.58532447
0.6137694,0.38947585,0.5,1.0,1.0,1.5,-0.010574908,0.47923014
0.14105748,0.38707656,0.5,1.0,1.0,1.5,0.042309616,0.6239593
0.605579,0.4094397,0.5,1.0,1.0,1.5,0.007081259,0.45800543
0.15628244,0.39841905,0.5,1.0,1.0,1.5,0.048950028,0.52264273
0.10786695,0.3389929,0.5,1.0,1.0,1.5,0.06350051,0.47750506
0.6559496,0.35603717,0.5,1.0,1.0,1.5,-0.023747053,0.42648065
0.9566637,0.47545654,0.5,1.0,1.0,1.5,-0.054235287,0.47017136
0.2737938,0.95591,0.5,1.0,1.0,1.5,0.0072060167,0.968616
0.027410526,0.9609365,0.5,1.0,1.0,1.5,0.008889494,0.9606146
0.95609546,0.22622932,0.5,1.0,1.0,1.5,-0.043691702,0.17421019
0.47135937,0.04263166,0.5,1.0,1.0,1.5,0.005287822,-0.0027264953
0.043016355,0.2818674,0.5,1.0,1.0,1.5,0.06813661,0.3773957
0.9558783,0.7237889,0.5,1.0,1.0,1.5,-0.05110062,0.74325454
0.95812684,0.96950763,0.5,1.0,1.0,1.5,-0.004388313,0.9916215
0.7728823,0.9565353,0.5,1.0,1.0,1.5,0.002268027,0.90777266
0.52404386,0.9556993,0.5,1.0,1.0,1.5,-0.0011671521,0.9783021
0.21798557,0.044164225,0.5,1.0,1.0,1.5,0.0013309591,-0.0029737353
0.04638572,0.53178805,0.5,1.0,1.0,1.5,0.04034492,0.6143297
0.039993826,0.77580726,0.5,1.0,1.0,1.5,0.030775586,0.77707464
0.96942735,0.04187621,0.5,1.0,1.0,1.5,-0.011772643,-0.0001026988
0.7177612,0.046366934,0.5,1.0,1.0,1.5,-0.0011292831,0.04203105
0.96446633,0.4814312,0.5,1.0,1.0,1.5,-0.05747663,0.44664663
0.26773995,0.96387374,0.5,1.0,1.0,1.5,0.0070555666,0.9457754
0.4824705,0.03525245,0.5,1.0,1.0,1.5,0.003211275,0.017397225
0.030955693,0.26882765,0.5,1.0,1.0,1.5,0.066933095,0.35294944
0.01950972,0.9688672,0.5,1.0,1.0,1.5,0.0115128625,0.8440993
0.030886922,0.019371577,0.5,1.0,1.0,1.5,0.013678286,-0.0013931394
0.96402705,0.23239964,0.5,1.0,1.0,1.5,-0.040426575,0.24476248
0.23291276,0.030642405,0.5,1.0,1.0,1.5,0.0013834692,0.054003954
0.51787907,0.9637749,0.5,1.0,1.0,1.5,-0.0013184138,1.0145277
0.9601051,0.98057073,0.5,1.0,1.0,1.5,0.0024692523,0.9025434
0.96394336,0.730159,0.5,1.0,1.0,1.5,-0.045603897,0.7429149
0.7673552,0.9640731,0.5,1.0,1.0,1.5,-6.393902e-05,0.99883324
0.030376198,0.76888347,0.5,1.0,1.0,1.5,0.034437172,0.7306578
0.030953957,0.5168099,0.5,1.0,1.0,1.5,0.04096697,0.5518773
0.73288655,0.031141775,0.5,1.0,1.0,1.5,-0.0032162373,0.047187746
0.9805292,0.03989311,0.5,1.0,1.0,1.5,-0.008843042,0.042640686
0.4903766,0.41583425,0.5,1.0,1.0,1.5,0.011378996,0.58829844
0.57813257,0.7404523,0.5,1.0,1.0,1.5,0.010277551,0.8100209
0.62332124,0.84683657,0.5,1.0,1.0,1.5,-0.00018958608,0.9320872
0.59474397,0.38314286,0.5,1.0,1.0,1.5,-0.009094479,0.49537683
0.11340421,0.35785723,0.5,1.0,1.0,1.5,0.060435332,0.5011232
0.640541,0.36227566,0.5,1.0,1.0,1.5,-0.018670157,0.4646426
0.6801316,0.32317987,0.5,1.0,1.0,1.5,-0.027032249,0.3771729
0.67689717,0.9282149,0.5,1.0,1.0,1.5,-0.006327415,0.9885805
0.5473155,0.4235819,0.5,1.0,1.0,1.5,0.0067036655,0.5626763
0.575912,0.79877615,0.5,1.0,1.0,1.5,0.004746171,0.89934206
0.9287301,0.7712953,0.5,1.0,1.0,1.5,-0.04487843,0.74597657
0.5175954,0.07009777,0.5,1.0,1.0,1.5,0.005633285,0.0148540735
0.9369275,0.6309951,0.5,1.0,1.0,1.5,-0.051199995,0.5734969
0.93736124,0.8911158,0.5,1.0,1.0,1.5,-0.016745832,0.9048869
0.8693471,0.93753463,0.5,1.0,1.0,1.5,-0.0043163775,0.96219516
0.6205372,0.9393788,0.5,1.0,1.0,1.5,-0.0013104477,0.9935956
0.88023823,0.06066829,0.5,1.0,1.0,1.5,-0.0031267982,0.12711465
0.633095,0.061946325,0.5,1.0,1.0,1.5,-0.000107329106,0.06643298
0.05991467,0.86899954,0.5,1.0,1.0,1.5,0.024643796,0.9328291
0.06075219,0.6184749,0.5,1.0,1.0,1.5,0.039883066,0.7130457
0.3697334,0.9388047,0.5,1.0,1.0,1.5,0.002694449,0.98772347
0.13841586,0.06558195,0.5,1.0,1.0,1.5,0.009896981,0.0947682
0.060331177,0.11729098,0.5,1.0,1.0,1.5,0.03104608,0.16548109
0.05758525,0.36785895,0.5,1.0,1.0,1.5,0.057152577,0.46861643
0.38113883,0.062118653,0.5,1.0,1.0,1.5,0.003969325,0.0580388
0.9461281,0.6191649,0.5,1.0,1.0,1.5,-0.05149276,0.6297979
0.63149196,0.94665647,0.5,1.0,1.0,1.5,-0.00018571713,0.9713807
0.88046765,0.9452049,0.5,1.0,1.0,1.5,-0.0035504475,0.9270057
0.9463588,0.8710322,0.5,1.0,1.0,1.5,-0.02228228,0.9021516
0.9450293,0.12056289,0.5,1.0,1.0,1.5,-0.023816466,0.14664218
0.051492125,0.62798905,0.5,1.0,1.0,1.5,0.04125334,0.6884577
0.05082684,0.8813332,0.5,1.0,1.0,1.5,0.022916159,0.79557526
0.87177646,0.05268773,0.5,1.0,1.0,1.5,-0.006857476,0.038418233
0.6239024,0.05277025,0.5,1.0,1.0,1.5,-0.0013648039,0.027471066
0.13008407,0.9452587,0.5,1.0,1.0,1.5,0.008226196,0.8829719
0.9459311,0.36710414,0.5,1.0,1.0,1.5,-0.040918257,0.32600838
0.38086012,0.94600105,0.5,1.0,1.0,1.5,0.00081126415,0.98618853
0.11847148,0.05282107,0.5,1.0,1.0,1.5,0.008222485,0.06501037
0.052111406,0.1262474,0.5,1.0,1.0,1.5,0.030346582,0.18460974
0.050216954,0.37703598,0.5,1.0,1.0,1.5,0.06557075,0.53255075
0.3726783,0.052703172,0.5,1.0,1.0,1.5,0.0011656142,0.026177406
0.58540213,0.36463436,0.5,1.0,1.0,1.5,-0.004096998,0.48609433
0.6383413,0.8322594,0.5,1.0,1.0,1.5,-8.1521925e-05,0.89674115
0.8678107,0.85264754,0.5,1.0,1.0,1.5,-0.021771673,0.9215832
0.60624266,0.12768099,0.5,1.0,1.0,1.5,-0.003987695,0.14349851
0.6792847,0.30228043,0.5,1.0,1.0,1.5,-0.034368206,0.33130476
0.69867575,0.93397486,0.5,1.0,1.0,1.5,-0.005999785,0.961268
0.1925772,0.12799495,0.5,1.0,1.0,1.5,0.02260517,0.10608232
0.8708866,0.4421487,0.5,1.0,1.0,1.5,-0.04180036,0.38378227
0.92763317,0.43870008,0.5,1.0,1.0,1.5,-0.05040455,0.4059282
0.3103737,0.92828494,0.5,1.0,1.0,1.5,-0.0006760722,1.0027903
0.925824,0.18235572,0.5,1.0,1.0,1.5,-0.037271883,0.19126922
0.81112677,0.9275335,0.5,1.0,1.0,1.5,-0.006303927,0.9336215
0.5607751,0.92888963,0.5,1.0,1.0,1.5,-0.005547554,0.95524955
0.06276341,0.31798035,0.5,1.0,1.0,1.5,0.060276587,0.42834133
0.1940174,0.07174122,0.5,1.0,1.0,1.5,0.0030672897,0.037278175
0.07582423,0.5619538,0.5,1.0,1.0,1.5,0.034464397,0.66630334
0.687662,0.075218916,0.5,1.0,1.0,1.5,-0.0094960015,0.06453028
0.07145069,0.80629605,0.5,1.0,1.0,1.5,0.02567688,0.80662894
0.62442476,0.3665219,0.5,1.0,1.0,1.5,-0.015492851,0.4590211
0.63792896,0.86697483,0.5,1.0,1.0,1.5,-0.0037065172,0.9740746
0.4530686,0.4355319,0.5,1.0,1.0,1.5,0.015674714,0.65279317
0.57231635,0.70216894,0.5,1.0,1.0,1.5,0.014079925,0.75835717
0.5362214,0.12291917,0.5,1.0,1.0,1.5,-0.002429525,0.059654564
0.8766238,0.78381157,0.5,1.0,1.0,1.5,-0.038133007,0.7852627
0.9428937,0.55318105,0.5,1.0,1.0,1.5,-0.054354783,0.5162427
0.9495051,0.9475684,0.5,1.0,1.0,1.5,-0.0112896655,0.95853615
0.69569504,0.94249654,0.5,1.0,1.0,1.5,-0.00013468368,1.0149883
0.19716942,0.94578207,0.5,1.0,1.0,1.5,0.004852283,0.9704433
0.9472561,0.050682086,0.5,1.0,1.0,1.5,-0.009016849,0.05243373
0.94589573,0.30306843,0.5,1.0,1.0,1.5,-0.048118476,0.24631354
0.44623792,0.946803,0.5,1.0,1.0,1.5,0.0025955117,0.92174816
0.059888,0.69120175,0.5,1.0,1.0,1.5,0.033948835,0.7649453
0.5516297,0.05987646,0.5,1.0,1.0,1.5,0.0024695937,0.046295345
0.8073449,0.05824846,0.5,1.0,1.0,1.5,-0.0009886045,0.042684436
0.057698313,0.44268325,0.5,1.0,1.0,1.5,0.040633556,0.5723781
0.05614231,0.20559233,0.5,1.0,1.0,1.5,0.061716132,0.27375332
0.058427848,0.054355543,0.5,1.0,1.0,1.5,0.014799705,0.060999572
0.30661175,0.05617737,0.5,1.0,1.0,1.5,0.00028814352,0.022693157
0.81085813,0.90393496,0.5,1.0,1.0,1.5,-0.007897611,0.96626675
0.26992264,0.43294936,0.5,1.0,1.0,1.5,0.023148203,0.64238
0.5682163,0.5219591,0.5,1.0,1.0,1.5,0.028026713,0.60297203
0.07416831,0.2873022,0.5,1.0,1.0,1.5,0.06527661,0.3480157
0.34042925,0.4364167,0.5,1.0,1.0,1.5,0.023813782,0.6530931
0.5635439,0.5903289,0.5,1.0,1.0,1.5,0.026130639,0.65812945
0.3511959,0.06988715,0.5,1.0,1.0,1.5,0.0059370087,0.016124308
0.92482835,0.59663093,0.5,1.0,1.0,1.5,-0.052615214,0.5863417
0.57114893,0.63648707,0.5,1.0,1.0,1.5,0.022882655,0.6918385
0.38613257,0.4284096,0.5,1.0,1.0,1.5,0.024956658,0.6767903
0.3838878,0.95575494,0.5,1.0,1.0,1.5,0.0014924982,0.95790815
0.95552975,0.36532372,0.5,1.0,1.0,1.5,-0.048244387,0.3662842
0.95462716,0.11706289,0.5,1.0,1.0,1.5,-0.024385942,0.09509212
0.13330525,0.9551819,0.5,1.0,1.0,1.5,0.005032069,0.9644251
0.9559555,0.61638045,0.5,1.0,1.0,1.5,-0.06238421,0.62327504
0.95656234,0.86882144,0.5,1.0,1.0,1.5,-0.02420558,0.88309634
0.6342588,0.95613104,0.5,1.0,1.0,1.5,-0.0032716356,1.003053
0.88350725,0.955057,0.5,1.0,1.0,1.5,-0.008635411,0.9901184
0.37187907,0.043335687,0.5,1.0,1.0,1.5,0.00071742106,0.001886785
0.041383572,0.37781727,0.5,1.0,1.0,1.5,0.061372705,0.4341366
0.11691441,0.03779998,0.5,1.0,1.0,1.5,0.007193626,0.08932114
0.042394582,0.12730494,0.5,1.0,1.0,1.5,0.03266693,0.17302209
0.038606025,0.882612,0.5,1.0,1.0,1.5,0.026616162,0.9247552
0.04191195,0.62843627,0.5,1.0,1.0,1.5,0.03942114,0.6992868
0.8710201,0.043291345,0.5,1.0,1.0,1.5,-0.009438119,0.035317242
0.62281895,0.04290293,0.5,1.0,1.0,1.5,0.0011728164,0.021245122
0.9000149,0.7886569,0.5,1.0,1.0,1.5,-0.038984444,0.7973639
0.53758806,0.09754553,0.5,1.0,1.0,1.5,0.0026224204,0.029850543
0.5933384,0.81062895,0.5,1.0,1.0,1.5,0.004776896,0.94405586
0.56100315,0.40938786,0.5,1.0,1.0,1.5,0.014709074,0.5953737
0.3609609,0.42412925,0.5,1.0,1.0,1.5,0.025348552,0.6826386
0.5758146,0.6109737,0.5,1.0,1.0,1.5,0.02398623,0.68238056
0.89901453,0.46620524,0.5,1.0,1.0,1.5,-0.046198282,0.42709836
0.21733347,0.08987252,0.5,1.0,1.0,1.5,0.0038547586,0.05457145
0.75179857,0.32134265,0.5,1.0,1.0,1.5,-0.030584496,0.31570867
0.9292872,0.6705651,0.5,1.0,1.0,1.5,-0.053029373,0.65194726
0.42027542,0.07145852,0.5,1.0,1.0,1.5,0.0049763904,0.0057572126
0.28729975,0.08957339,0.5,1.0,1.0,1.5,0.0012662318,0.05617717
0.909554,0.53978896,0.5,1.0,1.0,1.5,-0.054965597,0.48579252
0.88491625,0.81628025,0.5,1.0,1.0,1.5,-0.030249864,0.843285
0.5715989,0.11859859,0.5,1.0,1.0,1.5,0.0009630041,0.09931296
0.68600124,0.21941026,0.5,1.0,1.0,1.5,-0.027499394,0.1952286
0.68356043,0.20033255,0.5,1.0,1.0,1.5,-0.025356399,0.19761434
0.7785689,0.92954177,0.5,1.0,1.0,1.5,1.8692808e-05,0.99349284
0.80264664,0.9247857,0.5,1.0,1.0,1.5,-0.0009685401,0.99151134
0.6777718,0.29215217,0.5,1.0,1.0,1.5,-0.035231713,0.28334665
0.71608627,0.929884,0.5,1.0,1.0,1.5,-0.0037101484,1.0203815
0.69964314,0.35369,0.5,1.0,1.0,1.5,-0.026616246,0.33768165
0.6006477,0.44564572,0.5,1.0,1.0,1.5,0.014044297,0.51936907
0.20294629,0.40121865,0.5,1.0,1.0,1.5,0.04190957,0.6169321
0.6707078,0.34972957,0.5,1.0,1.0,1.5,-0.021239558,0.39045632
0.092452474,0.32945842,0.5,1.0,1.0,1.5,0.060451433,0.45403308
0.62798816,0.15342256,0.5,1.0,1.0,1.5,-0.013432013,0.17690846
0.84141433,0.88139266,0.5,1.0,1.0,1.5,-0.01199074,0.91592836
0.8245602,0.36399952,0.5,1.0,1.0,1.5,-0.03492438,0.34525698
0.10520101,0.18252048,0.5,1.0,1.0,1.5,0.049480684,0.24398711
0.2814995,0.44350457,0.5,1.0,1.0,1.5,0.024223283,0.6732341
0.5609975,0.532965,0.5,1.0,1.0,1.5,0.031476468,0.6027809
0.53011614,0.41849694,0.5,1.0,1.0,1.5,0.007862423,0.55572844
0.58067006,0.7856293,0.5,1.0,1.0,1.5,0.0076077674,0.9200813
0.8952865,0.610217,0.5,1.0,1.0,1.5,-0.05865344,0.6110323
0.360546,0.10626081,0.5,1.0,1.0,1.5,-0.0012445045,0.062761486
0.20421983,0.10944968,0.5,1.0,1.0,1.5,0.01456371,0.052911192
0.88919836,0.45544156,0.5,1.0,1.0,1.5,-0.050988566,0.42437804
0.7898842,0.9465181,0.5,1.0,1.0,1.5,-0.0041383426,0.9631536
0.5368647,0.9425343,0.5,1.0,1.0,1.5,-0.0033097425,0.9327424
0.9417312,0.71052855,0.5,1.0,1.0,1.5,-0.050467357,0.70221096
0.94389015,0.213193,0.5,1.0,1.0,1.5,-0.03726481,0.1999254
0.9446435,0.46338555,0.5,1.0,1.0,1.5,-0.04926537,0.40691775
0.28566518,0.94351697,0.5,1.0,1.0,1.5,0.006672494,0.97976947
0.061191227,0.5341387,0.5,1.0,1.0,1.5,0.036846988,0.6327004
0.7158336,0.061572835,0.5,1.0,1.0,1.5,-0.0082462905,0.05497265
0.056758,0.7865224,0.5,1.0,1.0,1.5,0.027150998,0.81454504
0.21481158,0.055212695,0.5,1.0,1.0,1.5,0.0018789375,0.0071491003
0.048231397,0.28854623,0.5,1.0,1.0,1.5,0.06926702,0.3252145
0.46735618,0.059362646,0.5,1.0,1.0,1.5,0.005112996,0.04311365
0.05646717,0.27221423,0.5,1.0,1.0,1.5,0.06576326,0.360669
0.8714732,0.84567267,0.5,1.0,1.0,1.5,-0.024740834,0.9434248
0.5919183,0.13056624,0.5,1.0,1.0,1.5,-0.006198285,0.10380772
0.5715482,0.5066665,0.5,1.0,1.0,1.5,0.029846808,0.5760894
0.25433433,0.42856064,0.5,1.0,1.0,1.5,0.031028997,0.642821
0.066526435,0.25559053,0.5,1.0,1.0,1.5,0.059361752,0.28108656
0.6176828,0.37718478,0.5,1.0,1.0,1.5,-0.0057152333,0.42646146
0.62343186,0.86212325,0.5,1.0,1.0,1.5,-0.00027948827,0.92134047
0.5645553,0.55057347,0.5,1.0,1.0,1.5,0.030765804,0.61259776
0.3009012,0.4355121,0.5,1.0,1.0,1.5,0.027444165,0.6856319
0.7231774,0.3194505,0.5,1.0,1.0,1.5,-0.032149367,0.27814868
0.8788984,0.8324839,0.5,1.0,1.0,1.5,-0.022922859,0.8511344
0.40638283,0.4457463,0.5,1.0,1.0,1.5,0.02342274,0.68852663
0.55409825,0.6592348,0.5,1.0,1.0,1.5,0.018633638,0.7872082
0.5774217,0.4909715,0.5,1.0,1.0,1.5,0.02301425,0.6190344
0.2404188,0.4174451,0.5,1.0,1.0,1.5,0.03578929,0.6665987
0.0904446,0.20282555,0.5,1.0,1.0,1.5,0.05852247,0.27590552
0.049331322,0.27669963,0.5,1.0,1.0,1.5,0.07199145,0.34029424
0.9010065,0.7970989,0.5,1.0,1.0,1.5,-0.03505931,0.80927575
0.54360944,0.09968562,0.5,1.0,1.0,1.5,0.003801336,0.060002446
0.57148534,0.10758609,0.5,1.0,1.0,1.5,0.0005437883,0.05773455
0.88798857,0.8249518,0.5,1.0,1.0,1.5,-0.028200343,0.84041405
0.6585622,0.18354462,0.5,1.0,1.0,1.5,-0.019451689,0.18112102
0.82081324,0.89963907,0.5,1.0,1.0,1.5,-0.006566073,0.93242294
0.80279255,0.33762583,0.5,1.0,1.0,1.5,-0.030952476,0.32859868
0.09270137,0.19186558,0.5,1.0,1.0,1.5,0.05337719,0.2519948
0.8017121,0.3289442,0.5,1.0,1.0,1.5,-0.033175368,0.28022408
0.08698866,0.1958185,0.5,1.0,1.0,1.5,0.052034467,0.2554247
0.8861131,0.78285766,0.5,1.0,1.0,1.5,-0.036504064,0.80319744
0.5366981,0.111486904,0.5,1.0,1.0,1.5,-0.005936833,0.06521168
0.9282346,0.66188765,0.5,1.0,1.0,1.5,-0.055581413,0.678039
0.6129027,0.39952967,0.5,1.0,1.0,1.5,-0.0029190048,0.46328726
0.6219163,0.39181286,0.5,1.0,1.0,1.5,-0.005721176,0.49813867
0.15019828,0.39062822,0.5,1.0,1.0,1.5,0.04627142,0.5894482
0.13246174,0.38384065,0.5,1.0,1.0,1.5,0.052398976,0.54248476
0.59931237,0.4129634,0.5,1.0,1.0,1.5,0.0013229654,0.49232566
0.16892646,0.40891957,0.5,1.0,1.0,1.5,0.04259948,0.6004172
0.97495526,0.48863646,0.5,1.0,1.0,1.5,-0.05698829,0.43953827
0.26051435,0.97449124,0.5,1.0,1.0,1.5,0.0008506563,1.000251
0.48766503,0.023838215,0.5,1.0,1.0,1.5,0.0030238954,0.019502401
0.020233808,0.25994343,0.5,1.0,1.0,1.5,0.07135444,0.32779738
0.97456187,0.23962249,0.5,1.0,1.0,1.5,-0.042511843,0.20556033
0.24039535,0.01884676,0.5,1.0,1.0,1.5,0.0016454442,0.045131207
0.97463423,0.7379444,0.5,1.0,1.0,1.5,-0.05029619,0.6734756
0.7602988,0.9743064,0.5,1.0,1.0,1.5,0.0040099015,0.9950172
0.5105727,0.97444046,0.5,1.0,1.0,1.5,0.0018014909,1.0099969
0.01885065,0.76066726,0.5,1.0,1.0,1.5,0.03490195,0.77944416
0.01895425,0.50947905,0.5,1.0,1.0,1.5,0.042361684,0.6709831
0.740436,0.019184414,0.5,1.0,1.0,1.5,-0.00062895054,-0.02820909
0.6883321,0.32563227,0.5,1.0,1.0,1.5,-0.033446055,0.33555198
0.61499506,0.8558155,0.5,1.0,1.0,1.5,0.0014365315,0.9682926
0.6106206,0.38079318,0.5,1.0,1.0,1.5,-0.01048696,0.525768
0.118519105,0.36360237,0.5,1.0,1.0,1.5,0.059902236,0.51584494
0.6798943,0.33184278,0.5,1.0,1.0,1.5,-0.0294067,0.33603978
0.53910154,0.42577115,0.5,1.0,1.0,1.5,0.011676987,0.5488897
0.5709246,0.7907372,0.5,1.0,1.0,1.5,0.00625194,0.86249185
0.9212857,0.7697943,0.5,1.0,1.0,1.5,-0.04410662,0.77372193
0.92047167,0.77953714,0.5,1.0,1.0,1.5,-0.04246884,0.82003915
0.5302883,0.07687553,0.5,1.0,1.0,1.5,-0.0011835191,0.04853648
0.51018965,0.06766401,0.5,1.0,1.0,1.5,0.007442275,0.027796209
0.8718672,0.86254156,0.5,1.0,1.0,1.5,-0.014818352,0.9186777
0.6140685,0.13230225,0.5,1.0,1.0,1.5,-0.011154108,0.12750268
0.19581027,0.1373131,0.5,1.0,1.0,1.5,0.022491643,0.037330806
0.86124814,0.4495895,0.5,1.0,1.0,1.5,-0.050195485,0.40442425
0.92164445,0.44530404,0.5,1.0,1.0,1.5,-0.05200635,0.43820375
0.30285475,0.9218943,0.5,1.0,1.0,1.5,0.0060363943,0.92796695
0.9214194,0.19436863,0.5,1.0,1.0,1.5,-0.03670205,0.18073407
0.5545456,0.92321026,0.5,1.0,1.0,1.5,-0.003576866,0.9889684
0.19407694,0.08398691,0.5,1.0,1.0,1.5,0.009184403,0.047399938
0.6978207,0.07542955,0.5,1.0,1.0,1.5,-0.0011045709,0.055559546
0.08123409,0.80567217,0.5,1.0,1.0,1.5,0.030305639,0.8353268
0.075949,0.5514253,0.5,1.0,1.0,1.5,0.03780462,0.6640867
0.5654929,0.52819645,0.5,1.0,1.0,1.5,0.024237914,0.58924526
0.27640828,0.43683383,0.5,1.0,1.0,1.5,0.027598869,0.64505875
0.46271682,0.4269227,0.5,1.0,1.0,1.5,0.010474534,0.56473815
0.58424944,0.7046259,0.5,1.0,1.0,1.5,0.013640388,0.7972406
0.9122755,0.47257918,0.5,1.0,1.0,1.5,-0.055913035,0.4714944
0.34647423,0.4331295,0.5,1.0,1.0,1.5,0.026033856,0.653174
0.56683415,0.596421,0.5,1.0,1.0,1.5,0.022397572,0.6928794
0.3641056,0.4338335,0.5,1.0,1.0,1.5,0.02386545,0.6579536
0.56604105,0.6140588,0.5,1.0,1.0,1.5,0.024371529,0.7458471
0.89008725,0.8076383,0.5,1.0,1.0,1.5,-0.031699367,0.8402958
0.55846995,0.11129914,0.5,1.0,1.0,1.5,0.00093715894,0.03932637
0.67003715,0.19784053,0.5,1.0,1.0,1.5,-0.025319155,0.21574628
0.6860834,0.28298685,0.5,1.0,1.0,1.5,-0.03475611,0.29408148
0.7246102,0.932858,0.5,1.0,1.0,1.5,-0.003952816,0.9573797
0.71771413,0.31243682,0.5,1.0,1.0,1.5,-0.03435569,0.29460818
0.9066406,0.4552006,0.5,1.0,1.0,1.5,-0.05321584,0.41225824
0.208817,0.091879874,0.5,1.0,1.0,1.5,0.010917779,0.06677097
0.59677017,0.45492074,0.5,1.0,1.0,1.5,0.02305612,0.5412034
0.20743933,0.41136518,0.5,1.0,1.0,1.5,0.037305318,0.593091
0.6644056,0.34457967,0.5,1.0,1.0,1.5,-0.02369448,0.37109363
0.08868503,0.33845225,0.5,1.0,1.0,1.5,0.06356332,0.4593757
0.9376208,0.30299044,0.5,1.0,1.0,1.5,-0.04141263,0.29265812
0.934335,0.80056936,0.5,1.0,1.0,1.5,-0.036178317,0.81597996
0.9344712,0.5544189,0.5,1.0,1.0,1.5,-0.0557182,0.5495211
0.1975222,0.937398,0.5,1.0,1.0,1.5,0.0034827918,0.89425015
0.4469558,0.9390706,0.5,1.0,1.0,1.5,0.0027343659,0.9813762
0.30352217,0.06471096,0.5,1.0,1.0,1.5,-0.0038170707,0.010813832
0.8078061,0.066532314,0.5,1.0,1.0,1.5,-0.011809607,0.06611732
0.068449244,0.6957918,0.5,1.0,1.0,1.5,0.035036623,0.7581064
0.5473789,0.06757249,0.5,1.0,1.0,1.5,0.008174196,0.020308137
0.070926845,0.19624057,0.5,1.0,1.0,1.5,0.053069282,0.24501881
0.067231305,0.4453695,0.5,1.0,1.0,1.5,0.04569771,0.553847
0.29737625,0.44784042,0.5,1.0,1.0,1.5,0.026308302,0.6398262
0.55225533,0.5453928,0.5,1.0,1.0,1.5,0.023908189,0.6207661
0.021672446,0.3804783,0.5,1.0,1.0,1.5,0.06044753,0.39680672
0.36928883,0.022525996,0.5,1.0,1.0,1.5,-7.8940764e-05,0.010079026
0.11761662,0.02215993,0.5,1.0,1.0,1.5,0.0016967221,0.031921387
0.022173237,0.13060674,0.5,1.0,1.0,1.5,0.041825112,0.2153436
0.97839266,0.37049827,0.5,1.0,1.0,1.5,-0.046577122,0.3515376
0.3793098,0.97856736,0.5,1.0,1.0,1.5,-0.00020519295,0.9597193
0.9782101,0.12094851,0.5,1.0,1.0,1.5,-0.026693903,0.15802965
0.021320531,0.88173217,0.5,1.0,1.0,1.5,0.02813307,0.87984574
0.61940026,0.022302762,0.5,1.0,1.0,1.5,0.0020701573,0.029774368
0.021503069,0.6306169,0.5,1.0,1.0,1.5,0.04100977,0.6843682
0.86824816,0.023114374,0.5,1.0,1.0,1.5,-0.00012282352,0.034068286
0.12917925,0.97850883,0.5,1.0,1.0,1.5,0.0019480392,0.98154175
0.9786588,0.8687501,0.5,1.0,1.0,1.5,-0.022030693,0.83263844
0.87914103,0.97823745,0.5,1.0,1.0,1.5,0.001244189,1.0192326
0.9785471,0.62083924,0.5,1.0,1.0,1.5,-0.05911626,0.57593346
0.6293951,0.978539,0.5,1.0,1.0,1.5,0.0016437382,1.0013108
0.19524543,0.10569773,0.5,1.0,1.0,1.5,0.012183176,0.08884373
0.53116614,0.9362077,0.5,1.0,1.0,1.5,-0.0018199421,0.94411933
0.9369214,0.71607965,0.5,1.0,1.0,1.5,-0.050757166,0.74052036
0.9368536,0.21838704,0.5,1.0,1.0,1.5,-0.03776113,0.22146484
0.9387968,0.46817556,0.5,1.0,1.0,1.5,-0.05071379,0.46041393
0.28058785,0.93724614,0.5,1.0,1.0,1.5,0.007697946,0.9202888
0.07307382,0.53374267,0.5,1.0,1.0,1.5,0.033987682,0.61759263
0.71597993,0.073503725,0.5,1.0,1.0,1.5,-0.0038216594,0.061847985
0.06602128,0.7793066,0.5,1.0,1.0,1.5,0.028526032,0.8441695
0.21413781,0.06709268,0.5,1.0,1.0,1.5,0.0052982625,0.09643516
0.47280058,0.063078135,0.5,1.0,1.0,1.5,0.00654143,-3.59416e-05
0.70565164,0.32114676,0.5,1.0,1.0,1.5,-0.03266268,0.30020428
0.88330466,0.8431341,0.5,1.0,1.0,1.5,-0.021596575,0.8457938
0.5876944,0.11954386,0.5,1.0,1.0,1.5,-0.004510385,0.1248059
0.6356552,0.8854982,0.5,1.0,1.0,1.5,-0.003790148,0.9453735
0.5736065,0.49847645,0.5,1.0,1.0,1.5,0.022726886,0.6346673
0.24552299,0.42668563,0.5,1.0,1.0,1.5,0.027801784,0.60029227
0.56899124,0.5587851,0.5,1.0,1.0,1.5,0.024991855,0.651426
0.30901065,0.430964,0.5,1.0,1.0,1.5,0.023622015,0.65973973
0.92264485,0.5326013,0.5,1.0,1.0,1.5,-0.060296424,0.4498935
0.28589642,0.07466511,0.5,1.0,1.0,1.5,0.003175878,0.029401124
0.5564193,0.5539182,0.5,1.0,1.0,1.5,0.031185258,0.6272471
0.30488613,0.4435915,0.5,1.0,1.0,1.5,0.024744209,0.67158306
0.56801033,0.40773836,0.5,1.0,1.0,1.5,0.0056260093,0.5059931
0.58767486,0.82164407,0.5,1.0,1.0,1.5,0.006289839,0.88100624
0.56119925,0.5123986,0.5,1.0,1.0,1.5,0.025669709,0.5688228
0.25920144,0.4391518,0.5,1.0,1.0,1.5,0.025273152,0.66452616
0.46894345,0.051753946,0.5,1.0,1.0,1.5,0.0057785935,0.028466463
0.04146411,0.028827261,0.5,1.0,1.0,1.5,0.009968885,0.08774197
0.21985652,0.05082177,0.5,1.0,1.0,1.5,0.00037354603,0.038842678
0.28014007,0.9499773,0.5,1.0,1.0,1.5,0.0059428434,0.93909323
0.9509497,0.46903718,0.5,1.0,1.0,1.5,-0.052852277,0.42409545
0.033527195,0.9566453,0.5,1.0,1.0,1.5,0.011900378,0.9139961
0.044656858,0.7820035,0.5,1.0,1.0,1.5,0.032451615,0.822115
0.05368862,0.5288812,0.5,1.0,1.0,1.5,0.03852859,0.66262203
0.97447646,0.04875776,0.5,1.0,1.0,1.5,-0.01413423,0.043512225
0.7208816,0.053558122,0.5,1.0,1.0,1.5,-0.0030727321,0.028143823
0.9502135,0.21956359,0.5,1.0,1.0,1.5,-0.03846258,0.20675915
0.951232,0.97455,0.5,1.0,1.0,1.5,-0.0076982016,0.95823896
0.7783839,0.9501153,0.5,1.0,1.0,1.5,-0.00087187113,0.9677839
0.53072894,0.9495129,0.5,1.0,1.0,1.5,-0.0016167276,0.9534178
0.94956875,0.7168039,0.5,1.0,1.0,1.5,-0.05396421,0.7317591
0.8670246,0.9280908,0.5,1.0,1.0,1.5,-0.0047232686,0.96133506
0.61858237,0.9302491,0.5,1.0,1.0,1.5,-0.0032036998,0.9841862
0.9233287,0.8861371,0.5,1.0,1.0,1.5,-0.01855481,0.9046669
0.9381056,0.13208085,0.5,1.0,1.0,1.5,-0.024074163,0.11654121
0.067608654,0.8695278,0.5,1.0,1.0,1.5,0.022142295,0.8289438
0.0694565,0.6201441,0.5,1.0,1.0,1.5,0.042524856,0.70945853
0.6314741,0.071020104,0.5,1.0,1.0,1.5,0.0008433212,0.036839306
0.88003606,0.06972786,0.5,1.0,1.0,1.5,-0.009870813,0.05551219
0.11833036,0.93774176,0.5,1.0,1.0,1.5,0.013147232,0.93210125
0.9249704,0.38510308,0.5,1.0,1.0,1.5,-0.046621595,0.3367283
0.36709443,0.92928696,0.5,1.0,1.0,1.5,0.004754707,0.96009576
0.14339155,0.07440356,0.5,1.0,1.0,1.5,0.015427586,0.07118133
0.06839831,0.116814986,0.5,1.0,1.0,1.5,0.030676352,0.14640239
0.06576281,0.3681024,0.5,1.0,1.0,1.5,0.06301567,0.5052453
0.09643484,0.3417555,0.5,1.0,1.0,1.5,0.0601882,0.46075174
0.66020447,0.3529788,0.5,1.0,1.0,1.5,-0.023456845,0.39321017
0.30219668,0.08691004,0.5,1.0,1.0,1.5,-0.00033213478,0.046081007
0.9130011,0.5536881,0.5,1.0,1.0,1.5,-0.055455457,0.48915562
0.05870622,0.25993446,0.5,1.0,1.0,1.5,0.069147564,0.33887583
0.81842244,0.9202828,0.5,1.0,1.0,1.5,-0.002564222,0.9058782
0.57029474,0.6838001,0.5,1.0,1.0,1.5,0.016879499,0.7809794
0.43328786,0.43062901,0.5,1.0,1.0,1.5,0.022414004,0.6308744
0.69187456,0.19702989,0.5,1.0,1.0,1.5,-0.028127618,0.15834376
0.8797056,0.8504779,0.5,1.0,1.0,1.5,-0.015833931,0.8223065
0.5951051,0.122115016,0.5,1.0,1.0,1.5,-0.0067933826,0.09604728
0.5684513,0.57916206,0.5,1.0,1.0,1.5,0.023036875,0.70192623
0.3292924,0.43148315,0.5,1.0,1.0,1.5,0.022814322,0.7126554
0.23581704,0.42445856,0.5,1.0,1.0,1.5,0.036517184,0.58422524
0.56943125,0.48622832,0.5,1.0,1.0,1.5,0.025824893,0.58658755
0.68045974,0.19042479,0.5,1.0,1.0,1.5,-0.029212538,0.17091164
0.6955117,0.20364213,0.5,1.0,1.0,1.5,-0.026995905,0.17608693
0.91106427,0.7907053,0.5,1.0,1.0,1.5,-0.03937151,0.78812706
0.54125834,0.08969015,0.5,1.0,1.0,1.5,0.0035517563,0.049459934
0.55429935,0.6198434,0.5,1.0,1.0,1.5,0.02212316,0.6798874
0.3700917,0.4454524,0.5,1.0,1.0,1.5,0.022725422,0.6648969
0.64607054,0.1780251,0.5,1.0,1.0,1.5,-0.02224307,0.15569213
0.8311195,0.8960635,0.5,1.0,1.0,1.5,-0.0102589745,0.954034
0.7921915,0.32260674,0.5,1.0,1.0,1.5,-0.03488089,0.28987238
0.07424163,0.20521475,0.5,1.0,1.0,1.5,0.05889281,0.21315655
0.9258269,0.5562828,0.5,1.0,1.0,1.5,-0.059960283,0.5085108
0.618985,0.38369352,0.5,1.0,1.0,1.5,-0.011375972,0.45728484
0.13618383,0.39562058,0.5,1.0,1.0,1.5,0.044782177,0.5620503
0.4763148,0.054183397,0.5,1.0,1.0,1.5,0.0016076083,0.013798177
0.27442572,0.9432317,0.5,1.0,1.0,1.5,0.0047098175,0.9343827
0.9445541,0.47450876,0.5,1.0,1.0,1.5,-0.052488554,0.45296142
0.22646244,0.05300892,0.5,1.0,1.0,1.5,-0.00042457972,0.013103306
0.9431693,0.22513045,0.5,1.0,1.0,1.5,-0.03495878,0.16965613
0.054349072,0.7763895,0.5,1.0,1.0,1.5,0.030661274,0.7928542
0.72817874,0.053298566,0.5,1.0,1.0,1.5,-0.0042174873,0.053532332
0.05408227,0.5213409,0.5,1.0,1.0,1.5,0.04141076,0.6102768
0.52492386,0.9427488,0.5,1.0,1.0,1.5,0.0016159336,0.9846972
0.77287316,0.9471928,0.5,1.0,1.0,1.5,-0.00063092913,1.0284952
0.9438613,0.72197056,0.5,1.0,1.0,1.5,-0.047329213,0.7189783
0.60127884,0.42437217,0.5,1.0,1.0,1.5,0.00554634,0.5223076
0.15585661,0.41142368,0.5,1.0,1.0,1.5,0.044817187,0.58393306
0.17540953,0.40172377,0.5,1.0,1.0,1.5,0.042378902,0.5457933
0.9646865,0.4953494,0.5,1.0,1.0,1.5,-0.05398329,0.4728192
0.2530872,0.96358174,0.5,1.0,1.0,1.5,-0.0023516389,0.9481853
0.030307367,0.25960797,0.5,1.0,1.0,1.5,0.0636003,0.37840974
0.49372423,0.031361673,0.5,1.0,1.0,1.5,0.0072888257,0.052061647
0.9636237,0.24700725,0.5,1.0,1.0,1.5,-0.03922673,0.2270096
0.24205798,0.028838515,0.5,1.0,1.0,1.5,0.002506514,0.082320124
0.96436375,0.744073,0.5,1.0,1.0,1.5,-0.044231772,0.71615964
0.7533921,0.96318704,0.5,1.0,1.0,1.5,-0.0024470766,0.97292936
0.5032132,0.96349406,0.5,1.0,1.0,1.5,-0.004184925,0.95425
0.7421925,0.029351793,0.5,1.0,1.0,1.5,-0.004925808,0.014347494
0.028279923,0.7599362,0.5,1.0,1.0,1.5,0.035301007,0.78525114
0.028801851,0.50763446,0.5,1.0,1.0,1.5,0.037125878,0.5944911
0.58125895,0.71794575,0.5,1.0,1.0,1.5,0.015337894,0.80494595
0.69172263,0.31511563,0.5,1.0,1.0,1.5,-0.03506616,0.3044411
0.6141258,0.84805936,0.5,1.0,1.0,1.5,-0.0015546037,0.9156486
0.11279933,0.36959657,0.5,1.0,1.0,1.5,0.053228106,0.5633402
0.1335344,0.36378473,0.5,1.0,1.0,1.5,0.053469148,0.49934268
0.63674575,0.37772202,0.5,1.0,1.0,1.5,-0.011944677,0.41077274
0.5568484,0.42881534,0.5,1.0,1.0,1.5,0.012251076,0.60443693
0.5674547,0.8030468,0.5,1.0,1.0,1.5,0.0036717267,0.8526876
0.9322734,0.7787724,0.5,1.0,1.0,1.5,-0.039973974,0.76612926
0.9252775,0.7623623,0.5,1.0,1.0,1.5,-0.0463352,0.78827775
0.530579,0.060595952,0.5,1.0,1.0,1.5,0.007977147,0.016799033
0.50267065,0.07530903,0.5,1.0,1.0,1.5,0.0021957825,-0.026925385
0.81719595,0.9304087,0.5,1.0,1.0,1.5,-0.0040678177,0.9573732
0.93001103,0.45240226,0.5,1.0,1.0,1.5,-0.05334673,0.4595583
0.29615423,0.9288458,0.5,1.0,1.0,1.5,0.002972715,0.9109092
0.932925,0.19905818,0.5,1.0,1.0,1.5,-0.03633331,0.19827673
0.5484632,0.92900634,0.5,1.0,1.0,1.5,-0.0027718758,0.95789766
0.06883502,0.2979423,0.5,1.0,1.0,1.5,0.06265652,0.36846364
0.19936644,0.07839239,0.5,1.0,1.0,1.5,0.004114624,0.07865411
0.7068079,0.074251354,0.5,1.0,1.0,1.5,-0.0065722633,0.06947762
0.06569022,0.79471004,0.5,1.0,1.0,1.5,0.029849801,0.873593
0.07453705,0.54242206,0.5,1.0,1.0,1.5,0.033702426,0.64491785
0.68597275,0.27462354,0.5,1.0,1.0,1.5,-0.033418667,0.27424437
0.73231775,0.9316043,0.5,1.0,1.0,1.5,-0.003185573,1.0075679
0.73055315,0.30087057,0.5,1.0,1.0,1.5,-0.03593112,0.3042717
0.5906637,0.45037207,0.5,1.0,1.0,1.5,0.016437013,0.5644378
0.59849,0.46893185,0.5,1.0,1.0,1.5,0.015547026,0.51755875
0.195715,0.41354886,0.5,1.0,1.0,1.5,0.039861344,0.6017326
0.21693826,0.40325984,0.5,1.0,1.0,1.5,0.04088299,0.550244
0.6693926,0.3406804,0.5,1.0,1.0,1.5,-0.024331387,0.3504851
0.08305314,0.32560652,0.5,1.0,1.0,1.5,0.067858875,0.37174493
0.9287152,0.3123969,0.5,1.0,1.0,1.5,-0.041834384,0.25391704
0.18816335,0.9283869,0.5,1.0,1.0,1.5,0.006006051,0.9207194
0.9253348,0.81166524,0.5,1.0,1.0,1.5,-0.032966703,0.87640285
0.92786676,0.56655675,0.5,1.0,1.0,1.5,-0.061023846,0.5603217
0.4386743,0.930194,0.5,1.0,1.0,1.5,0.0016613022,0.93124604
0.3130349,0.068613105,0.5,1.0,1.0,1.5,0.0029781484,-0.0025769472
0.07308657,0.18204322,0.5,1.0,1.0,1.5,0.052480027,0.24332184
0.0691883,0.43575743,0.5,1.0,1.0,1.5,0.044283222,0.5030232
0.81641746,0.06693249,0.5,1.0,1.0,1.5,-0.00667324,0.05600488
0.07439938,0.6877522,0.5,1.0,1.0,1.5,0.034630395,0.7492778
0.5615835,0.070673905,0.5,1.0,1.0,1.5,0.0048790346,0.026644051
0.28994137,0.4516691,0.5,1.0,1.0,1.5,0.025977291,0.66495526
0.54887384,0.5350403,0.5,1.0,1.0,1.5,0.031844877,0.6026524
0.19207565,0.11466001,0.5,1.0,1.0,1.5,0.008428951,0.13091153
0.88710785,0.44699997,0.5,1.0,1.0,1.5,-0.044796824,0.43858004
0.9259506,0.7168949,0.5,1.0,1.0,1.5,-0.05185874,0.72437197
0.5372922,0.92967427,0.5,1.0,1.0,1.5,0.0023578699,0.9421935
0.93075234,0.21105666,0.5,1.0,1.0,1.5,-0.03442692,0.2027159
0.9336075,0.46138462,0.5,1.0,1.0,1.5,-0.044652767,0.4952286
0.28727534,0.93193674,0.5,1.0,1.0,1.5,0.0056514535,0.9405098
0.71527475,0.08320739,0.5,1.0,1.0,1.5,-0.0048396923,0.076042056
0.08372635,0.53338253,0.5,1.0,1.0,1.5,0.033848904,0.6271834
0.07683488,0.78835887,0.5,1.0,1.0,1.5,0.029044388,0.7720536
0.20710576,0.0732084,0.5,1.0,1.0,1.5,0.001634938,0.053857118
0.46724898,0.071951665,0.5,1.0,1.0,1.5,0.007974381,0.010838866
0.6476666,0.89032274,0.5,1.0,1.0,1.5,-0.010530774,0.86492467
0.63660425,0.3554337,0.5,1.0,1.0,1.5,-0.015530739,0.4359398
0.9326638,0.54363453,0.5,1.0,1.0,1.5,-0.058555916,0.4960214
0.2993217,0.07331278,0.5,1.0,1.0,1.5,0.0015395433,0.009513319
0.5735208,0.41890994,0.5,1.0,1.0,1.5,0.00857079,0.56848377
0.5784079,0.825524,0.5,1.0,1.0,1.5,0.0013216527,0.93525326
0.8759709,0.92624664,0.5,1.0,1.0,1.5,-0.008434682,0.93318486
0.62712693,0.9287004,0.5,1.0,1.0,1.5,-0.009197089,0.9521771
0.9267323,0.87219256,0.5,1.0,1.0,1.5,-0.018693924,0.89951825
0.92715186,0.12587003,0.5,1.0,1.0,1.5,-0.02560176,0.11628154
0.0765197,0.62185276,0.5,1.0,1.0,1.5,0.029737767,0.7106593
0.070221946,0.87577564,0.5,1.0,1.0,1.5,0.021454072,0.89490825
0.87198985,0.070758455,0.5,1.0,1.0,1.5,-0.008777433,0.035941184
0.6240069,0.07077101,0.5,1.0,1.0,1.5,-0.0012956583,0.04749787
0.12506862,0.9255687,0.5,1.0,1.0,1.5,0.008161621,0.9194726
0.9300899,0.3736016,0.5,1.0,1.0,1.5,-0.03923749,0.3376242
0.3752353,0.92689186,0.5,1.0,1.0,1.5,-0.0026762527,0.91681385
0.12223885,0.07558484,0.5,1.0,1.0,1.5,0.012004085,0.10198152
0.072815105,0.12453736,0.5,1.0,1.0,1.5,0.032342903,0.1385543
0.06505779,0.37479123,0.5,1.0,1.0,1.5,0.060128156,0.45966417
0.55621105,0.57410467,0.5,1.0,1.0,1.5,0.025986655,0.65670145
0.3245076,0.44376343,0.5,1.0,1.0,1.5,0.024902241,0.6426032
0.05146199,0.26474985,0.5,1.0,1.0,1.5,0.06630729,0.32653654
0.5604498,0.6792305,0.5,1.0,1.0,1.5,0.015965119,0.7660705
0.42773223,0.44352207,0.5,1.0,1.0,1.5,0.017987382,0.65721834
0.8250013,0.9124148,0.5,1.0,1.0,1.5,-0.00698903,0.9445325
0.81545216,0.34176728,0.5,1.0,1.0,1.5,-0.034105044,0.2865657
0.100141756,0.17887807,0.5,1.0,1.0,1.5,0.04173301,0.17110607
0.5140615,0.05711911,0.5,1.0,1.0,1.5,0.0061223516,-0.00073105097
0.9450163,0.7666755,0.5,1.0,1.0,1.5,-0.04374866,0.7769524
0.61841995,0.11971758,0.5,1.0,1.0,1.5,-0.008480002,0.11782417
0.8824936,0.86310923,0.5,1.0,1.0,1.5,-0.019480823,0.8813814
0.53086567,0.42775452,0.5,1.0,1.0,1.5,0.013203484,0.58226895
0.5644463,0.78310275,0.5,1.0,1.0,1.5,0.007934322,0.8904443
0.2567401,0.44827086,0.5,1.0,1.0,1.5,0.02482885,0.6609734
0.5531035,0.51091355,0.5,1.0,1.0,1.5,0.030589186,0.561067
0.571405,0.92176116,0.5,1.0,1.0,1.5,-0.0018306887,0.9519437
0.9155982,0.17376103,0.5,1.0,1.0,1.5,-0.03036625,0.17266878
0.9233194,0.4282293,0.5,1.0,1.0,1.5,-0.051414922,0.41433647
0.3206593,0.9221851,0.5,1.0,1.0,1.5,0.0045589805,0.9603566
0.07738077,0.8232346,0.5,1.0,1.0,1.5,0.026134964,0.90659636
0.081519425,0.5711461,0.5,1.0,1.0,1.5,0.040053796,0.6505873
0.6786036,0.08046278,0.5,1.0,1.0,1.5,-0.0016645514,0.051877826
0.1855199,0.07811991,0.5,1.0,1.0,1.5,0.009372983,0.03321314
0.07301356,0.32200572,0.5,1.0,1.0,1.5,0.06331453,0.42715022
0.22234254,0.0735019,0.5,1.0,1.0,1.5,0.00020696572,0.0592252
0.91999274,0.46916562,0.5,1.0,1.0,1.5,-0.051555716,0.4612668
0.6995643,0.32492313,0.5,1.0,1.0,1.5,-0.030277018,0.35439068
0.5706604,0.7490193,0.5,1.0,1.0,1.5,0.0039698863,0.8042307
0.49999008,0.42372254,0.5,1.0,1.0,1.5,0.0096750315,0.63009584
0.8987977,0.82257116,0.5,1.0,1.0,1.5,-0.03109067,0.8351419
0.5743038,0.09494558,0.5,1.0,1.0,1.5,-0.0008472032,0.060171515
0.6924125,0.34784922,0.5,1.0,1.0,1.5,-0.027395232,0.3543772
0.27651075,0.091920264,0.5,1.0,1.0,1.5,0.003947269,0.08903551
0.90318006,0.5266878,0.5,1.0,1.0,1.5,-0.051865138,0.4583828
0.09490406,0.3509118,0.5,1.0,1.0,1.5,0.057377864,0.5101135
0.6508225,0.34955955,0.5,1.0,1.0,1.5,-0.021496307,0.37859207
0.065880805,0.81863827,0.5,1.0,1.0,1.5,0.022433298,0.9055948
0.0670669,0.56815326,0.5,1.0,1.0,1.5,0.03818281,0.62463427
0.6819237,0.06643158,0.5,1.0,1.0,1.5,0.0016157822,0.043236494
0.9259553,0.06984541,0.5,1.0,1.0,1.5,-0.012762643,0.077843904
0.18172035,0.06830434,0.5,1.0,1.0,1.5,0.0072826147,0.10945317
0.06267654,0.06854497,0.5,1.0,1.0,1.5,0.019533882,0.113288105
0.57076293,0.932248,0.5,1.0,1.0,1.5,0.00013793889,0.9484451
0.9316957,0.92712986,0.5,1.0,1.0,1.5,-0.013353739,0.9283831
0.9353507,0.180011,0.5,1.0,1.0,1.5,-0.032794856,0.15957543
0.07240124,0.9338558,0.5,1.0,1.0,1.5,0.013660026,1.0095968
0.9321921,0.42951557,0.5,1.0,1.0,1.5,-0.05002837,0.3823583
0.3202473,0.93203485,0.5,1.0,1.0,1.5,0.0036034514,0.96236813
0.6157322,0.8630204,0.5,1.0,1.0,1.5,0.0013538664,0.9411798
0.39443603,0.44887593,0.5,1.0,1.0,1.5,0.022937981,0.6583984
0.55005807,0.6433102,0.5,1.0,1.0,1.5,0.020527411,0.70029294
0.14034757,0.14291532,0.5,1.0,1.0,1.5,0.03422699,0.16091487
0.8547773,0.38930014,0.5,1.0,1.0,1.5,-0.04070349,0.31592554
0.4153438,0.45001197,0.5,1.0,1.0,1.5,0.025390817,0.6393075
0.5476998,0.66358775,0.5,1.0,1.0,1.5,0.020264735,0.7467921
0.9082946,0.44667026,0.5,1.0,1.0,1.5,-0.04822818,0.4059698
0.1903065,0.09249524,0.5,1.0,1.0,1.5,0.009051908,0.103241205
0.0632999,0.84503543,0.5,1.0,1.0,1.5,0.023677517,0.90335524
0.65553254,0.06393618,0.5,1.0,1.0,1.5,0.0021071576,0.06996614
0.063695,0.5953951,0.5,1.0,1.0,1.5,0.03453353,0.69160455
0.91287017,0.07161211,0.5,1.0,1.0,1.5,-0.012280621,0.062177837
0.156722,0.06361999,0.5,1.0,1.0,1.5,0.0065722656,0.055636644
0.07120284,0.08262308,0.5,1.0,1.0,1.5,0.022733685,0.07077667
0.0677971,0.3414576,0.5,1.0,1.0,1.5,0.06439088,0.42253536
0.59147006,0.9372839,0.5,1.0,1.0,1.5,-0.0056653973,0.9955734
0.843028,0.934903,0.5,1.0,1.0,1.5,-0.0037755938,0.979276
0.9317413,0.90902054,0.5,1.0,1.0,1.5,-0.01769348,0.8816557
0.9313668,0.1520395,0.5,1.0,1.0,1.5,-0.030584294,0.14402172
0.09520196,0.9315033,0.5,1.0,1.0,1.5,0.013933468,0.90278447
0.93678606,0.40968692,0.5,1.0,1.0,1.5,-0.04781462,0.37602717
0.34084094,0.9374036,0.5,1.0,1.0,1.5,0.0064670877,0.9415192
0.8320435,0.3480005,0.5,1.0,1.0,1.5,-0.032756932,0.29270712
0.10062285,0.17283043,0.5,1.0,1.0,1.5,0.044672754,0.17506233
0.40311658,0.4534612,0.5,1.0,1.0,1.5,0.026543068,0.67279035
0.5446703,0.6504337,0.5,1.0,1.0,1.5,0.019079374,0.7414588
0.545554,0.9122967,0.5,1.0,1.0,1.5,-0.00071477983,0.9587465
0.9143365,0.19705325,0.5,1.0,1.0,1.5,-0.03204369,0.1435518
0.29728696,0.91464317,0.5,1.0,1.0,1.5,0.0008492924,0.95724577
0.91660684,0.45105788,0.5,1.0,1.0,1.5,-0.051267345,0.43648207
0.08574042,0.55100656,0.5,1.0,1.0,1.5,0.035117965,0.7127785
0.089390926,0.80293477,0.5,1.0,1.0,1.5,0.01894797,0.8602706
0.6980452,0.08469927,0.5,1.0,1.0,1.5,-0.0055552637,0.10702154
0.20289968,0.08635668,0.5,1.0,1.0,1.5,0.01052602,0.06367436
0.080229215,0.30234584,0.5,1.0,1.0,1.5,0.06588341,0.36653727
0.5770084,0.37433764,0.5,1.0,1.0,1.5,-0.009409885,0.48178887
0.62263006,0.82960594,0.5,1.0,1.0,1.5,-0.0047572553,0.91703266
0.5442992,0.54806596,0.5,1.0,1.0,1.5,0.029815003,0.6367296
0.30025944,0.45573634,0.5,1.0,1.0,1.5,0.023343915,0.6267948
0.63430214,0.14583872,0.5,1.0,1.0,1.5,-0.012884134,0.13322869
0.85158587,0.8809836,0.5,1.0,1.0,1.5,-0.009433571,0.9128495
0.5909525,0.11002289,0.5,1.0,1.0,1.5,0.00042097876,0.04512745
0.89515823,0.84414375,0.5,1.0,1.0,1.5,-0.024970498,0.8337575
0.6607303,0.8909886,0.5,1.0,1.0,1.5,-0.006381926,0.9727797
0.6334688,0.3370287,0.5,1.0,1.0,1.5,-0.026218144,0.37410578
0.7341404,0.92336595,0.5,1.0,1.0,1.5,7.714541e-05,0.9441698
0.6774233,0.26472476,0.5,1.0,1.0,1.5,-0.035062514,0.2691149
0.32456547,0.058065657,0.5,1.0,1.0,1.5,-0.0004617893,0.011650622
0.9301681,0.5763759,0.5,1.0,1.0,1.5,-0.05449675,0.5937918
0.6176027,0.8695867,0.5,1.0,1.0,1.5,0.0010413025,0.9295205
0.71105766,0.3060293,0.5,1.0,1.0,1.5,-0.034585636,0.2940263
0.68504524,0.3431484,0.5,1.0,1.0,1.5,-0.027217936,0.36828277
0.0968391,0.32022,0.5,1.0,1.0,1.5,0.06427211,0.38085374
0.63185984,0.3875043,0.5,1.0,1.0,1.5,-0.0053138146,0.4320651
0.13722016,0.37495705,0.5,1.0,1.0,1.5,0.05332014,0.5460553
0.58016825,0.15546286,0.5,1.0,1.0,1.5,-0.010038218,0.10525477
0.8457502,0.83004296,0.5,1.0,1.0,1.5,-0.024847042,0.8499295
0.57604533,0.7320516,0.5,1.0,1.0,1.5,0.015985118,0.81993103
0.4816514,0.42691252,0.5,1.0,1.0,1.5,0.015151105,0.6335176
0.19331475,0.4052174,0.5,1.0,1.0,1.5,0.039389756,0.57249975
0.5911804,0.4416058,0.5,1.0,1.0,1.5,0.015721042,0.61048764
0.27286285,0.44797602,0.5,1.0,1.0,1.5,0.02705338,0.6606194
0.55452836,0.5280711,0.5,1.0,1.0,1.5,0.027498534,0.62231016
0.6682036,0.90602505,0.5,1.0,1.0,1.5,-0.0032442412,0.94629526
0.66126895,0.3361863,0.5,1.0,1.0,1.5,-0.02947779,0.3747111
0.67981017,0.22514805,0.5,1.0,1.0,1.5,-0.028272826,0.20773932
0.7752617,0.9227491,0.5,1.0,1.0,1.5,-0.00045395596,0.9780952
0.051584873,0.2511229,0.5,1.0,1.0,1.5,0.07160113,0.2809698
0.97225434,0.5447894,0.5,1.0,1.0,1.5,-0.05782826,0.4678342
0.9727264,0.79570884,0.5,1.0,1.0,1.5,-0.036990553,0.79732525
0.70616204,0.97230494,0.5,1.0,1.0,1.5,0.0016189736,0.97801596
0.79623514,0.030239163,0.5,1.0,1.0,1.5,-0.0002053713,0.02135384
0.5475975,0.033508413,0.5,1.0,1.0,1.5,0.006050958,0.06705317
0.036251955,0.6998083,0.5,1.0,1.0,1.5,0.03213016,0.7742295
0.20524822,0.97197104,0.5,1.0,1.0,1.5,0.008420261,0.9661368
0.028981892,0.2043136,0.5,1.0,1.0,1.5,0.058651377,0.25820798
0.45518342,0.9718042,0.5,1.0,1.0,1.5,-0.0038090036,0.98998266
0.97196007,0.29478285,0.5,1.0,1.0,1.5,-0.04649475,0.28698426
0.035926737,0.45139116,0.5,1.0,1.0,1.5,0.04409232,0.513518
0.29811144,0.03522516,0.5,1.0,1.0,1.5,0.002870066,-0.008223474
0.7595845,0.9165857,0.5,1.0,1.0,1.5,-0.0032872236,0.9618495
0.6684773,0.23796226,0.5,1.0,1.0,1.5,-0.027910091,0.2466529
0.48755586,0.07932211,0.5,1.0,1.0,1.5,0.0041624904,0.026820302
0.92566097,0.74670535,0.5,1.0,1.0,1.5,-0.04395878,0.770313
0.93567437,0.61219984,0.5,1.0,1.0,1.5,-0.055988077,0.58317506
0.36093867,0.06733485,0.5,1.0,1.0,1.5,0.0038153555,0.056604058
0.7564992,0.30822644,0.5,1.0,1.0,1.5,-0.03269883,0.28271118
0.05734737,0.24013707,0.5,1.0,1.0,1.5,0.06375881,0.37118322
0.23131612,0.09177445,0.5,1.0,1.0,1.5,0.0032753383,0.06344938
0.90852964,0.4842328,0.5,1.0,1.0,1.5,-0.05381618,0.4054486
0.5585091,0.38690326,0.5,1.0,1.0,1.5,-0.005117152,0.52526295
0.6071559,0.81434256,0.5,1.0,1.0,1.5,0.0021404675,0.9310607
0.80871284,0.32616282,0.5,1.0,1.0,1.5,-0.03406498,0.28324044
0.92372715,0.72139996,0.5,1.0,1.0,1.5,-0.048754524,0.7160846
0.7818016,0.9400785,0.5,1.0,1.0,1.5,-0.0015932876,0.9631319
0.69783556,0.2201244,0.5,1.0,1.0,1.5,-0.028905056,0.20286027
0.03724196,0.75770295,0.5,1.0,1.0,1.5,0.036320478,0.8209444
0.041073944,0.51432973,0.5,1.0,1.0,1.5,0.038719505,0.6146792
0.7348264,0.04104115,0.5,1.0,1.0,1.5,-0.004018088,0.039099038
0.23485166,0.04100131,0.5,1.0,1.0,1.5,-0.0030573397,0.042224765
0.49004632,0.039051328,0.5,1.0,1.0,1.5,0.0037016945,-0.0123156905
0.04004734,0.2591417,0.5,1.0,1.0,1.5,0.06643758,0.3466031
0.5111355,0.9566875,0.5,1.0,1.0,1.5,0.00014117942,1.0050737
0.7610209,0.9569562,0.5,1.0,1.0,1.5,-0.00084888376,0.9651017
0.95753455,0.735966,0.5,1.0,1.0,1.5,-0.0452057,0.70583344
0.95687646,0.23911802,0.5,1.0,1.0,1.5,-0.045552924,0.24699894
0.95782214,0.48790288,0.5,1.0,1.0,1.5,-0.054623023,0.46168807
0.26093513,0.9567785,0.5,1.0,1.0,1.5,0.00026929495,0.94360197
0.47195807,0.10159376,0.5,1.0,1.0,1.5,-0.004595503,0.050295055
0.90016705,0.72272664,0.5,1.0,1.0,1.5,-0.047123436,0.7132124
0.5480575,0.093226336,0.5,1.0,1.0,1.5,0.003614696,0.034130275
0.9104917,0.80212647,0.5,1.0,1.0,1.5,-0.03674448,0.81265163
0.6966289,0.3384976,0.5,1.0,1.0,1.5,-0.027369218,0.3171236
0.82368183,0.3352271,0.5,1.0,1.0,1.5,-0.030614913,0.28430942
0.08590098,0.17496945,0.5,1.0,1.0,1.5,0.047457837,0.22807139
0.5456298,0.08000491,0.5,1.0,1.0,1.5,0.0088095,0.092631966
0.9232191,0.801076,0.5,1.0,1.0,1.5,-0.039317057,0.8508959
0.9731479,0.53641284,0.5,1.0,1.0,1.5,-0.063406415,0.4943685
0.972506,0.7872371,0.5,1.0,1.0,1.5,-0.04881599,0.76785904
0.7140374,0.97416496,0.5,1.0,1.0,1.5,-0.00017646165,0.97445166
0.21365398,0.97303975,0.5,1.0,1.0,1.5,8.172239e-05,0.966528
0.46356753,0.9727367,0.5,1.0,1.0,1.5,-0.0005210815,0.9876358
0.97300977,0.28639805,0.5,1.0,1.0,1.5,-0.047171302,0.25646037
0.78686345,0.03080244,0.5,1.0,1.0,1.5,-0.0050497716,0.0166111
0.5381899,0.032362707,0.5,1.0,1.0,1.5,0.00444712,0.033088624
0.03449677,0.71157616,0.5,1.0,1.0,1.5,0.03882162,0.735909
0.028286591,0.21339686,0.5,1.0,1.0,1.5,0.062244914,0.2581172
0.033920657,0.46279815,0.5,1.0,1.0,1.5,0.046308756,0.57317483
0.28691414,0.033554856,0.5,1.0,1.0,1.5,0.0016317384,-0.003942251
0.8253098,0.9266606,0.5,1.0,1.0,1.5,-0.007583907,0.94887006
0.24230784,0.088859156,0.5,1.0,1.0,1.5,0.0045549064,0.08077532
0.06963782,0.33174822,0.5,1.0,1.0,1.5,0.06957213,0.3915153
0.17284273,0.0706639,0.5,1.0,1.0,1.5,0.003031187,0.058536023
0.9304177,0.4206338,0.5,1.0,1.0,1.5,-0.051384546,0.46865287
0.32960987,0.9302872,0.5,1.0,1.0,1.5,0.0060837083,0.89992
0.672765,0.071891,0.5,1.0,1.0,1.5,-0.0043895505,0.095704675
0.06984869,0.82771885,0.5,1.0,1.0,1.5,0.025717288,0.7879482
0.07320452,0.5781262,0.5,1.0,1.0,1.5,0.036593355,0.71331805
0.923103,0.16283065,0.5,1.0,1.0,1.5,-0.02837687,0.1363599
0.5803536,0.93012846,0.5,1.0,1.0,1.5,-0.0015771962,0.9730557
0.7028241,0.1997406,0.5,1.0,1.0,1.5,-0.024356006,0.15544447
0.5481094,0.63031656,0.5,1.0,1.0,1.5,0.01917962,0.7131909
0.38100815,0.45139647,0.5,1.0,1.0,1.5,0.023121778,0.6677516
0.36612698,0.06094589,0.5,1.0,1.0,1.5,-0.001288834,0.012082636
0.6898579,0.30254275,0.5,1.0,1.0,1.5,-0.03233895,0.33746976
0.56399745,0.4265292,0.5,1.0,1.0,1.5,0.01734132,0.6249035
0.57151335,0.8107796,0.5,1.0,1.0,1.5,0.002240841,0.90516996
0.73623294,0.30862847,0.5,1.0,1.0,1.5,-0.03173762,0.29618105
0.7168123,0.30000427,0.5,1.0,1.0,1.5,-0.02791838,0.26398963
0.9280875,0.30295652,0.5,1.0,1.0,1.5,-0.04230199,0.25639954
0.4478786,0.93025446,0.5,1.0,1.0,1.5,0.0008506491,0.95824766
0.19802807,0.9273878,0.5,1.0,1.0,1.5,0.0056390865,0.9319774
0.17935668,0.9301609,0.5,1.0,1.0,1.5,0.011159473,0.9645488
0.9299427,0.32124966,0.5,1.0,1.0,1.5,-0.043744545,0.25427574
0.9270632,0.821488,0.5,1.0,1.0,1.5,-0.035965588,0.8145812
0.4300051,0.93032587,0.5,1.0,1.0,1.5,0.0039392617,0.96008265
0.06462931,0.17548178,0.5,1.0,1.0,1.5,0.04529493,0.2658192
0.07843788,0.44681785,0.5,1.0,1.0,1.5,0.043928027,0.53216946
0.07061526,0.4264605,0.5,1.0,1.0,1.5,0.03723761,0.51715183
0.82533675,0.062139954,0.5,1.0,1.0,1.5,-0.010800059,0.07908842
0.06928589,0.6755761,0.5,1.0,1.0,1.5,0.032627314,0.74470156
0.5754011,0.06675584,0.5,1.0,1.0,1.5,0.0057731643,0.037038565
0.8019821,0.07590611,0.5,1.0,1.0,1.5,-0.008141855,0.060530484
0.07712006,0.70126814,0.5,1.0,1.0,1.5,0.036328953,0.74911636
0.5255324,0.92920226,0.5,1.0,1.0,1.5,0.00066321297,0.9496505
0.92935485,0.22381572,0.5,1.0,1.0,1.5,-0.038926657,0.16466433
0.2754317,0.92997926,0.5,1.0,1.0,1.5,0.004846624,0.92229605
0.7254398,0.07420744,0.5,1.0,1.0,1.5,-0.011166758,0.08096525
0.07371984,0.7813564,0.5,1.0,1.0,1.5,0.028961586,0.8487307
0.07251545,0.52515894,0.5,1.0,1.0,1.5,0.043001313,0.63005924
0.53600454,0.5509666,0.5,1.0,1.0,1.5,0.028729618,0.6089128
0.29441682,0.4677304,0.5,1.0,1.0,1.5,0.027165975,0.70689535
0.6550063,0.8850338,0.5,1.0,1.0,1.5,-0.0037716217,0.92221534
0.6394717,0.8936574,0.5,1.0,1.0,1.5,-0.0051826956,0.9534584
0.63182735,0.34636712,0.5,1.0,1.0,1.5,-0.018732049,0.44580883
0.9333791,0.5329899,0.5,1.0,1.0,1.5,-0.05691074,0.4843703
0.29074988,0.06743757,0.5,1.0,1.0,1.5,-0.0041591832,0.046194613
0.57121015,0.42742905,0.5,1.0,1.0,1.5,0.016357813,0.6088011
0.5879326,0.40174446,0.5,1.0,1.0,1.5,0.004685308,0.50427425
0.59064007,0.8287165,0.5,1.0,1.0,1.5,0.0032914924,0.9206276
0.575029,0.8183899,0.5,1.0,1.0,1.5,0.0024455255,0.86837494
0.913489,0.89064825,0.5,1.0,1.0,1.5,-0.013929252,0.87268686
0.63530713,0.92712307,0.5,1.0,1.0,1.5,-0.008189641,0.9719543
0.93392724,0.8662197,0.5,1.0,1.0,1.5,-0.0210013,0.87794757
0.8649868,0.91903484,0.5,1.0,1.0,1.5,-0.0057517635,0.93615687
0.6171442,0.92124206,0.5,1.0,1.0,1.5,0.0023647891,1.004665
0.926846,0.119205296,0.5,1.0,1.0,1.5,-0.023011297,0.119320184
0.92838246,0.13409367,0.5,1.0,1.0,1.5,-0.028526276,0.12672222
0.8876411,0.07825175,0.5,1.0,1.0,1.5,-0.017404381,0.10480082
0.070343345,0.6358503,0.5,1.0,1.0,1.5,0.03536601,0.7084649
0.07813727,0.6169758,0.5,1.0,1.0,1.5,0.028586077,0.72023755
0.6166706,0.0716902,0.5,1.0,1.0,1.5,0.0020105448,0.04542327
0.86393714,0.07195297,0.5,1.0,1.0,1.5,-0.01432967,0.074326605
0.07167642,0.8823444,0.5,1.0,1.0,1.5,0.018757228,0.9074043
0.13331789,0.923693,0.5,1.0,1.0,1.5,0.008780693,0.9452659
0.116182305,0.9274604,0.5,1.0,1.0,1.5,0.019668728,0.9482914
0.3831971,0.9244422,0.5,1.0,1.0,1.5,0.0055462364,0.907073
0.92620707,0.36610317,0.5,1.0,1.0,1.5,-0.038610738,0.34707654
0.91538763,0.3892032,0.5,1.0,1.0,1.5,-0.047757663,0.31257847
0.3643172,0.91957974,0.5,1.0,1.0,1.5,0.005884166,0.9446744
0.13514416,0.08152674,0.5,1.0,1.0,1.5,0.017107658,0.07215673
0.11737322,0.06737555,0.5,1.0,1.0,1.5,0.012454858,0.1059857
0.07083203,0.13370916,0.5,1.0,1.0,1.5,0.035203602,0.21111667
0.060805283,0.3839988,0.5,1.0,1.0,1.5,0.054505054,0.5096864
0.073488235,0.3610824,0.5,1.0,1.0,1.5,0.062078837,0.47239366
0.5517373,0.58607864,0.5,1.0,1.0,1.5,0.027491417,0.68924993
0.33637056,0.44825715,0.5,1.0,1.0,1.5,0.025193367,0.6886784
0.5226606,0.051700287,0.5,1.0,1.0,1.5,0.012397323,0.09911358
0.9498892,0.7750973,0.5,1.0,1.0,1.5,-0.042797245,0.79317445
0.47285432,0.11142079,0.5,1.0,1.0,1.5,-9.761145e-05,0.018234074
0.88962406,0.7233466,0.5,1.0,1.0,1.5,-0.048035488,0.74383134
0.59949344,0.113593854,0.5,1.0,1.0,1.5,-0.0069375252,0.11641911
0.8166465,0.3622866,0.5,1.0,1.0,1.5,-0.029084198,0.29289225
0.11195997,0.18798704,0.5,1.0,1.0,1.5,0.05325141,0.2167399
0.52291924,0.42860764,0.5,1.0,1.0,1.5,0.015566863,0.6217012
0.5727892,0.7773046,0.5,1.0,1.0,1.5,0.008560156,0.85876
0.476811,0.075566724,0.5,1.0,1.0,1.5,-0.00062228786,-0.00058829784
0.93234473,0.7212326,0.5,1.0,1.0,1.5,-0.04751165,0.7242905
0.55629677,0.78835,0.5,1.0,1.0,1.5,0.007013332,0.8407394
0.53120464,0.43803188,0.5,1.0,1.0,1.5,0.014973236,0.6002255
0.56954336,0.9140936,0.5,1.0,1.0,1.5,-0.0019568084,0.93613005
0.9074556,0.18016659,0.5,1.0,1.0,1.5,-0.035357617,0.17668125
0.3183613,0.9151445,0.5,1.0,1.0,1.5,0.005112153,0.9219142
0.08808142,0.56681514,0.5,1.0,1.0,1.5,0.037219554,0.6067902
0.68243915,0.087276764,0.5,1.0,1.0,1.5,-0.003911749,0.08423635
0.085653365,0.8216632,0.5,1.0,1.0,1.5,0.026630444,0.8622219
0.17625657,0.087192774,0.5,1.0,1.0,1.5,0.005124603,0.10680872
0.17837217,0.093887605,0.5,1.0,1.0,1.5,0.008428945,0.10622057
0.9033648,0.43337446,0.5,1.0,1.0,1.5,-0.04767543,0.41359323
0.23335007,0.06950231,0.5,1.0,1.0,1.5,0.0011400504,0.071522206
0.9247522,0.47733882,0.5,1.0,1.0,1.5,-0.056452014,0.44384456
0.5713752,0.7571759,0.5,1.0,1.0,1.5,0.007759466,0.8643218
0.5078049,0.42104486,0.5,1.0,1.0,1.5,0.016835786,0.57607496
0.6523543,0.32672024,0.5,1.0,1.0,1.5,-0.030817717,0.36652347
0.6768985,0.90305513,0.5,1.0,1.0,1.5,-0.0074577453,0.9853027
0.08597633,0.34717605,0.5,1.0,1.0,1.5,0.064448535,0.43073416
0.095810905,0.36503366,0.5,1.0,1.0,1.5,0.05668379,0.49170822
0.6570216,0.34611404,0.5,1.0,1.0,1.5,-0.02532168,0.40863866
0.7641974,0.92162234,0.5,1.0,1.0,1.5,-0.0055089174,0.95931333
0.67390674,0.2313909,0.5,1.0,1.0,1.5,-0.03240038,0.23342416
0.13075596,0.13953325,0.5,1.0,1.0,1.5,0.03230737,0.1400742
0.869563,0.37934637,0.5,1.0,1.0,1.5,-0.036561005,0.38582003
0.8340252,0.33948657,0.5,1.0,1.0,1.5,-0.031471293,0.30169016
0.08956164,0.16658093,0.5,1.0,1.0,1.5,0.043451972,0.1828258
0.41216874,0.45766616,0.5,1.0,1.0,1.5,0.028868709,0.65776527
0.5406507,0.65805507,0.5,1.0,1.0,1.5,0.020004522,0.7430938
0.55315363,0.90794295,0.5,1.0,1.0,1.5,-8.331868e-05,0.97325003
0.90067273,0.18163112,0.5,1.0,1.0,1.5,-0.030896686,0.18939099
0.304102,0.91044164,0.5,1.0,1.0,1.5,0.008180377,0.9597343
0.09676368,0.55985945,0.5,1.0,1.0,1.5,0.032851122,0.65215725
0.09246795,0.8111268,0.5,1.0,1.0,1.5,0.023394069,0.84152097
0.6897426,0.096092924,0.5,1.0,1.0,1.5,-0.01023115,0.106687695
0.6123039,0.83095735,0.5,1.0,1.0,1.5,-0.0027692015,0.87677944
0.5482656,0.5569193,0.5,1.0,1.0,1.5,0.03196793,0.70896703
0.30820897,0.45181155,0.5,1.0,1.0,1.5,0.027988,0.70190877
0.640828,0.15140313,0.5,1.0,1.0,1.5,-0.014518695,0.15104964
0.6279441,0.14085555,0.5,1.0,1.0,1.5,-0.014316693,0.094236374
0.8472542,0.8998593,0.5,1.0,1.0,1.5,-0.011060707,0.90208244
0.59537786,0.10060615,0.5,1.0,1.0,1.5,-0.0020789718,0.121144
0.9037352,0.84163165,0.5,1.0,1.0,1.5,-0.025781669,0.8894246
0.88918924,0.8473744,0.5,1.0,1.0,1.5,-0.020960892,0.85654366
0.6207271,0.88554037,0.5,1.0,1.0,1.5,-0.0024611987,0.9473479
0.5946646,0.84369415,0.5,1.0,1.0,1.5,0.00035782647,0.9124565
0.7013255,0.30098894,0.5,1.0,1.0,1.5,-0.036297534,0.29882547
0.5689716,0.7407086,0.5,1.0,1.0,1.5,0.013638561,0.84458447
0.4911418,0.4257664,0.5,1.0,1.0,1.5,0.0161747,0.6279019
0.6597914,0.9119388,0.5,1.0,1.0,1.5,-0.0052465117,0.9399314
0.047716387,0.25839558,0.5,1.0,1.0,1.5,0.06960691,0.3624558
0.94202673,0.7788165,0.5,1.0,1.0,1.5,-0.039677378,0.76848066
0.5260033,0.057438757,0.5,1.0,1.0,1.5,0.004669999,0.042807937
0.75544965,0.9247154,0.5,1.0,1.0,1.5,-0.0019123759,0.9708683
0.67604446,0.24408415,0.5,1.0,1.0,1.5,-0.03312198,0.25653234
0.9267653,0.75509876,0.5,1.0,1.0,1.5,-0.047003344,0.76647747
0.49309978,0.073553845,0.5,1.0,1.0,1.5,0.0032014558,0.015550673
0.5729505,0.38398865,0.5,1.0,1.0,1.5,-0.0056193676,0.5189349
0.61070883,0.82235914,0.5,1.0,1.0,1.5,0.0016395545,0.91141653
0.8170813,0.32106468,0.5,1.0,1.0,1.5,-0.036910895,0.2770251
0.8029824,0.31965348,0.5,1.0,1.0,1.5,-0.03547608,0.26519144
0.05030698,0.51245147,0.5,1.0,1.0,1.5,0.039699964,0.61748683
0.05122055,0.7606551,0.5,1.0,1.0,1.5,0.03662342,0.83040154
0.73495793,0.049046084,0.5,1.0,1.0,1.5,-0.005688358,0.03672582
0.23552515,0.0507212,0.5,1.0,1.0,1.5,-0.0022130366,0.004590392
0.48711392,0.048160348,0.5,1.0,1.0,1.5,0.004325944,0.0025309324
0.5128309,0.9423888,0.5,1.0,1.0,1.5,-0.0029902416,0.9450817
0.76391107,0.9435183,0.5,1.0,1.0,1.5,0.0015636489,0.96799946
0.94418454,0.7332038,0.5,1.0,1.0,1.5,-0.047873244,0.745559
0.9426103,0.23736268,0.5,1.0,1.0,1.5,-0.03939026,0.1831038
0.9438829,0.48644254,0.5,1.0,1.0,1.5,-0.052187562,0.42319572
0.2625101,0.9425209,0.5,1.0,1.0,1.5,0.004486292,1.0110339
0.6518291,0.8963737,0.5,1.0,1.0,1.5,-0.0045024073,0.95181584
0.07737169,0.17295568,0.5,1.0,1.0,1.5,0.049583755,0.20364329
0.21670178,0.41719604,0.5,1.0,1.0,1.5,0.037417363,0.57044685
0.58834237,0.46334824,0.5,1.0,1.0,1.5,0.017661564,0.5329717
0.7525149,0.2997291,0.5,1.0,1.0,1.5,-0.030315597,0.3343113
0.07768773,0.082272194,0.5,1.0,1.0,1.5,0.016566843,0.16973102
0.08439114,0.92745745,0.5,1.0,1.0,1.5,0.014913861,0.8692432
0.9191794,0.07637057,0.5,1.0,1.0,1.5,-0.016674282,0.11633089
0.930225,0.91603404,0.5,1.0,1.0,1.5,-0.011611744,0.8763149
0.5524417,0.68321115,0.5,1.0,1.0,1.5,0.014696853,0.7856667
0.43694353,0.44959834,0.5,1.0,1.0,1.5,0.02440192,0.62466216
0.5496068,0.51937044,0.5,1.0,1.0,1.5,0.03135602,0.5971278
0.26436254,0.44928807,0.5,1.0,1.0,1.5,0.029482583,0.6060727
0.7656634,0.3034329,0.5,1.0,1.0,1.5,-0.032356475,0.3062479
0.049179524,0.2318198,0.5,1.0,1.0,1.5,0.06300761,0.26640886
0.18335207,0.40704688,0.5,1.0,1.0,1.5,0.041014515,0.6077573
0.58914423,0.42699733,0.5,1.0,1.0,1.5,0.0077588866,0.6011882
0.9318313,0.7315021,0.5,1.0,1.0,1.5,-0.048901748,0.7391392
0.48384282,0.0745604,0.5,1.0,1.0,1.5,0.0046562897,-0.010476291
0.17482013,0.4137131,0.5,1.0,1.0,1.5,0.037674338,0.57543916
0.59400254,0.41915396,0.5,1.0,1.0,1.5,0.005031901,0.51728284
0.9306487,0.07774435,0.5,1.0,1.0,1.5,-0.016098015,0.086808056
0.92346704,0.93079674,0.5,1.0,1.0,1.5,-0.011331111,0.9513706
0.06962807,0.05993124,0.5,1.0,1.0,1.5,0.012866532,0.05592802
0.0631458,0.9321697,0.5,1.0,1.0,1.5,0.012347256,0.9864634
0.5595794,0.4370967,0.5,1.0,1.0,1.5,0.017256357,0.6636187
0.5595806,0.8070642,0.5,1.0,1.0,1.5,0.006216638,0.870301
0.34985715,0.9344252,0.5,1.0,1.0,1.5,0.0028293142,0.9305004
0.9328792,0.40105006,0.5,1.0,1.0,1.5,-0.045385774,0.37789193
0.106420234,0.92948765,0.5,1.0,1.0,1.5,0.009964766,0.97076154
0.066540495,0.35084042,0.5,1.0,1.0,1.5,0.06564103,0.45243043
0.9299064,0.14287421,0.5,1.0,1.0,1.5,-0.031179272,0.1651491
0.06803688,0.09954516,0.5,1.0,1.0,1.5,0.027154265,0.063069046
0.15280789,0.07054402,0.5,1.0,1.0,1.5,0.012373695,0.055220753
0.60070395,0.93446743,0.5,1.0,1.0,1.5,-0.003225645,0.95898753
0.93081355,0.9022392,0.5,1.0,1.0,1.5,-0.010514155,0.89448875
0.07103781,0.5994576,0.5,1.0,1.0,1.5,0.040400345,0.6374643
0.07144399,0.84841156,0.5,1.0,1.0,1.5,0.025384085,0.9002365
0.6520257,0.07160105,0.5,1.0,1.0,1.5,0.0021201817,0.09307742
0.9031342,0.07721045,0.5,1.0,1.0,1.5,-0.013589585,0.04896629
0.69886535,0.2300778,0.5,1.0,1.0,1.5,-0.032110423,0.23381561
0.8287894,0.90391964,0.5,1.0,1.0,1.5,-0.008786057,0.95496714
0.6547956,0.17512275,0.5,1.0,1.0,1.5,-0.019911721,0.18979105
0.12738647,0.39237696,0.5,1.0,1.0,1.5,0.04308967,0.45177007
0.57501423,0.7156309,0.5,1.0,1.0,1.5,0.014190409,0.7987967
0.7069995,0.09194822,0.5,1.0,1.0,1.5,-0.010657151,0.06824726
0.09510213,0.54177266,0.5,1.0,1.0,1.5,0.032159273,0.61848533
0.09188574,0.79038817,0.5,1.0,1.0,1.5,0.027317168,0.7712332
0.541978,0.90593004,0.5,1.0,1.0,1.5,0.00068111205,0.8921101
0.9057079,0.1988617,0.5,1.0,1.0,1.5,-0.03496792,0.18156701
0.2927432,0.9059853,0.5,1.0,1.0,1.5,0.010338742,0.88700765
0.5746352,0.4792317,0.5,1.0,1.0,1.5,0.021706402,0.6101061
0.22826602,0.42667848,0.5,1.0,1.0,1.5,0.03148507,0.6249492
0.5616911,0.08891609,0.5,1.0,1.0,1.5,0.0069542397,0.122436404
0.9061209,0.8164332,0.5,1.0,1.0,1.5,-0.033060443,0.81631726
0.9291835,0.7113329,0.5,1.0,1.0,1.5,-0.046451617,0.7167462
0.45519498,0.06867036,0.5,1.0,1.0,1.5,0.006776605,0.020822346
0.8414461,0.8942619,0.5,1.0,1.0,1.5,-0.013404699,0.92710066
0.63469326,0.15973505,0.5,1.0,1.0,1.5,-0.02092157,0.1165255
0.5857032,0.09397205,0.5,1.0,1.0,1.5,-0.0029545436,0.108166814
0.9003665,0.83262646,0.5,1.0,1.0,1.5,-0.029983103,0.80989945
0.67930865,0.17564511,0.5,1.0,1.0,1.5,-0.019714693,0.23200184
0.55147326,0.60839194,0.5,1.0,1.0,1.5,0.027781494,0.7399819
0.35860023,0.4484244,0.5,1.0,1.0,1.5,0.022546766,0.6746955
0.73811454,0.9318087,0.5,1.0,1.0,1.5,-0.0028818878,0.9858961
0.68693733,0.26709637,0.5,1.0,1.0,1.5,-0.03220766,0.27501383
0.9471974,0.7533546,0.5,1.0,1.0,1.5,-0.0417779,0.7823684
0.50432944,0.054910272,0.5,1.0,1.0,1.5,0.008808902,0.046373725
0.593059,0.39231956,0.5,1.0,1.0,1.5,-0.0011343178,0.5133742
0.14957707,0.40561295,0.5,1.0,1.0,1.5,0.043239232,0.5681726
0.88566715,0.87744594,0.5,1.0,1.0,1.5,-0.016704861,0.92117906
0.62457764,0.11642466,0.5,1.0,1.0,1.5,-0.010133147,0.093119144
0.5816128,0.42197675,0.5,1.0,1.0,1.5,0.0069467565,0.5106539
0.17882177,0.41920424,0.5,1.0,1.0,1.5,0.035896447,0.5292949
0.6351837,0.9043919,0.5,1.0,1.0,1.5,-0.0031264108,0.9360782
0.47207692,0.42719898,0.5,1.0,1.0,1.5,0.016772218,0.6240264
0.57466453,0.72371864,0.5,1.0,1.0,1.5,0.009784942,0.8356168
0.3607832,0.45940298,0.5,1.0,1.0,1.5,0.025907993,0.6602143
0.5404562,0.6103701,0.5,1.0,1.0,1.5,0.025611073,0.600811
0.4734465,0.12208661,0.5,1.0,1.0,1.5,0.00015101302,-0.010062814
0.8784848,0.72363794,0.5,1.0,1.0,1.5,-0.044142418,0.7578674
0.4717041,0.43702313,0.5,1.0,1.0,1.5,1.4509773e-05,0.57024676
0.5659457,0.7230758,0.5,1.0,1.0,1.5,0.013622246,0.7643259
0.6665197,0.17752747,0.5,1.0,1.0,1.5,-0.020076638,0.17880425
0.34898257,0.45265952,0.5,1.0,1.0,1.5,0.024751661,0.7042773
0.5473332,0.59871095,0.5,1.0,1.0,1.5,0.027509123,0.74128455
0.83865803,0.906837,0.5,1.0,1.0,1.5,-0.008249057,0.92245454
0.6536172,0.16653444,0.5,1.0,1.0,1.5,-0.019216545,0.093924046
0.16992831,0.096805185,0.5,1.0,1.0,1.5,0.01636801,0.11627668
0.9101391,0.42508802,0.5,1.0,1.0,1.5,-0.046136983,0.34253797
0.57878876,0.47291708,0.5,1.0,1.0,1.5,0.022190293,0.5266433
0.22342844,0.42238992,0.5,1.0,1.0,1.5,0.030063609,0.570354
0.117664754,0.37543574,0.5,1.0,1.0,1.5,0.048151925,0.6496283
0.5414239,0.5122183,0.5,1.0,1.0,1.5,0.025558408,0.58919615
0.26316398,0.45974207,0.5,1.0,1.0,1.5,0.023334922,0.60309076
0.25450012,0.4575001,0.5,1.0,1.0,1.5,0.029871797,0.6609791
0.5538404,0.5039742,0.5,1.0,1.0,1.5,0.030096103,0.61221373
0.13888873,0.40561676,0.5,1.0,1.0,1.5,0.042865783,0.54214275
0.48374942,0.057146553,0.5,1.0,1.0,1.5,0.007484848,-0.0026976466
0.7341905,0.05703709,0.5,1.0,1.0,1.5,-0.006668388,0.03977382
0.0601482,0.76745546,0.5,1.0,1.0,1.5,0.027271245,0.79329693
0.2572869,0.93525064,0.5,1.0,1.0,1.5,0.006344895,0.9514922
0.9368231,0.49177113,0.5,1.0,1.0,1.5,-0.051378116,0.51977247
0.93552655,0.24250771,0.5,1.0,1.0,1.5,-0.032735433,0.221427
0.9377245,0.737235,0.5,1.0,1.0,1.5,-0.047710925,0.75994474
0.50777346,0.93524826,0.5,1.0,1.0,1.5,-0.0066119526,0.984496
0.5845998,0.83856475,0.5,1.0,1.0,1.5,0.00037697214,0.923967
0.90639603,0.3935956,0.5,1.0,1.0,1.5,-0.045927785,0.3994943
0.3613316,0.9096531,0.5,1.0,1.0,1.5,0.0072987583,0.91296613
0.114860505,0.91702896,0.5,1.0,1.0,1.5,0.013163727,0.88836485
0.08943809,0.35988167,0.5,1.0,1.0,1.5,0.05828645,0.44357267
0.9186789,0.13523349,0.5,1.0,1.0,1.5,-0.029322308,0.09142783
0.084802434,0.122342914,0.5,1.0,1.0,1.5,0.032589257,0.1266459
0.13446487,0.0918158,0.5,1.0,1.0,1.5,0.015157725,0.12004304
0.9089508,0.88274586,0.5,1.0,1.0,1.5,-0.022090962,0.9198786
0.86357796,0.9106271,0.5,1.0,1.0,1.5,-0.009290057,0.9113803
0.6161368,0.9125127,0.5,1.0,1.0,1.5,-0.003929513,0.93573415
0.6383808,0.088238694,0.5,1.0,1.0,1.5,-0.0013365154,0.10272324
0.89594,0.08753561,0.5,1.0,1.0,1.5,-0.017972877,0.100545555
0.086261444,0.8627446,0.5,1.0,1.0,1.5,0.020433448,0.9230508
0.0857556,0.6158734,0.5,1.0,1.0,1.5,0.03221988,0.7300446
0.22356173,0.40981695,0.5,1.0,1.0,1.5,0.03445927,0.622908
0.59373343,0.4770437,0.5,1.0,1.0,1.5,0.023774395,0.58732325
0.07449389,0.1625055,0.5,1.0,1.0,1.5,0.04149012,0.21412304
0.07866591,0.075632736,0.5,1.0,1.0,1.5,0.017567527,0.16575828
0.92398155,0.0808071,0.5,1.0,1.0,1.5,-0.018413693,0.09815815
0.074910544,0.9250459,0.5,1.0,1.0,1.5,0.012039001,0.9107945
0.9267855,0.9209851,0.5,1.0,1.0,1.5,-0.014264185,0.94644606
0.6968441,0.29115394,0.5,1.0,1.0,1.5,-0.037798706,0.25937438
0.91262615,0.8400155,0.5,1.0,1.0,1.5,-0.025042383,0.8607061
0.5954163,0.086991206,0.5,1.0,1.0,1.5,-0.0025133607,0.07185471
0.5388664,0.07180625,0.5,1.0,1.0,1.5,0.004086691,0.018835962
0.9221187,0.7904065,0.5,1.0,1.0,1.5,-0.039406333,0.8150694
0.96478754,0.7948356,0.5,1.0,1.0,1.5,-0.043268282,0.79459727
0.7092954,0.96204,0.5,1.0,1.0,1.5,-0.0013738582,1.0638375
0.96267575,0.54302865,0.5,1.0,1.0,1.5,-0.059320956,0.50985813
0.2068582,0.9618252,0.5,1.0,1.0,1.5,0.0021423078,0.9642792
0.45664433,0.9614169,0.5,1.0,1.0,1.5,0.00029687886,1.0016772
0.9617833,0.293195,0.5,1.0,1.0,1.5,-0.041707866,0.17395976
0.7859639,0.04021459,0.5,1.0,1.0,1.5,-0.0066859843,0.061195433
0.04474659,0.7136767,0.5,1.0,1.0,1.5,0.038537044,0.7562018
0.53668964,0.041640516,0.5,1.0,1.0,1.5,0.0021595138,-0.0006504059
0.03724002,0.21465673,0.5,1.0,1.0,1.5,0.052850243,0.28677163
0.04392062,0.46548402,0.5,1.0,1.0,1.5,0.042085595,0.5659375
0.28438514,0.043557536,0.5,1.0,1.0,1.5,-0.0021244069,0.0015627146
0.11122386,0.060297832,0.5,1.0,1.0,1.5,0.012578931,0.071439415
0.06457153,0.88719994,0.5,1.0,1.0,1.5,0.020477304,0.92467403
0.061474137,0.637018,0.5,1.0,1.0,1.5,0.03636853,0.764029
0.86390877,0.06309764,0.5,1.0,1.0,1.5,-0.012414711,0.076996535
0.61624604,0.06316157,0.5,1.0,1.0,1.5,-0.0011111875,0.09318155
0.062435757,0.13352355,0.5,1.0,1.0,1.5,0.039619874,0.16260353
0.93349236,0.116133586,0.5,1.0,1.0,1.5,-0.020701706,0.11738938
0.9352636,0.362605,0.5,1.0,1.0,1.5,-0.043579392,0.3506871
0.38599643,0.9337718,0.5,1.0,1.0,1.5,0.0063125095,0.92279905
0.63732773,0.93546224,0.5,1.0,1.0,1.5,-0.0041185273,0.98054177
0.88574517,0.93386257,0.5,1.0,1.0,1.5,-0.006510989,0.98509276
0.9382393,0.8725836,0.5,1.0,1.0,1.5,-0.0195383,0.924865
0.13563558,0.93303204,0.5,1.0,1.0,1.5,0.008228086,0.9196843
0.9105351,0.49340975,0.5,1.0,1.0,1.5,-0.055753063,0.42695612
0.7096344,0.19594477,0.5,1.0,1.0,1.5,-0.028086055,0.14193022
0.6132372,0.83973646,0.5,1.0,1.0,1.5,0.0028242727,0.92119247
0.8633899,0.8688799,0.5,1.0,1.0,1.5,-0.017322505,0.9069061
0.6949443,0.32908317,0.5,1.0,1.0,1.5,-0.029814731,0.3719592
0.7386184,0.294301,0.5,1.0,1.0,1.5,-0.037008956,0.28737333
0.53211385,0.5421719,0.5,1.0,1.0,1.5,0.029103214,0.6848735
0.28577492,0.471096,0.5,1.0,1.0,1.5,0.022273943,0.6098852
0.62683535,0.8913984,0.5,1.0,1.0,1.5,-0.0038527953,0.9591105
0.9235294,0.5225004,0.5,1.0,1.0,1.5,-0.056495268,0.4671814
0.27439216,0.07681229,0.5,1.0,1.0,1.5,0.0014660715,0.03954357
0.57859594,0.39847362,0.5,1.0,1.0,1.5,0.0022525669,0.5278479
0.6001648,0.82560337,0.5,1.0,1.0,1.5,-0.0015326277,0.8213215
0.5689608,0.8303681,0.5,1.0,1.0,1.5,0.0046455357,0.8720806
0.9205001,0.8644746,0.5,1.0,1.0,1.5,-0.021408292,0.9055241
0.63379157,0.9195597,0.5,1.0,1.0,1.5,-0.0060746456,0.9887912
0.8856326,0.9245663,0.5,1.0,1.0,1.5,-0.010036579,0.9260355
0.920254,0.11517655,0.5,1.0,1.0,1.5,-0.02166107,0.06954616
0.62390685,0.07892062,0.5,1.0,1.0,1.5,-0.00033863448,0.050645113
0.8639692,0.08075862,0.5,1.0,1.0,1.5,-0.01573493,0.08140561
0.076442435,0.6271847,0.5,1.0,1.0,1.5,0.039044153,0.7196525
0.0798109,0.88504624,0.5,1.0,1.0,1.5,0.01639315,0.8888253
0.13186589,0.9142677,0.5,1.0,1.0,1.5,0.013237198,0.92892087
0.38060406,0.9149089,0.5,1.0,1.0,1.5,0.0042085093,0.9489893
0.9153185,0.36960247,0.5,1.0,1.0,1.5,-0.042358737,0.294396
0.11067196,0.07345101,0.5,1.0,1.0,1.5,0.012762034,0.07769692
0.071205676,0.38021895,0.5,1.0,1.0,1.5,0.0597248,0.51530236
0.5560877,0.594764,0.5,1.0,1.0,1.5,0.023520222,0.6808942
0.34494436,0.4438864,0.5,1.0,1.0,1.5,0.022618674,0.6481186
0.5074798,0.044438384,0.5,1.0,1.0,1.5,0.004845935,0.0848057
0.9530641,0.7622479,0.5,1.0,1.0,1.5,-0.042301096,0.7666723
0.548915,0.793813,0.5,1.0,1.0,1.5,0.006778328,0.91411257
0.5429269,0.4453141,0.5,1.0,1.0,1.5,0.02685612,0.5942904
0.5426052,0.6390157,0.5,1.0,1.0,1.5,0.021197332,0.7168086
0.39046645,0.45666978,0.5,1.0,1.0,1.5,0.024159651,0.70003533
0.10726986,0.3639703,0.5,1.0,1.0,1.5,0.054813348,0.49970528
0.14252459,0.135394,0.5,1.0,1.0,1.5,0.030858181,0.14694136
0.11766177,0.1355015,0.5,1.0,1.0,1.5,0.032137487,0.15314451
0.85978645,0.3687402,0.5,1.0,1.0,1.5,-0.0379219,0.33406597
0.8637842,0.39433688,0.5,1.0,1.0,1.5,-0.041571982,0.37793818
0.8494735,0.35108697,0.5,1.0,1.0,1.5,-0.034690563,0.32683724
0.0976368,0.15459752,0.5,1.0,1.0,1.5,0.040892184,0.18108091
0.54986393,0.9007316,0.5,1.0,1.0,1.5,0.0018755966,0.9725945
0.90319604,0.18965101,0.5,1.0,1.0,1.5,-0.032242235,0.19312051
0.300584,0.9031442,0.5,1.0,1.0,1.5,0.010331335,0.94903183
0.09591166,0.5506633,0.5,1.0,1.0,1.5,0.03293716,0.6579621
0.097277835,0.79932314,0.5,1.0,1.0,1.5,0.022152752,0.8357812
0.6990531,0.09455733,0.5,1.0,1.0,1.5,-0.009676779,0.13600045
0.595871,0.85161066,0.5,1.0,1.0,1.5,-0.0016995701,0.94331706
0.6596491,0.9216407,0.5,1.0,1.0,1.5,-0.0023059598,0.9554615
0.7405687,0.93731076,0.5,1.0,1.0,1.5,-0.0041836365,0.97941965
0.68929005,0.2600654,0.5,1.0,1.0,1.5,-0.03556728,0.25767323
0.7438343,0.30376247,0.5,1.0,1.0,1.5,-0.03420735,0.29656547
0.5568933,0.6910336,0.5,1.0,1.0,1.5,0.020904731,0.7958157
0.5480418,0.674989,0.5,1.0,1.0,1.5,0.0180495,0.75598145
0.42454937,0.45317307,0.5,1.0,1.0,1.5,0.02467486,0.6462085
0.43952033,0.4440292,0.5,1.0,1.0,1.5,0.024203029,0.6438136
0.7782256,0.30870357,0.5,1.0,1.0,1.5,-0.03254736,0.30528128
0.7612925,0.2951186,0.5,1.0,1.0,1.5,-0.035376437,0.2829218
0.049418565,0.2408551,0.5,1.0,1.0,1.5,0.063390754,0.28308323
0.057782806,0.2197625,0.5,1.0,1.0,1.5,0.06404889,0.2629353
0.92386127,0.40444458,0.5,1.0,1.0,1.5,-0.04558326,0.39826196
0.34716254,0.9250674,0.5,1.0,1.0,1.5,0.0031388674,0.9391079
0.09597194,0.91959536,0.5,1.0,1.0,1.5,0.016201302,0.9085244
0.07711556,0.3439058,0.5,1.0,1.0,1.5,0.057102878,0.4225761
0.9215314,0.15338825,0.5,1.0,1.0,1.5,-0.02892718,0.1473287
0.07863264,0.08764057,0.5,1.0,1.0,1.5,0.02587213,0.124326974
0.16427389,0.082760744,0.5,1.0,1.0,1.5,0.011975009,0.11458275
0.5895064,0.9276408,0.5,1.0,1.0,1.5,0.0003222539,0.8195095
0.84987825,0.93288136,0.5,1.0,1.0,1.5,-0.0015932107,0.9110817
0.07904071,0.5973861,0.5,1.0,1.0,1.5,0.036234293,0.730489
0.0820992,0.8431967,0.5,1.0,1.0,1.5,0.021199564,0.83650595
0.65533394,0.0797317,0.5,1.0,1.0,1.5,-0.0041604317,0.06123689
0.9146447,0.08342701,0.5,1.0,1.0,1.5,-0.015793664,0.11675018
0.70479035,0.21637206,0.5,1.0,1.0,1.5,-0.0279915,0.16334397
0.69467646,0.2361492,0.5,1.0,1.0,1.5,-0.031411603,0.18230623
0.57255274,0.08366281,0.5,1.0,1.0,1.5,-0.0016580825,0.0626736
0.9096868,0.83141917,0.5,1.0,1.0,1.5,-0.032081738,0.83487505
0.8614798,0.88764906,0.5,1.0,1.0,1.5,-0.014075251,0.93043464
0.64012307,0.1374302,0.5,1.0,1.0,1.5,-0.010035229,0.11954865
0.717529,0.09448406,0.5,1.0,1.0,1.5,-0.0112545965,0.09377733
0.08507868,0.78130347,0.5,1.0,1.0,1.5,0.025372086,0.7703193
0.5342878,0.9097593,0.5,1.0,1.0,1.5,0.004776367,0.8334563
0.90655,0.21104272,0.5,1.0,1.0,1.5,-0.036901765,0.20312393
0.284798,0.9103608,0.5,1.0,1.0,1.5,0.005317431,0.8857008
0.6535512,0.14871025,0.5,1.0,1.0,1.5,-0.015123669,0.149912
0.84679264,0.9127307,0.5,1.0,1.0,1.5,-0.008155393,0.9178363
0.9426141,0.744797,0.5,1.0,1.0,1.5,-0.04514809,0.7222153
0.49563283,0.0515519,0.5,1.0,1.0,1.5,0.0057213064,0.036079645
0.89528185,0.86281586,0.5,1.0,1.0,1.5,-0.022575911,0.91598296
0.6145839,0.109632306,0.5,1.0,1.0,1.5,-0.0054007033,0.056740195
0.6298741,0.12027689,0.5,1.0,1.0,1.5,-0.0059206123,0.110949546
0.56330675,0.76158893,0.5,1.0,1.0,1.5,0.00870827,0.8767852
0.5090229,0.42794156,0.5,1.0,1.0,1.5,0.017118873,0.5313142
0.68006265,0.25661504,0.5,1.0,1.0,1.5,-0.032843437,0.2828063
0.74188256,0.92585874,0.5,1.0,1.0,1.5,-0.006152168,0.9763338
0.7603378,0.93455464,0.5,1.0,1.0,1.5,-0.004876557,0.96092296
0.68164796,0.23728405,0.5,1.0,1.0,1.5,-0.031518627,0.24518415
0.63955295,0.3492752,0.5,1.0,1.0,1.5,-0.023367725,0.41811353
0.8447919,0.3383333,0.5,1.0,1.0,1.5,-0.03521704,0.32322752
0.08784182,0.15607339,0.5,1.0,1.0,1.5,0.03991142,0.21096867
0.17755145,0.9210619,0.5,1.0,1.0,1.5,0.0053258045,0.8973997
0.9200403,0.32220358,0.5,1.0,1.0,1.5,-0.042391066,0.27431145
0.9173721,0.82207793,0.5,1.0,1.0,1.5,-0.032260228,0.8225079
0.43086842,0.92066467,0.5,1.0,1.0,1.5,0.002144807,0.8182994
0.57868767,0.073101506,0.5,1.0,1.0,1.5,0.0059439847,0.0003068447
0.8212916,0.073487744,0.5,1.0,1.0,1.5,-0.009289864,0.07501128
0.07855927,0.67926985,0.5,1.0,1.0,1.5,0.035362337,0.7138723
0.080915,0.42782193,0.5,1.0,1.0,1.5,0.045864936,0.5858596
0.17553642,0.10609039,0.5,1.0,1.0,1.5,0.013736995,0.09700781
0.8938598,0.42674437,0.5,1.0,1.0,1.5,-0.046478685,0.37550142
0.9326681,0.74064803,0.5,1.0,1.0,1.5,-0.044206474,0.734198
0.491786,0.06083123,0.5,1.0,1.0,1.5,0.005784015,0.049381673
0.6557888,0.9034225,0.5,1.0,1.0,1.5,-0.0015830183,0.8155842
0.8382313,0.9292251,0.5,1.0,1.0,1.5,-0.00042875065,0.9764284
0.5701232,0.76474524,0.5,1.0,1.0,1.5,0.0036985232,0.83075154
0.5152606,0.42859972,0.5,1.0,1.0,1.5,0.020179091,0.6661654
0.6145086,0.8797848,0.5,1.0,1.0,1.5,-0.0026637474,0.9549938
0.50330853,0.92973816,0.5,1.0,1.0,1.5,0.0036754247,0.94083405
0.7403524,0.06268639,0.5,1.0,1.0,1.5,-0.0077909334,0.07078439
0.06630536,0.76000047,0.5,1.0,1.0,1.5,0.028648332,0.8365488
0.05855901,0.50777507,0.5,1.0,1.0,1.5,0.03937127,0.58227247
0.9302182,0.24718063,0.5,1.0,1.0,1.5,-0.039989896,0.22023085
0.24264802,0.06250166,0.5,1.0,1.0,1.5,0.0020994227,0.00037568808
0.9310081,0.49748993,0.5,1.0,1.0,1.5,-0.05222473,0.44767645
0.25243223,0.9296577,0.5,1.0,1.0,1.5,0.0060507073,0.9440713
0.043392066,0.47397304,0.5,1.0,1.0,1.5,0.038695835,0.5995192
0.27600425,0.04351564,0.5,1.0,1.0,1.5,-0.0017193048,-0.016563714
0.03782838,0.22318785,0.5,1.0,1.0,1.5,0.06553702,0.31778705
0.97402024,0.2779782,0.5,1.0,1.0,1.5,-0.04470957,0.22534686
0.47200406,0.9737449,0.5,1.0,1.0,1.5,0.0005580608,0.97022223
0.77778536,0.0414611,0.5,1.0,1.0,1.5,-0.0035990174,0.008409262
0.044859756,0.72206545,0.5,1.0,1.0,1.5,0.03454283,0.7559307
0.52920634,0.041821774,0.5,1.0,1.0,1.5,0.005333245,-0.01767993
0.22208329,0.9740598,0.5,1.0,1.0,1.5,0.0037998373,0.97935635
0.7214122,0.9758222,0.5,1.0,1.0,1.5,0.0010959613,1.0157738
0.9710528,0.77804637,0.5,1.0,1.0,1.5,-0.04372692,0.7591833
0.97343457,0.5279749,0.5,1.0,1.0,1.5,-0.06223587,0.5154869
0.6138795,0.8909992,0.5,1.0,1.0,1.5,-0.0055392226,0.92988193
0.6471161,0.9071813,0.5,1.0,1.0,1.5,-0.0027191434,0.98117334
0.6052556,0.8859823,0.5,1.0,1.0,1.5,-0.0072671007,0.92247915
0.59318143,0.07812115,0.5,1.0,1.0,1.5,0.004884677,0.019833267
0.9267832,0.8415067,0.5,1.0,1.0,1.5,-0.030327424,0.8838928
0.28257576,0.051134106,0.5,1.0,1.0,1.5,0.0009099785,0.022532165
0.0511403,0.46777368,0.5,1.0,1.0,1.5,0.041608933,0.5758661
0.044817466,0.21562892,0.5,1.0,1.0,1.5,0.0631182,0.21644387
0.052586216,0.7153048,0.5,1.0,1.0,1.5,0.034185126,0.8021848
0.78900576,0.05019693,0.5,1.0,1.0,1.5,-0.0071317963,0.011922002
0.5349447,0.048075445,0.5,1.0,1.0,1.5,0.001988273,-0.013397515
0.95335275,0.28872162,0.5,1.0,1.0,1.5,-0.04714528,0.29075062
0.46086654,0.9516407,0.5,1.0,1.0,1.5,0.0022054962,0.9887004
0.21137375,0.95347816,0.5,1.0,1.0,1.5,0.0048712506,0.98445773
0.7166402,0.9537391,0.5,1.0,1.0,1.5,-0.002762983,0.98020685
0.95473146,0.5375568,0.5,1.0,1.0,1.5,-0.06298684,0.4673246
0.6596592,0.15513214,0.5,1.0,1.0,1.5,-0.017698359,0.11600885
0.84234494,0.9187451,0.5,1.0,1.0,1.5,-0.008817341,0.9659756
0.24396178,0.050683968,0.5,1.0,1.0,1.5,-0.0017332081,-0.0021976829
0.25036845,0.9405061,0.5,1.0,1.0,1.5,0.008663287,0.9971541
0.9428732,0.49875918,0.5,1.0,1.0,1.5,-0.050362684,0.47689348
0.049173553,0.5050319,0.5,1.0,1.0,1.5,0.041245278,0.5904869
0.058144134,0.7548268,0.5,1.0,1.0,1.5,0.030284425,0.7809209
0.74144834,0.053382095,0.5,1.0,1.0,1.5,0.0018438818,0.033198953
0.9407847,0.24949485,0.5,1.0,1.0,1.5,-0.041164454,0.16848278
0.5008085,0.9403649,0.5,1.0,1.0,1.5,-0.0036540367,0.90233713
0.75219595,0.9398112,0.5,1.0,1.0,1.5,-0.0021591764,0.9847486
0.74038076,0.2862897,0.5,1.0,1.0,1.5,-0.03618572,0.2314507
0.18052235,0.42570555,0.5,1.0,1.0,1.5,0.039521255,0.5901623
0.57361937,0.4380721,0.5,1.0,1.0,1.5,0.010527834,0.53243047
0.21239589,0.42559856,0.5,1.0,1.0,1.5,0.036033466,0.55899155
0.57523555,0.4654364,0.5,1.0,1.0,1.5,0.020158794,0.58169687
0.47232428,0.41762337,0.5,1.0,1.0,1.5,0.016207257,0.63499135
0.58274996,0.72392404,0.5,1.0,1.0,1.5,0.015086542,0.8190377
0.461044,0.44627714,0.5,1.0,1.0,1.5,0.020109398,0.65413237
0.5553717,0.71406126,0.5,1.0,1.0,1.5,0.014519761,0.8197738
0.871758,0.8808394,0.5,1.0,1.0,1.5,-0.01515628,0.9413535
0.6324677,0.13275799,0.5,1.0,1.0,1.5,-0.007335511,0.07030356
0.07246043,0.41761816,0.5,1.0,1.0,1.5,0.047850594,0.536255
0.8289133,0.06959213,0.5,1.0,1.0,1.5,-0.007007451,0.063432425
0.073986016,0.667719,0.5,1.0,1.0,1.5,0.04287963,0.7172802
0.5866817,0.06966456,0.5,1.0,1.0,1.5,-0.0002650516,0.022336602
0.42300183,0.9209469,0.5,1.0,1.0,1.5,0.005010844,0.9861182
0.9186327,0.8303071,0.5,1.0,1.0,1.5,-0.03156608,0.8376039
0.92252886,0.32982072,0.5,1.0,1.0,1.5,-0.041940324,0.27472526
0.8624072,0.9013291,0.5,1.0,1.0,1.5,-0.017410591,0.9022422
0.653188,0.135112,0.5,1.0,1.0,1.5,-0.017164124,0.17096016
0.56805295,0.4736753,0.5,1.0,1.0,1.5,0.01864184,0.57882506
0.22593826,0.43353745,0.5,1.0,1.0,1.5,0.035043593,0.6507833
0.53475344,0.51808846,0.5,1.0,1.0,1.5,0.029466644,0.6451076
0.26640922,0.46809328,0.5,1.0,1.0,1.5,0.025787689,0.65229255
0.8220354,0.0892751,0.5,1.0,1.0,1.5,-0.013011595,0.11056471
0.08848991,0.68213314,0.5,1.0,1.0,1.5,0.036814336,0.7199897
0.09136231,0.42847735,0.5,1.0,1.0,1.5,0.041469768,0.598477
0.9110512,0.32524756,0.5,1.0,1.0,1.5,-0.041526094,0.29901296
0.42243344,0.91220254,0.5,1.0,1.0,1.5,-2.9569492e-07,0.92879915
0.18304914,0.90801764,0.5,1.0,1.0,1.5,0.014618034,0.8854734
0.14100125,0.41334847,0.5,1.0,1.0,1.5,0.04197177,0.5724787
0.6198066,0.8961222,0.5,1.0,1.0,1.5,0.00013205945,0.9314228
0.5778928,0.8407654,0.5,1.0,1.0,1.5,0.0034351922,0.9047679
0.9086962,0.37600103,0.5,1.0,1.0,1.5,-0.04405593,0.33515692
0.36968192,0.90691173,0.5,1.0,1.0,1.5,0.0012935516,0.97133064
0.12292549,0.9055212,0.5,1.0,1.0,1.5,0.012843426,0.9524036
0.091155425,0.37111747,0.5,1.0,1.0,1.5,0.055549406,0.49089855
0.908555,0.12633167,0.5,1.0,1.0,1.5,-0.025679478,0.090495765
0.09207269,0.1293475,0.5,1.0,1.0,1.5,0.035054773,0.12698388
0.12685664,0.09410655,0.5,1.0,1.0,1.5,0.019971838,0.096863955
0.90506315,0.87543416,0.5,1.0,1.0,1.5,-0.020115487,0.8732276
0.8702869,0.90804285,0.5,1.0,1.0,1.5,-0.013091134,0.9512667
0.6266012,0.9103813,0.5,1.0,1.0,1.5,-0.0029426524,0.9683546
0.8789618,0.096567854,0.5,1.0,1.0,1.5,-0.009793633,0.060292453
0.629007,0.097220324,0.5,1.0,1.0,1.5,-0.004349171,0.07151055
0.09610108,0.62464356,0.5,1.0,1.0,1.5,0.032851115,0.75299895
0.09122881,0.87440217,0.5,1.0,1.0,1.5,0.019216612,0.9399917
0.90663576,0.84939295,0.5,1.0,1.0,1.5,-0.027505424,0.87877816
0.6007878,0.093282826,0.5,1.0,1.0,1.5,-0.0021249782,0.06804934
0.9233453,0.51333785,0.5,1.0,1.0,1.5,-0.052397203,0.46173608
0.5517535,0.49566898,0.5,1.0,1.0,1.5,0.029557802,0.59393054
0.24872987,0.44675574,0.5,1.0,1.0,1.5,0.024096083,0.66355383
0.60035825,0.4819858,0.5,1.0,1.0,1.5,0.021480303,0.57350236
0.23171823,0.40257463,0.5,1.0,1.0,1.5,0.035542045,0.5929475
0.69700027,0.18458416,0.5,1.0,1.0,1.5,-0.02672744,0.15940568
0.53508925,0.5306131,0.5,1.0,1.0,1.5,0.026519548,0.6591771
0.5234703,0.5449154,0.5,1.0,1.0,1.5,0.027749032,0.66468555
0.29660678,0.47640717,0.5,1.0,1.0,1.5,0.026847184,0.71228087
0.28388247,0.4624521,0.5,1.0,1.0,1.5,0.031398024,0.6756063
0.57775956,0.43020228,0.5,1.0,1.0,1.5,0.0070238523,0.53634435
0.5491454,0.7810228,0.5,1.0,1.0,1.5,0.007648763,0.8602003
0.5315697,0.45069754,0.5,1.0,1.0,1.5,0.018483277,0.5930068
0.11072337,0.13989465,0.5,1.0,1.0,1.5,0.037336156,0.16922191
0.13696486,0.1265747,0.5,1.0,1.0,1.5,0.0251703,0.16899109
0.8497406,0.36729252,0.5,1.0,1.0,1.5,-0.03479506,0.32739043
0.86969155,0.3889639,0.5,1.0,1.0,1.5,-0.04406493,0.35519373
0.59886223,0.8680196,0.5,1.0,1.0,1.5,-0.0016270084,0.9238063
0.6606547,0.9294893,0.5,1.0,1.0,1.5,-0.0064011477,0.9754009
0.7360306,0.9492902,0.5,1.0,1.0,1.5,-0.0054910183,0.99942636
0.7037701,0.26807624,0.5,1.0,1.0,1.5,-0.031289715,0.25019217
0.7763351,0.29764676,0.5,1.0,1.0,1.5,-0.029051729,0.3255764
0.7807499,0.31753144,0.5,1.0,1.0,1.5,-0.036588956,0.2714028
0.068801686,0.21955068,0.5,1.0,1.0,1.5,0.05797631,0.23487917
0.70308816,0.24036276,0.5,1.0,1.0,1.5,-0.030269679,0.24462166
0.71343297,0.09001102,0.5,1.0,1.0,1.5,-0.0049904827,0.09101087
0.53202134,0.92287534,0.5,1.0,1.0,1.5,-0.001047573,0.9200864
0.92282665,0.21592438,0.5,1.0,1.0,1.5,-0.040165037,0.19216582
0.28261453,0.9242566,0.5,1.0,1.0,1.5,0.008981267,0.9479499
0.8877188,0.8863014,0.5,1.0,1.0,1.5,-0.015362404,0.92231345
0.63362586,0.11176973,0.5,1.0,1.0,1.5,-0.007235219,0.11349353
0.84122884,0.32853568,0.5,1.0,1.0,1.5,-0.040004633,0.2565046
0.079606794,0.15813202,0.5,1.0,1.0,1.5,0.04617342,0.19101664
0.18543452,0.11052956,0.5,1.0,1.0,1.5,0.015088864,0.06386545
0.8880221,0.43415007,0.5,1.0,1.0,1.5,-0.049154855,0.39544922
0.5332571,0.06959538,0.5,1.0,1.0,1.5,0.008295861,0.011679888
0.5304248,0.61423373,0.5,1.0,1.0,1.5,0.022836268,0.7220481
0.36492673,0.46938306,0.5,1.0,1.0,1.5,0.024280911,0.66846955
0.3398605,0.45689604,0.5,1.0,1.0,1.5,0.016328104,0.7820404
0.5431609,0.58945084,0.5,1.0,1.0,1.5,0.027748153,0.6829415
0.70117944,0.28230223,0.5,1.0,1.0,1.5,-0.0307283,0.27342114
0.5858308,0.84575784,0.5,1.0,1.0,1.5,0.0058413576,0.8854941
0.672268,0.16996664,0.5,1.0,1.0,1.5,-0.02321258,0.1757724
0.5491503,0.695552,0.5,1.0,1.0,1.5,0.018116869,0.75829667
0.4475862,0.4519896,0.5,1.0,1.0,1.5,0.02544255,0.6521573
0.1679044,0.11006769,0.5,1.0,1.0,1.5,0.013798211,0.11050588
0.8845502,0.42136687,0.5,1.0,1.0,1.5,-0.04337351,0.35312343
0.16071142,0.09272652,0.5,1.0,1.0,1.5,0.009214545,0.0866839
0.9075146,0.41215286,0.5,1.0,1.0,1.5,-0.05202694,0.3070119
0.6097602,0.9321994,0.5,1.0,1.0,1.5,-0.0076069236,0.9634959
0.8581101,0.9301167,0.5,1.0,1.0,1.5,-0.005490301,0.9259534
0.92698187,0.8946776,0.5,1.0,1.0,1.5,-0.019133816,0.89956474
0.35857284,0.9317563,0.5,1.0,1.0,1.5,-0.0018579713,0.9950224
0.92899245,0.3929007,0.5,1.0,1.0,1.5,-0.04929439,0.32396686
0.0721846,0.8637803,0.5,1.0,1.0,1.5,0.02236669,0.90793294
0.63849366,0.07398508,0.5,1.0,1.0,1.5,-0.00081153074,0.082271725
0.8882236,0.06907934,0.5,1.0,1.0,1.5,-0.012436755,0.083096296
0.07231229,0.6126995,0.5,1.0,1.0,1.5,0.03637469,0.7845207
0.14722137,0.080717355,0.5,1.0,1.0,1.5,0.014703734,0.040855885
0.0719529,0.10878767,0.5,1.0,1.0,1.5,0.021252567,0.15128607
0.06582424,0.3598637,0.5,1.0,1.0,1.5,0.07037575,0.4486099
0.09490249,0.81947446,0.5,1.0,1.0,1.5,0.023190029,0.8864968
0.67835456,0.09641895,0.5,1.0,1.0,1.5,-0.0060455874,0.110856146
0.09700364,0.5703651,0.5,1.0,1.0,1.5,0.03222909,0.65706193
0.56328887,0.9062734,0.5,1.0,1.0,1.5,-0.0044401586,0.87395823
0.89996773,0.17355782,0.5,1.0,1.0,1.5,-0.027793556,0.13084
0.31228387,0.9083941,0.5,1.0,1.0,1.5,0.005914336,0.9344833
0.689937,0.24255171,0.5,1.0,1.0,1.5,-0.030202486,0.2796482
0.7213253,0.1015938,0.5,1.0,1.0,1.5,-0.009539783,0.06921798
0.09422255,0.5330221,0.5,1.0,1.0,1.5,0.037857592,0.60188985
0.5389663,0.90015894,0.5,1.0,1.0,1.5,0.00232006,0.94311386
0.7168937,0.21767953,0.5,1.0,1.0,1.5,-0.029510297,0.20888036
0.31628937,0.44778726,0.5,1.0,1.0,1.5,0.030745916,0.6907894
0.5522455,0.5655425,0.5,1.0,1.0,1.5,0.024356525,0.6591606
0.85366064,0.3433532,0.5,1.0,1.0,1.5,-0.037282977,0.31824887
0.49220186,0.43622518,0.5,1.0,1.0,1.5,0.021379407,0.5673507
0.5543658,0.74996924,0.5,1.0,1.0,1.5,0.0092548,0.8452935
0.744212,0.944978,0.5,1.0,1.0,1.5,-0.0023698476,0.98792064
0.6939043,0.2537954,0.5,1.0,1.0,1.5,-0.030807532,0.23085684
0.65996224,0.14141957,0.5,1.0,1.0,1.5,-0.013090679,0.14221627
0.8531163,0.90641814,0.5,1.0,1.0,1.5,-0.0045764763,0.934731
0.6174654,0.09824126,0.5,1.0,1.0,1.5,0.005776532,0.07337728
0.9154231,0.40799636,0.5,1.0,1.0,1.5,-0.046331048,0.35670763
0.34429166,0.9155932,0.5,1.0,1.0,1.5,0.004409507,0.96411884
0.91216564,0.1548843,0.5,1.0,1.0,1.5,-0.024247512,0.13120115
0.15226243,0.09019458,0.5,1.0,1.0,1.5,0.019787455,0.115207314
0.5878216,0.9179583,0.5,1.0,1.0,1.5,0.0023493036,0.95238596
0.08694053,0.8501365,0.5,1.0,1.0,1.5,0.023372382,0.92648673
0.6513381,0.08642358,0.5,1.0,1.0,1.5,-0.0045970036,0.056829363
0.084795766,0.6024046,0.5,1.0,1.0,1.5,0.027629457,0.7142932
0.53383106,0.6356072,0.5,1.0,1.0,1.5,0.024448488,0.72617567
0.38710707,0.46559998,0.5,1.0,1.0,1.5,0.01678789,0.84983927
0.039445005,0.2410693,0.5,1.0,1.0,1.5,0.06316079,0.29308125
0.8003319,0.30931556,0.5,1.0,1.0,1.5,-0.035333358,0.2602151
0.69215083,0.17255488,0.5,1.0,1.0,1.5,-0.0207435,0.12816173
0.19871192,0.9150532,0.5,1.0,1.0,1.5,0.004535627,0.9105867
0.917699,0.30299503,0.5,1.0,1.0,1.5,-0.043142565,0.2658972
0.44842544,0.92055666,0.5,1.0,1.0,1.5,0.0019055234,0.9780493
0.79920244,0.086819716,0.5,1.0,1.0,1.5,-0.011994796,0.088134944
0.09223057,0.7024675,0.5,1.0,1.0,1.5,0.03458739,0.7342553
0.090450756,0.4476718,0.5,1.0,1.0,1.5,0.04260708,0.52441734
0.8817732,0.9144293,0.5,1.0,1.0,1.5,-0.011387115,0.9542942
0.6331291,0.91358477,0.5,1.0,1.0,1.5,-0.0005490356,0.9677809
0.90736043,0.8643133,0.5,1.0,1.0,1.5,-0.029981919,0.9232311
0.090715006,0.8833535,0.5,1.0,1.0,1.5,0.015330115,0.94346976
0.87182426,0.08840389,0.5,1.0,1.0,1.5,-0.012276722,0.10234177
0.61779386,0.08888462,0.5,1.0,1.0,1.5,-0.0012667929,0.052382916
0.08199659,0.6238983,0.5,1.0,1.0,1.5,0.041663636,0.73185337
0.9094872,0.11652691,0.5,1.0,1.0,1.5,-0.026226718,0.12689409
0.11366144,0.08719297,0.5,1.0,1.0,1.5,0.015024658,0.11527634
0.13138951,0.904954,0.5,1.0,1.0,1.5,0.015754353,0.85561204
0.08701139,0.13732271,0.5,1.0,1.0,1.5,0.029878644,0.21736646
0.90568835,0.36700606,0.5,1.0,1.0,1.5,-0.04099743,0.3169213
0.37829682,0.9051795,0.5,1.0,1.0,1.5,0.009682259,0.85340714
0.082860954,0.38022134,0.5,1.0,1.0,1.5,0.06487891,0.43886977
0.40882397,0.46571517,0.5,1.0,1.0,1.5,0.02649189,0.6953956
0.53342766,0.65592223,0.5,1.0,1.0,1.5,0.020879619,0.7272587
0.26938167,0.92203283,0.5,1.0,1.0,1.5,0.005070958,0.947727
0.9216161,0.22988625,0.5,1.0,1.0,1.5,-0.041736778,0.22069788
0.5196852,0.92165476,0.5,1.0,1.0,1.5,0.007929655,0.9842098
0.0714622,0.5165468,0.5,1.0,1.0,1.5,0.03374814,0.6039309
0.07513625,0.7652987,0.5,1.0,1.0,1.5,0.034408852,0.80695605
0.5486884,0.80515206,0.5,1.0,1.0,1.5,0.0022241762,0.8643385
0.5604436,0.44437978,0.5,1.0,1.0,1.5,0.0146689275,0.6124658
0.57339656,0.8367147,0.5,1.0,1.0,1.5,0.004840058,0.8435383
0.16874808,0.4205649,0.5,1.0,1.0,1.5,0.039670315,0.56899595
0.47100562,0.4471282,0.5,1.0,1.0,1.5,0.023169503,0.61213636
0.5566529,0.7235123,0.5,1.0,1.0,1.5,0.014664805,0.78904665
0.5556742,0.44858372,0.5,1.0,1.0,1.5,0.020318033,0.5987618
0.5419542,0.8002049,0.5,1.0,1.0,1.5,0.0036721395,0.8695427
0.5744169,0.45546764,0.5,1.0,1.0,1.5,0.022309177,0.6172234
0.20304859,0.43183893,0.5,1.0,1.0,1.5,0.038290218,0.56915414
0.13033098,0.4118888,0.5,1.0,1.0,1.5,0.04210552,0.5438142
0.10836257,0.3826873,0.5,1.0,1.0,1.5,0.04962629,0.55878377
0.8792241,0.42841607,0.5,1.0,1.0,1.5,-0.048187524,0.38487
0.17950211,0.11466146,0.5,1.0,1.0,1.5,0.020518295,0.08777952
0.88510525,0.894495,0.5,1.0,1.0,1.5,-0.005480959,0.8672569
0.64053243,0.115935504,0.5,1.0,1.0,1.5,-0.008264627,0.07579562
0.89850956,0.8875159,0.5,1.0,1.0,1.5,-0.018670227,0.8832766
0.63835716,0.10279959,0.5,1.0,1.0,1.5,-0.00601703,0.090177774
0.27957547,0.901052,0.5,1.0,1.0,1.5,0.009746149,0.927886
0.09313748,0.5242696,0.5,1.0,1.0,1.5,0.0332852,0.6181128
0.72931176,0.097417146,0.5,1.0,1.0,1.5,-0.0064451424,0.15649539
0.09486069,0.7770731,0.5,1.0,1.0,1.5,0.037226174,0.7680388
0.898822,0.22012974,0.5,1.0,1.0,1.5,-0.033206366,0.23827592
0.5305917,0.8994782,0.5,1.0,1.0,1.5,-0.0025320407,0.93422663
0.10464921,0.53271407,0.5,1.0,1.0,1.5,0.035310242,0.6680653
0.10893293,0.7823978,0.5,1.0,1.0,1.5,0.026912248,0.83193755
0.72346354,0.10980323,0.5,1.0,1.0,1.5,-0.013573075,0.12177938
0.28952456,0.8948935,0.5,1.0,1.0,1.5,0.0063410187,0.9360913
0.890457,0.21330832,0.5,1.0,1.0,1.5,-0.038676195,0.1954548
0.53697866,0.88960755,0.5,1.0,1.0,1.5,-0.0004696939,0.97294533
0.07406394,0.15006949,0.5,1.0,1.0,1.5,0.041299745,0.20593497
0.71229655,0.24431822,0.5,1.0,1.0,1.5,-0.030619498,0.21661097
0.785043,0.29918948,0.5,1.0,1.0,1.5,-0.031855386,0.19877028
0.11231304,0.39856783,0.5,1.0,1.0,1.5,0.046838257,0.5148107
0.78374237,0.287852,0.5,1.0,1.0,1.5,-0.037439384,0.22123331
0.8765769,0.38438132,0.5,1.0,1.0,1.5,-0.037377715,0.33662164
0.55471045,0.46164557,0.5,1.0,1.0,1.5,0.020587554,0.61604446
0.2225267,0.4423658,0.5,1.0,1.0,1.5,0.029814137,0.63342935
0.25407034,0.9207518,0.5,1.0,1.0,1.5,0.006988918,0.9087266
0.92157584,0.24552776,0.5,1.0,1.0,1.5,-0.037716445,0.24157205
0.74601495,0.06897666,0.5,1.0,1.0,1.5,-0.0062660277,0.06387702
0.07090363,0.7527289,0.5,1.0,1.0,1.5,0.033030115,0.7920977
0.06996368,0.5076427,0.5,1.0,1.0,1.5,0.036498435,0.60124874
0.5053883,0.92100024,0.5,1.0,1.0,1.5,0.00012108451,0.951878
0.5397349,0.6929641,0.5,1.0,1.0,1.5,0.013505609,0.8084061
0.4443595,0.46186998,0.5,1.0,1.0,1.5,0.024470132,0.6484874
0.60147864,0.876664,0.5,1.0,1.0,1.5,-0.0007758443,0.9251019
0.048797388,0.20990822,0.5,1.0,1.0,1.5,0.061307162,0.24581107
0.7926976,0.05397315,0.5,1.0,1.0,1.5,-0.0070138387,0.054601133
0.5386905,0.053044826,0.5,1.0,1.0,1.5,0.004275844,0.06190595
0.45379147,0.94856864,0.5,1.0,1.0,1.5,-0.0011062892,0.9642838
0.9475095,0.29430628,0.5,1.0,1.0,1.5,-0.04601263,0.25452068
0.20587026,0.94760334,0.5,1.0,1.0,1.5,0.0018668122,0.89569676
0.7113065,0.9478438,0.5,1.0,1.0,1.5,-0.003148266,1.008228
0.9453077,0.7893766,0.5,1.0,1.0,1.5,-0.042302426,0.7646514
0.95117474,0.5412632,0.5,1.0,1.0,1.5,-0.062425926,0.48341885
0.7005784,0.17558403,0.5,1.0,1.0,1.5,-0.022452055,0.16226459
0.14876498,0.10007779,0.5,1.0,1.0,1.5,0.019332234,0.09902066
0.66714066,0.9215931,0.5,1.0,1.0,1.5,-0.0061778855,0.86430645
0.19587995,0.43140492,0.5,1.0,1.0,1.5,0.03568083,0.60414
0.57396203,0.44683105,0.5,1.0,1.0,1.5,0.01398856,0.5723689
0.5280592,0.51017237,0.5,1.0,1.0,1.5,0.02584464,0.65395474
0.5272117,0.5246035,0.5,1.0,1.0,1.5,0.030858036,0.6426498
0.25780016,0.46965095,0.5,1.0,1.0,1.5,0.02203251,0.6334494
0.2752518,0.46522495,0.5,1.0,1.0,1.5,0.029664766,0.66969794
0.09096216,0.4379237,0.5,1.0,1.0,1.5,0.041861363,0.52015835
0.81225824,0.089454144,0.5,1.0,1.0,1.5,-0.012779927,0.05888495
0.905789,0.31445152,0.5,1.0,1.0,1.5,-0.042844724,0.26097795
0.4396398,0.9102282,0.5,1.0,1.0,1.5,-0.0041113175,0.94446254
0.19250512,0.9039588,0.5,1.0,1.0,1.5,0.013996807,0.9523916
0.60474783,0.08830804,0.5,1.0,1.0,1.5,-0.0046551274,0.11753473
0.9073143,0.85523593,0.5,1.0,1.0,1.5,-0.022400688,0.8665427
0.89984614,0.38646653,0.5,1.0,1.0,1.5,-0.04519622,0.3743946
0.357619,0.89972436,0.5,1.0,1.0,1.5,0.00302451,0.9146571
0.11406707,0.9064219,0.5,1.0,1.0,1.5,0.014614615,0.9615551
0.9084226,0.13625781,0.5,1.0,1.0,1.5,-0.024689956,0.106864214
0.09232402,0.1204868,0.5,1.0,1.0,1.5,0.022940228,0.198187
0.1368479,0.09800623,0.5,1.0,1.0,1.5,0.017860917,0.097384304
0.61510134,0.90496594,0.5,1.0,1.0,1.5,-0.0013523218,0.953589
0.89272034,0.096616544,0.5,1.0,1.0,1.5,-0.016024992,0.10565978
0.10122206,0.61459994,0.5,1.0,1.0,1.5,0.031133695,0.71846396
0.09383267,0.86651087,0.5,1.0,1.0,1.5,0.023593545,0.891015
0.5274464,0.5537727,0.5,1.0,1.0,1.5,0.02663495,0.65133876
0.5284313,0.53376055,0.5,1.0,1.0,1.5,0.033629954,0.6644131
0.3053141,0.47259617,0.5,1.0,1.0,1.5,0.024717689,0.6620263
0.2769625,0.47409618,0.5,1.0,1.0,1.5,0.027198412,0.707754
0.107444,0.13276349,0.5,1.0,1.0,1.5,0.034783427,0.17798361
0.86702555,0.36336336,0.5,1.0,1.0,1.5,-0.03404251,0.331414
0.65303683,0.9309582,0.5,1.0,1.0,1.5,-0.0063704737,0.97325474
0.7235215,0.94696194,0.5,1.0,1.0,1.5,-0.0053937063,1.0289555
0.8293595,0.3240165,0.5,1.0,1.0,1.5,-0.03387889,0.25874388
0.5276921,0.6041149,0.5,1.0,1.0,1.5,0.028882653,0.7144512
0.35476267,0.47242326,0.5,1.0,1.0,1.5,0.02653708,0.672388
0.6947085,0.28283143,0.5,1.0,1.0,1.5,-0.029711038,0.3085739
0.10804647,0.5685449,0.5,1.0,1.0,1.5,0.035773613,0.66833705
0.6813098,0.10801223,0.5,1.0,1.0,1.5,-0.010401285,0.108178616
0.10436646,0.817026,0.5,1.0,1.0,1.5,0.023901373,0.8453592
0.8922025,0.1816264,0.5,1.0,1.0,1.5,-0.028691828,0.1812123
0.57084143,0.8910399,0.5,1.0,1.0,1.5,7.689977e-05,0.9538555
0.6783576,0.16236143,0.5,1.0,1.0,1.5,-0.020365803,0.1696884
0.15931255,0.11089702,0.5,1.0,1.0,1.5,0.015210984,0.16815212
0.88917524,0.41408965,0.5,1.0,1.0,1.5,-0.044353675,0.42044657
0.26667076,0.03091695,0.5,1.0,1.0,1.5,0.0046895496,0.07369143
0.030830149,0.4831715,0.5,1.0,1.0,1.5,0.04075474,0.5332568
0.028802406,0.23174807,0.5,1.0,1.0,1.5,0.066729695,0.30769533
0.51958644,0.030778173,0.5,1.0,1.0,1.5,0.00049003237,-0.009307802
0.032495853,0.73240197,0.5,1.0,1.0,1.5,0.03602864,0.8356481
0.7670896,0.031070113,0.5,1.0,1.0,1.5,-0.0044950126,-0.055531204
0.9657642,0.5131285,0.5,1.0,1.0,1.5,-0.061767578,0.5026147
0.7305945,0.9624469,0.5,1.0,1.0,1.5,-0.0035110926,0.9383949
0.96869177,0.7673924,0.5,1.0,1.0,1.5,-0.042025425,0.7547325
0.09488621,0.5821267,0.5,1.0,1.0,1.5,0.031981375,0.70825756
0.08653044,0.8303954,0.5,1.0,1.0,1.5,0.0321535,0.8571992
0.32505816,0.91170156,0.5,1.0,1.0,1.5,0.0046817856,0.9444884
0.90777075,0.17330931,0.5,1.0,1.0,1.5,-0.02923996,0.15228143
0.57697076,0.91087013,0.5,1.0,1.0,1.5,0.0008849087,0.9561331
0.55450344,0.8173721,0.5,1.0,1.0,1.5,0.0106257405,0.87355053
0.15666418,0.42512456,0.5,1.0,1.0,1.5,0.04351509,0.5698113
0.48147276,0.4471231,0.5,1.0,1.0,1.5,0.015790308,0.64688694
0.55779755,0.7327035,0.5,1.0,1.0,1.5,0.011248433,0.80652606
0.029799432,0.25027686,0.5,1.0,1.0,1.5,0.06421654,0.30944282
0.09329822,0.13626473,0.5,1.0,1.0,1.5,0.029001992,0.15638027
0.8609613,0.34807014,0.5,1.0,1.0,1.5,-0.039321836,0.31694758
0.7302063,0.27470475,0.5,1.0,1.0,1.5,-0.038993884,0.22411492
0.71860594,0.20686643,0.5,1.0,1.0,1.5,-0.029901285,0.16049966
0.9321781,0.4726985,0.5,1.0,1.0,1.5,-0.051036384,0.4079604
0.22400144,0.06494288,0.5,1.0,1.0,1.5,-0.0025456413,0.06704649
0.16948374,0.92495555,0.5,1.0,1.0,1.5,0.0069219545,0.94639814
0.9293009,0.3341175,0.5,1.0,1.0,1.5,-0.0416748,0.29858252
0.416688,0.9280805,0.5,1.0,1.0,1.5,0.0025642754,0.97064775
0.07069088,0.659365,0.5,1.0,1.0,1.5,0.038063627,0.7380145
0.83915436,0.07588801,0.5,1.0,1.0,1.5,-0.0134789925,0.07387984
0.08249412,0.40968272,0.5,1.0,1.0,1.5,0.047637418,0.4577715
0.587826,0.8616847,0.5,1.0,1.0,1.5,0.0032215314,0.929589
0.95366126,0.7831787,0.5,1.0,1.0,1.5,-0.04112301,0.81490797
0.5295222,0.049073502,0.5,1.0,1.0,1.5,0.008397572,0.03050977
0.5294975,0.64429075,0.5,1.0,1.0,1.5,0.023775,0.74110204
0.39639756,0.46985012,0.5,1.0,1.0,1.5,0.026010549,0.67329216
0.56634,0.44652084,0.5,1.0,1.0,1.5,0.015608382,0.5769035
0.7044355,0.27623656,0.5,1.0,1.0,1.5,-0.031266812,0.22099629
0.49215314,0.44671232,0.5,1.0,1.0,1.5,0.019932197,0.59689957
0.54829013,0.74349695,0.5,1.0,1.0,1.5,0.009923216,0.82955015
0.58950245,0.870325,0.5,1.0,1.0,1.5,-0.0019111563,0.94132406
0.2787032,0.48325047,0.5,1.0,1.0,1.5,0.021959672,0.59263563
0.516581,0.5274916,0.5,1.0,1.0,1.5,0.02638271,0.63801086
0.6014215,0.075344615,0.5,1.0,1.0,1.5,-0.0018547471,0.090598434
0.9326142,0.8496524,0.5,1.0,1.0,1.5,-0.023645619,0.87744933
0.5782275,0.86347675,0.5,1.0,1.0,1.5,-0.0009062346,0.8903848
0.5820554,0.44552356,0.5,1.0,1.0,1.5,0.01774836,0.580451
0.5663622,0.46298006,0.5,1.0,1.0,1.5,0.023124658,0.5895913
0.2187817,0.4301888,0.5,1.0,1.0,1.5,0.03158797,0.58587164
0.31389531,0.46867186,0.5,1.0,1.0,1.5,0.025942817,0.6642301
0.5314641,0.56268585,0.5,1.0,1.0,1.5,0.029300973,0.6837913
0.6970047,0.16549799,0.5,1.0,1.0,1.5,-0.022953384,0.16181004
0.7132296,0.11284698,0.5,1.0,1.0,1.5,-0.011071864,0.1070897
0.11418215,0.79164416,0.5,1.0,1.0,1.5,0.02640096,0.8264129
0.11621208,0.5414933,0.5,1.0,1.0,1.5,0.037582878,0.64536357
0.29691285,0.8856936,0.5,1.0,1.0,1.5,0.011100276,0.87453264
0.8827526,0.20694508,0.5,1.0,1.0,1.5,-0.034043055,0.20419896
0.5433956,0.8821624,0.5,1.0,1.0,1.5,0.0045310482,0.9332541
0.14336403,0.42758003,0.5,1.0,1.0,1.5,0.04120483,0.5948634
0.06344868,0.15574822,0.5,1.0,1.0,1.5,0.051345184,0.23425144
0.7183106,0.22891341,0.5,1.0,1.0,1.5,-0.03236054,0.23907146
0.12104563,0.40995833,0.5,1.0,1.0,1.5,0.04618613,0.54328215
0.7637321,0.28192285,0.5,1.0,1.0,1.5,-0.030615088,0.24508408
0.1281538,0.11724685,0.5,1.0,1.0,1.5,0.024088316,0.08022034
0.884352,0.3766786,0.5,1.0,1.0,1.5,-0.04106434,0.35412586
0.5545707,0.47540918,0.5,1.0,1.0,1.5,0.02624324,0.62835586
0.23167342,0.44390687,0.5,1.0,1.0,1.5,0.028185735,0.65379775
0.53248876,0.6912987,0.5,1.0,1.0,1.5,0.021182727,0.79639924
0.43950498,0.47003865,0.5,1.0,1.0,1.5,0.023550972,0.6854339
0.59316474,0.8879728,0.5,1.0,1.0,1.5,0.0020190384,0.8924093
0.05348017,0.4502579,0.5,1.0,1.0,1.5,0.04440024,0.5421811
0.28807688,0.054958228,0.5,1.0,1.0,1.5,-0.005418606,0.02425468
0.2993783,0.05145211,0.5,1.0,1.0,1.5,-0.0031361273,0.008074224
0.05592559,0.46261996,0.5,1.0,1.0,1.5,0.04805486,0.55053836
0.046802036,0.20220137,0.5,1.0,1.0,1.5,0.05983044,0.266491
0.056527622,0.70992845,0.5,1.0,1.0,1.5,0.03901774,0.75577164
0.79883105,0.05147206,0.5,1.0,1.0,1.5,-0.0018436746,0.062406987
0.053644996,0.69824064,0.5,1.0,1.0,1.5,0.037898503,0.7760132
0.54546946,0.05614939,0.5,1.0,1.0,1.5,0.0049066925,0.04936886
0.78437126,0.05654906,0.5,1.0,1.0,1.5,-0.0059240935,0.051443398
0.9477362,0.28116855,0.5,1.0,1.0,1.5,-0.04432104,0.24733123
0.4709763,0.9463312,0.5,1.0,1.0,1.5,-0.002905727,0.88663685
0.21893331,0.94803196,0.5,1.0,1.0,1.5,0.008358781,0.9342698
0.94756716,0.54513824,0.5,1.0,1.0,1.5,-0.055106334,0.56238353
0.7057125,0.94150555,0.5,1.0,1.0,1.5,-0.0040881136,0.9877226
0.9440523,0.8003326,0.5,1.0,1.0,1.5,-0.034773722,0.81311625
0.9459233,0.5333365,0.5,1.0,1.0,1.5,-0.05825557,0.48209888
0.15845107,0.10148331,0.5,1.0,1.0,1.5,0.018858824,0.10936552
0.89843154,0.40934914,0.5,1.0,1.0,1.5,-0.044967946,0.34394944
0.8221606,0.09900096,0.5,1.0,1.0,1.5,-0.012155458,0.07710186
0.098945245,0.6825549,0.5,1.0,1.0,1.5,0.032175846,0.77948
0.10192552,0.42836294,0.5,1.0,1.0,1.5,0.04825268,0.48533842
0.8972961,0.32267144,0.5,1.0,1.0,1.5,-0.044230152,0.30381805
0.42999497,0.9011522,0.5,1.0,1.0,1.5,0.0020415303,0.9448396
0.17874408,0.8979931,0.5,1.0,1.0,1.5,0.013661224,0.9365414
0.3527971,0.912676,0.5,1.0,1.0,1.5,0.006721501,0.91300094
0.9111511,0.40078285,0.5,1.0,1.0,1.5,-0.046152864,0.38233897
0.10480822,0.9082274,0.5,1.0,1.0,1.5,0.011579849,0.9318144
0.9095599,0.1457573,0.5,1.0,1.0,1.5,-0.03477369,0.11053759
0.098629095,0.10723168,0.5,1.0,1.0,1.5,0.0243146,0.09334612
0.14133549,0.093869865,0.5,1.0,1.0,1.5,0.013583728,0.12134418
0.09238241,0.60863733,0.5,1.0,1.0,1.5,0.034351356,0.6638166
0.90229905,0.09348632,0.5,1.0,1.0,1.5,-0.016303645,0.060569346
0.09263794,0.85595536,0.5,1.0,1.0,1.5,0.026288128,0.88451314
0.11200238,0.1271445,0.5,1.0,1.0,1.5,0.025366183,0.19756296
0.8758065,0.36508128,0.5,1.0,1.0,1.5,-0.03700633,0.30625924
0.65516895,0.9385634,0.5,1.0,1.0,1.5,-0.004685742,0.9738431
0.07135808,0.1409011,0.5,1.0,1.0,1.5,0.037904367,0.17427179
0.83797085,0.32006907,0.5,1.0,1.0,1.5,-0.033782084,0.27831393
0.51830024,0.6140206,0.5,1.0,1.0,1.5,0.024955953,0.68997735
0.36517155,0.48156533,0.5,1.0,1.0,1.5,0.023157626,0.6785696
0.683748,0.11751791,0.5,1.0,1.0,1.5,-0.011332298,0.12880135
0.11768818,0.5669385,0.5,1.0,1.0,1.5,0.031042252,0.5967261
0.11419226,0.8145862,0.5,1.0,1.0,1.5,0.025924591,0.839083
0.88249105,0.18808173,0.5,1.0,1.0,1.5,-0.028936777,0.15791515
0.5634324,0.88492006,0.5,1.0,1.0,1.5,-0.005570528,0.9281925
0.671843,0.15690401,0.5,1.0,1.0,1.5,-0.015918406,0.14598536
0.26022735,0.03902443,0.5,1.0,1.0,1.5,-0.0015673563,0.0022790432
0.038643382,0.48956823,0.5,1.0,1.0,1.5,0.035760824,0.5875154
0.95884013,0.2627911,0.5,1.0,1.0,1.5,-0.038923223,0.25683627
0.48752633,0.9586147,0.5,1.0,1.0,1.5,-0.0024515549,0.9553696
0.51462674,0.037906043,0.5,1.0,1.0,1.5,0.004643165,0.026922584
0.041614752,0.73961544,0.5,1.0,1.0,1.5,0.0335984,0.7785168
0.7610764,0.04050768,0.5,1.0,1.0,1.5,-0.0033653365,0.038258374
0.23727599,0.9588747,0.5,1.0,1.0,1.5,0.0053719715,0.9802286
0.7400209,0.95819074,0.5,1.0,1.0,1.5,-0.00054894434,0.98749936
0.9613224,0.75776947,0.5,1.0,1.0,1.5,-0.04677275,0.7441263
0.96107024,0.5084027,0.5,1.0,1.0,1.5,-0.06204979,0.5083458
0.8795844,0.90313506,0.5,1.0,1.0,1.5,-0.012750609,0.93589264
0.64613247,0.11928672,0.5,1.0,1.0,1.5,-0.007417336,0.12509903
0.5657677,0.82251984,0.5,1.0,1.0,1.5,-0.00017057732,0.84548235
0.27090716,0.90714484,0.5,1.0,1.0,1.5,0.0060480293,0.9059237
0.73810846,0.094962746,0.5,1.0,1.0,1.5,-0.006435384,0.07893476
0.089856535,0.7676089,0.5,1.0,1.0,1.5,0.03154274,0.8397045
0.09176115,0.5155259,0.5,1.0,1.0,1.5,0.040488604,0.63410294
0.9063966,0.22831167,0.5,1.0,1.0,1.5,-0.036904413,0.19119841
0.52138734,0.9066993,0.5,1.0,1.0,1.5,0.00076018483,0.93058896
0.7167734,0.2866051,0.5,1.0,1.0,1.5,-0.0357125,0.30300042
0.7442231,0.27572376,0.5,1.0,1.0,1.5,-0.03419611,0.27863804
0.79685336,0.30032176,0.5,1.0,1.0,1.5,-0.034441523,0.22181061
0.71951157,0.19702652,0.5,1.0,1.0,1.5,-0.025648406,0.16078213
0.7288775,0.21726513,0.5,1.0,1.0,1.5,-0.02815422,0.23576334
0.15515007,0.9160667,0.5,1.0,1.0,1.5,0.012265115,0.90782225
0.9182336,0.3433181,0.5,1.0,1.0,1.5,-0.042901054,0.2867334
0.40639365,0.9164087,0.5,1.0,1.0,1.5,0.0035878136,0.93612015
0.07683793,0.6597137,0.5,1.0,1.0,1.5,0.037338823,0.7798429
0.8394714,0.08545716,0.5,1.0,1.0,1.5,-0.0149491355,0.048942268
0.52443,0.6327137,0.5,1.0,1.0,1.5,0.02124226,0.7462987
0.38432947,0.47501388,0.5,1.0,1.0,1.5,0.025404468,0.71003914
0.56698465,0.43930343,0.5,1.0,1.0,1.5,0.011048075,0.5418821
0.6066148,0.9138341,0.5,1.0,1.0,1.5,-0.002083534,1.0029008
0.09501337,0.3796051,0.5,1.0,1.0,1.5,0.056525234,0.53012365
0.54819417,0.4539935,0.5,1.0,1.0,1.5,0.016668677,0.54157144
0.18023904,0.12754752,0.5,1.0,1.0,1.5,0.021210743,0.11341426
0.87061346,0.42364115,0.5,1.0,1.0,1.5,-0.044390872,0.39082927
0.68448037,0.15420347,0.5,1.0,1.0,1.5,-0.015518678,0.15469426
0.33274573,0.90867233,0.5,1.0,1.0,1.5,0.0061399536,0.93658054
0.9067101,0.16528735,0.5,1.0,1.0,1.5,-0.02993929,0.10903692
0.08965106,0.5954983,0.5,1.0,1.0,1.5,0.032004222,0.61996996
0.094532095,0.8449708,0.5,1.0,1.0,1.5,0.018779058,0.9156779
0.66117495,0.092048176,0.5,1.0,1.0,1.5,0.00429604,0.110881805
0.5859491,0.90838045,0.5,1.0,1.0,1.5,-0.0005400134,0.92652774
0.35935158,0.8864777,0.5,1.0,1.0,1.5,0.007364317,0.90845346
0.11337108,0.8950829,0.5,1.0,1.0,1.5,0.019207984,0.97064066
0.8973764,0.13722456,0.5,1.0,1.0,1.5,-0.027344791,0.15086794
0.113270275,0.11284085,0.5,1.0,1.0,1.5,0.027748706,0.14524841
0.13346379,0.110949025,0.5,1.0,1.0,1.5,0.018956263,0.14849487
0.10236911,0.8669561,0.5,1.0,1.0,1.5,0.018364526,0.8650119
0.8927422,0.10445629,0.5,1.0,1.0,1.5,-0.02350698,0.12507969
0.110263474,0.6186013,0.5,1.0,1.0,1.5,0.027599895,0.7253604
0.5461544,0.8184339,0.5,1.0,1.0,1.5,0.0065548737,0.9356515
0.5470968,0.8265057,0.5,1.0,1.0,1.5,0.005005511,0.9163216
0.5956173,0.9062365,0.5,1.0,1.0,1.5,-0.011157464,0.9009327
0.90391934,0.15733765,0.5,1.0,1.0,1.5,-0.028333906,0.16910994
0.09985018,0.85015994,0.5,1.0,1.0,1.5,0.023014395,0.86922383
0.65278697,0.10087736,0.5,1.0,1.0,1.5,-0.004070003,0.10603872
0.09806042,0.6004949,0.5,1.0,1.0,1.5,0.03216792,0.7167345
0.34104457,0.90618485,0.5,1.0,1.0,1.5,0.006594142,0.88626635
0.5386668,0.82605195,0.5,1.0,1.0,1.5,0.0053767324,0.89398193
0.676252,0.15037084,0.5,1.0,1.0,1.5,-0.013681555,0.1433695
0.9691074,0.75285375,0.5,1.0,1.0,1.5,-0.048216715,0.7392881
0.5103667,0.03358253,0.5,1.0,1.0,1.5,0.0021182531,-0.0020833015
0.7022896,0.1689673,0.5,1.0,1.0,1.5,-0.020007357,0.14843556
0.69629616,0.15559259,0.5,1.0,1.0,1.5,-0.021907333,0.14058366
0.5040832,0.44756287,0.5,1.0,1.0,1.5,0.020074861,0.6400394
0.553176,0.7568388,0.5,1.0,1.0,1.5,0.009838535,0.8305719
0.59319615,0.06880057,0.5,1.0,1.0,1.5,0.006778633,0.042310357
0.9382478,0.8461281,0.5,1.0,1.0,1.5,-0.026716681,0.9013747
0.57706666,0.8546891,0.5,1.0,1.0,1.5,-0.00024104188,0.86603236
0.719317,0.12212009,0.5,1.0,1.0,1.5,-0.015823018,0.10740858
0.12265187,0.7873789,0.5,1.0,1.0,1.5,0.02229239,0.88714993
0.11515215,0.5324371,0.5,1.0,1.0,1.5,0.033380784,0.6729536
0.702347,0.105876155,0.5,1.0,1.0,1.5,-0.015829597,0.06916693
0.10562572,0.7955562,0.5,1.0,1.0,1.5,0.026813222,0.8798418
0.106061235,0.5503158,0.5,1.0,1.0,1.5,0.035676353,0.694607
0.2903388,0.8789637,0.5,1.0,1.0,1.5,0.005153762,0.86763805
0.30323204,0.8917165,0.5,1.0,1.0,1.5,0.007790452,0.9237329
0.87723327,0.21299706,0.5,1.0,1.0,1.5,-0.036236238,0.16590184
0.8874594,0.20003538,0.5,1.0,1.0,1.5,-0.033211723,0.15501648
0.5368837,0.8764346,0.5,1.0,1.0,1.5,0.004686083,0.9674858
0.5506573,0.8878009,0.5,1.0,1.0,1.5,-0.0050198846,0.9032891
0.13101807,0.4316293,0.5,1.0,1.0,1.5,0.04242062,0.5281178
0.7248259,0.23911814,0.5,1.0,1.0,1.5,-0.028714593,0.29546607
0.1115751,0.40902117,0.5,1.0,1.0,1.5,0.04360165,0.5562374
0.7565848,0.2874889,0.5,1.0,1.0,1.5,-0.03590926,0.22056857
0.7831724,0.27416578,0.5,1.0,1.0,1.5,-0.03194257,0.24821094
0.119185284,0.12184903,0.5,1.0,1.0,1.5,0.023531293,0.14788803
0.8850661,0.36633748,0.5,1.0,1.0,1.5,-0.0378204,0.31345338
0.54829156,0.48492318,0.5,1.0,1.0,1.5,0.024927938,0.5866758
0.24037988,0.44526064,0.5,1.0,1.0,1.5,0.030440124,0.6090184
0.2203022,0.45189813,0.5,1.0,1.0,1.5,0.027777646,0.63434255
0.5394607,0.6826378,0.5,1.0,1.0,1.5,0.011677743,0.7693354
0.5240083,0.69608444,0.5,1.0,1.0,1.5,0.015833003,0.77871954
0.4304293,0.4655965,0.5,1.0,1.0,1.5,0.02196133,0.6222662
0.4475902,0.47615921,0.5,1.0,1.0,1.5,0.028654333,0.67740214
0.6035863,0.89556867,0.5,1.0,1.0,1.5,-0.0052544717,0.96863955
0.8312376,0.096894726,0.5,1.0,1.0,1.5,-0.014224691,0.07120144
0.09095051,0.67284566,0.5,1.0,1.0,1.5,0.03176742,0.7030464
0.10173461,0.4187781,0.5,1.0,1.0,1.5,0.049692128,0.52417845
0.9026886,0.33007878,0.5,1.0,1.0,1.5,-0.042296257,0.28632507
0.42120147,0.9031928,0.5,1.0,1.0,1.5,0.0047193244,0.9077415
0.1738942,0.9119549,0.5,1.0,1.0,1.5,0.0106113935,0.9155828
0.0999197,0.13208899,0.5,1.0,1.0,1.5,0.026577555,0.18240124
0.86726487,0.35499257,0.5,1.0,1.0,1.5,-0.036097623,0.26748773
0.92822623,0.85718274,0.5,1.0,1.0,1.5,-0.028467104,0.90209
0.60924,0.0731703,0.5,1.0,1.0,1.5,-5.4448843e-05,0.07765278
0.5275986,0.62387335,0.5,1.0,1.0,1.5,0.028232792,0.74126184
0.3750365,0.47194138,0.5,1.0,1.0,1.5,0.030177675,0.68411535
0.67634225,0.12047566,0.5,1.0,1.0,1.5,-0.014671404,0.13716942
0.11585804,0.82412887,0.5,1.0,1.0,1.5,0.027902598,0.8763609
0.12037329,0.5754661,0.5,1.0,1.0,1.5,0.031739376,0.6769094
0.3191928,0.8815095,0.5,1.0,1.0,1.5,0.010074261,0.9376617
0.88354576,0.17984684,0.5,1.0,1.0,1.5,-0.026235938,0.15904042
0.5740327,0.8823474,0.5,1.0,1.0,1.5,-0.0030934587,0.9354328
0.033150323,0.49538592,0.5,1.0,1.0,1.5,0.040569082,0.56670195
0.26436597,0.052078962,0.5,1.0,1.0,1.5,-0.0007084152,0.0074754953
0.25435814,0.033471256,0.5,1.0,1.0,1.5,-0.0024664951,0.026954055
0.051179364,0.48567417,0.5,1.0,1.0,1.5,0.041161235,0.58380395
0.9473151,0.26499298,0.5,1.0,1.0,1.5,-0.044935003,0.20286414
0.49450523,0.96837497,0.5,1.0,1.0,1.5,0.0011877897,0.9763315
0.48542148,0.9470044,0.5,1.0,1.0,1.5,-0.0016217721,0.96815646
0.9685149,0.25566676,0.5,1.0,1.0,1.5,-0.042525936,0.19558689
0.05306343,0.74044424,0.5,1.0,1.0,1.5,0.039463595,0.821841
0.7607496,0.049989153,0.5,1.0,1.0,1.5,-0.0031246403,0.020508707
0.7546935,0.034175098,0.5,1.0,1.0,1.5,-0.005437481,-0.020745754
0.23495887,0.9473484,0.5,1.0,1.0,1.5,0.007825246,0.9745376
0.24441166,0.96852034,0.5,1.0,1.0,1.5,-0.00059110764,0.9532721
0.74460435,0.96766156,0.5,1.0,1.0,1.5,-0.00023600878,1.0112189
0.969432,0.5034582,0.5,1.0,1.0,1.5,-0.05218516,0.5011509
0.95384246,0.5168464,0.5,1.0,1.0,1.5,-0.0570059,0.49511826
0.89151007,0.9059879,0.5,1.0,1.0,1.5,-0.0129078105,0.91913676
0.6518,0.11481498,0.5,1.0,1.0,1.5,-0.005815031,0.15874091
0.2649771,0.89805347,0.5,1.0,1.0,1.5,0.008368587,0.935593
0.73938596,0.10442969,0.5,1.0,1.0,1.5,-0.015644087,0.070590764
0.099561766,0.7640593,0.5,1.0,1.0,1.5,0.027241567,0.84144485
0.102177985,0.51455486,0.5,1.0,1.0,1.5,0.03250455,0.60727924
0.8981833,0.2353943,0.5,1.0,1.0,1.5,-0.03582431,0.22885823
0.5152829,0.89835125,0.5,1.0,1.0,1.5,-0.0010868385,0.94407415
0.1587491,0.9226409,0.5,1.0,1.0,1.5,0.005320495,0.9344681
0.16115318,0.9102353,0.5,1.0,1.0,1.5,0.008013245,0.94499046
0.9257341,0.3415504,0.5,1.0,1.0,1.5,-0.038932245,0.2966056
0.40858987,0.9244587,0.5,1.0,1.0,1.5,0.0020138246,0.9566445
0.9070379,0.3380179,0.5,1.0,1.0,1.5,-0.040781613,0.32185334
0.41271037,0.9054749,0.5,1.0,1.0,1.5,0.008290003,0.903749
0.07548204,0.65177196,0.5,1.0,1.0,1.5,0.037628483,0.78071666
0.8475404,0.074413754,0.5,1.0,1.0,1.5,-0.010579806,0.06440961
0.8399124,0.09470226,0.5,1.0,1.0,1.5,-0.018005285,0.051760852
0.086835615,0.65987825,0.5,1.0,1.0,1.5,0.035460018,0.77234274
0.08257339,0.40038463,0.5,1.0,1.0,1.5,0.05419482,0.4626764
0.17720447,0.13598515,0.5,1.0,1.0,1.5,0.024394702,0.08316484
0.8654002,0.43148768,0.5,1.0,1.0,1.5,-0.043216042,0.40290755
0.16857967,0.13192835,0.5,1.0,1.0,1.5,0.02765063,0.16640154
0.8687282,0.41123787,0.5,1.0,1.0,1.5,-0.042230994,0.35468858
0.8864191,0.386344,0.5,1.0,1.0,1.5,-0.04622647,0.31965446
0.14400287,0.12031665,0.5,1.0,1.0,1.5,0.026948709,0.09373054
0.69157207,0.15197402,0.5,1.0,1.0,1.5,-0.021653485,0.16755182
0.3700929,0.8863184,0.5,1.0,1.0,1.5,0.004654485,0.9466288
0.12495678,0.8862956,0.5,1.0,1.0,1.5,0.0146323005,0.88977885
0.8789695,0.11648735,0.5,1.0,1.0,1.5,-0.016657915,0.10400018
0.11155861,0.88341403,0.5,1.0,1.0,1.5,0.015695574,0.8634862
0.11817027,0.6228672,0.5,1.0,1.0,1.5,0.028715858,0.7459806
0.8437635,0.3080355,0.5,1.0,1.0,1.5,-0.03871059,0.24929076
0.9042485,0.08356186,0.5,1.0,1.0,1.5,-0.017382322,0.083556175
0.09452504,0.09620613,0.5,1.0,1.0,1.5,0.016829405,0.088736296
0.09586223,0.9096078,0.5,1.0,1.0,1.5,0.015146551,0.8685529
0.7189484,0.27614108,0.5,1.0,1.0,1.5,-0.03320452,0.2939037
0.82612944,0.3163314,0.5,1.0,1.0,1.5,-0.032909565,0.2805995
0.28980103,0.48937804,0.5,1.0,1.0,1.5,0.02408183,0.7073816
0.51043093,0.5388159,0.5,1.0,1.0,1.5,0.032759845,0.64050066
0.7964257,0.0963081,0.5,1.0,1.0,1.5,-0.010502706,0.08882666
0.10244065,0.6997257,0.5,1.0,1.0,1.5,0.034042638,0.799925
0.10256911,0.4470573,0.5,1.0,1.0,1.5,0.038928702,0.5745425
0.20083568,0.89847803,0.5,1.0,1.0,1.5,0.009042172,0.91376173
0.9069936,0.30255955,0.5,1.0,1.0,1.5,-0.039766,0.24145502
0.4486054,0.91005343,0.5,1.0,1.0,1.5,0.0025847359,0.9483946
0.3454926,0.4754658,0.5,1.0,1.0,1.5,0.027817167,0.68079793
0.5248406,0.5947905,0.5,1.0,1.0,1.5,0.02746463,0.7179672
0.7097539,0.2827522,0.5,1.0,1.0,1.5,-0.03628018,0.27671185
0.72382164,0.19328824,0.5,1.0,1.0,1.5,-0.02864904,0.15190479
0.5379745,0.4906345,0.5,1.0,1.0,1.5,0.026858455,0.6062743
0.23810971,0.45429355,0.5,1.0,1.0,1.5,0.029072564,0.62846565
0.029293552,0.24100684,0.5,1.0,1.0,1.5,0.06430815,0.29133597
0.8106441,0.30427748,0.5,1.0,1.0,1.5,-0.034600947,0.2393862
0.4178675,0.46992168,0.5,1.0,1.0,1.5,0.027412726,0.68877923
0.529871,0.664814,0.5,1.0,1.0,1.5,0.01877797,0.7146243
0.342897,0.46605286,0.5,1.0,1.0,1.5,0.026974687,0.66775334
0.53409576,0.5923517,0.5,1.0,1.0,1.5,0.021248138,0.73100615
0.70302945,0.2596851,0.5,1.0,1.0,1.5,-0.035322238,0.19002938
0.6657829,0.13328494,0.5,1.0,1.0,1.5,-0.012284614,0.15849245
0.37682444,0.8955194,0.5,1.0,1.0,1.5,0.012064192,0.9090488
0.13180588,0.89599895,0.5,1.0,1.0,1.5,0.015064292,0.88449705
0.899876,0.117063254,0.5,1.0,1.0,1.5,-0.023498666,0.13320631
0.11781902,0.09795715,0.5,1.0,1.0,1.5,0.01171058,0.09471479
0.8718741,0.096839175,0.5,1.0,1.0,1.5,-0.015844788,0.031425953
0.09944041,0.88275385,0.5,1.0,1.0,1.5,0.0168679,0.93037534
0.097827956,0.6359243,0.5,1.0,1.0,1.5,0.03205821,0.70199627
0.5767382,0.8468716,0.5,1.0,1.0,1.5,0.0045770714,0.92976606
0.5461405,0.7153483,0.5,1.0,1.0,1.5,0.016291127,0.7719104
0.47011405,0.4574599,0.5,1.0,1.0,1.5,0.020605847,0.6534302
0.26632783,0.0747006,0.5,1.0,1.0,1.5,0.002495916,0.050590813
0.9313538,0.5126838,0.5,1.0,1.0,1.5,-0.058805782,0.45783043
0.56607974,0.8450991,0.5,1.0,1.0,1.5,0.0012355081,0.8970011
0.894671,0.3651197,0.5,1.0,1.0,1.5,-0.044383578,0.31707975
0.122323275,0.10764069,0.5,1.0,1.0,1.5,0.021632502,0.13022345
0.51353574,0.9136515,0.5,1.0,1.0,1.5,-0.00044514332,0.92486525
0.08014645,0.5077046,0.5,1.0,1.0,1.5,0.03559231,0.55011564
0.08322999,0.75725794,0.5,1.0,1.0,1.5,0.027006913,0.78175324
0.7368481,0.084161974,0.5,1.0,1.0,1.5,-0.012060687,0.07831156
0.9137328,0.23678291,0.5,1.0,1.0,1.5,-0.041141603,0.19688836
0.2625392,0.91350836,0.5,1.0,1.0,1.5,0.008425485,0.93444765
0.15041965,0.1110002,0.5,1.0,1.0,1.5,0.018307153,0.13045263
0.88405234,0.39635122,0.5,1.0,1.0,1.5,-0.037953712,0.337193
0.08686722,0.63013834,0.5,1.0,1.0,1.5,0.037897818,0.70673555
0.8562934,0.09093408,0.5,1.0,1.0,1.5,-0.015752122,0.0775682
0.09252837,0.89197314,0.5,1.0,1.0,1.5,0.016530233,0.9095999
0.104553364,0.09345995,0.5,1.0,1.0,1.5,0.020690037,0.1606701
0.13944231,0.90455806,0.5,1.0,1.0,1.5,0.013013116,0.92371064
0.9072798,0.36110517,0.5,1.0,1.0,1.5,-0.043084495,0.29141304
0.38661483,0.9034738,0.5,1.0,1.0,1.5,0.0052188234,0.8795633
0.90894353,0.10771702,0.5,1.0,1.0,1.5,-0.026923116,0.06337038
0.88136065,0.40951574,0.5,1.0,1.0,1.5,-0.041249402,0.3706833
0.16056867,0.12046123,0.5,1.0,1.0,1.5,0.021473888,0.12670761
0.7920936,0.091337,0.5,1.0,1.0,1.5,-0.009380515,0.0688861
0.09676322,0.7102291,0.5,1.0,1.0,1.5,0.027458567,0.75885355
0.10300887,0.45609853,0.5,1.0,1.0,1.5,0.036569003,0.53073394
0.20651874,0.9062299,0.5,1.0,1.0,1.5,0.012038937,0.94400513
0.90785706,0.2923583,0.5,1.0,1.0,1.5,-0.039865132,0.26464227
0.45765826,0.9104273,0.5,1.0,1.0,1.5,0.0014675683,0.94923615
0.19610228,0.43848902,0.5,1.0,1.0,1.5,0.03556141,0.62659407
0.5825573,0.88998604,0.5,1.0,1.0,1.5,-0.0037102774,0.8346555
0.67228854,0.11226353,0.5,1.0,1.0,1.5,-0.0035607796,0.13222623
0.11099689,0.5779692,0.5,1.0,1.0,1.5,0.035874076,0.6876279
0.10623614,0.82554644,0.5,1.0,1.0,1.5,0.02647284,0.9097637
0.89224935,0.1727481,0.5,1.0,1.0,1.5,-0.028858073,0.16518068
0.32973653,0.88883233,0.5,1.0,1.0,1.5,0.0072942404,0.9556929
0.26975042,0.4860016,0.5,1.0,1.0,1.5,0.02823063,0.6668367
0.5130363,0.51913875,0.5,1.0,1.0,1.5,0.0307331,0.6289714
0.89033467,0.31712425,0.5,1.0,1.0,1.5,-0.03520113,0.32113355
0.42822933,0.8911671,0.5,1.0,1.0,1.5,0.006812864,0.92021865
0.17595667,0.8878518,0.5,1.0,1.0,1.5,0.012328156,0.87474203
0.11164001,0.4271255,0.5,1.0,1.0,1.5,0.046714682,0.5084106
0.8228557,0.10930019,0.5,1.0,1.0,1.5,-0.012660276,0.08980888
0.10877272,0.6813776,0.5,1.0,1.0,1.5,0.027253626,0.726767
0.7462178,0.28416947,0.5,1.0,1.0,1.5,-0.03296278,0.23530996
0.47762102,0.94799274,0.5,1.0,1.0,1.5,0.0006184648,1.0047686
0.94775736,0.27335772,0.5,1.0,1.0,1.5,-0.041071694,0.24932605
0.053609543,0.4756398,0.5,1.0,1.0,1.5,0.041875593,0.58510286
0.27483296,0.054620624,0.5,1.0,1.0,1.5,-0.0019142614,0.06164825
0.22666018,0.947953,0.5,1.0,1.0,1.5,0.0051016705,0.9360352
0.95547545,0.5274372,0.5,1.0,1.0,1.5,-0.052660838,0.45702696
0.77770627,0.051669046,0.5,1.0,1.0,1.5,-0.0019197268,0.013957858
0.0562005,0.72273934,0.5,1.0,1.0,1.5,0.036941536,0.81019133
0.15043709,0.13732661,0.5,1.0,1.0,1.5,0.030521994,0.12057197
0.8688772,0.3993324,0.5,1.0,1.0,1.5,-0.032042585,0.35303324
0.24599013,0.072856076,0.5,1.0,1.0,1.5,0.001836271,0.0339998
0.7368329,0.26746693,0.5,1.0,1.0,1.5,-0.033236716,0.23501298
0.115217395,0.60955083,0.5,1.0,1.0,1.5,0.026784394,0.7523014
0.89124024,0.11490994,0.5,1.0,1.0,1.5,-0.020418337,0.05090922
0.114866115,0.8575654,0.5,1.0,1.0,1.5,0.015603361,0.812788
0.8864029,0.1485873,0.5,1.0,1.0,1.5,-0.023225548,0.119745195
0.10789962,0.8882441,0.5,1.0,1.0,1.5,0.0139606595,0.93733394
0.35453048,0.8775398,0.5,1.0,1.0,1.5,0.008152442,0.8915595
0.5340032,0.78014,0.5,1.0,1.0,1.5,0.0031189355,0.87362957
0.53262424,0.4678234,0.5,1.0,1.0,1.5,0.028032128,0.65252435
0.02812533,0.7377251,0.5,1.0,1.0,1.5,0.03359867,0.77233624
0.5140916,0.02722926,0.5,1.0,1.0,1.5,0.006956294,0.046676755
0.73578507,0.97139466,0.5,1.0,1.0,1.5,-0.00069391215,0.985005
0.97281134,0.76004446,0.5,1.0,1.0,1.5,-0.048686847,0.76561743
0.97248656,0.51149577,0.5,1.0,1.0,1.5,-0.05485382,0.4220327
0.23676318,0.9731909,0.5,1.0,1.0,1.5,0.0085949395,1.0047004
0.48677415,0.9729915,0.5,1.0,1.0,1.5,0.00085508055,0.9780421
0.9731605,0.26329947,0.5,1.0,1.0,1.5,-0.047214247,0.2568788
0.53499603,0.50442034,0.5,1.0,1.0,1.5,0.032385066,0.66185844
0.24997063,0.4732485,0.5,1.0,1.0,1.5,0.026531398,0.64686465
0.6434783,0.92506015,0.5,1.0,1.0,1.5,-0.0025589736,0.9515381
0.31654274,0.4772341,0.5,1.0,1.0,1.5,0.026078144,0.6354834
0.52296174,0.56549746,0.5,1.0,1.0,1.5,0.026321039,0.688416
0.6553336,0.12241224,0.5,1.0,1.0,1.5,-0.011075278,0.16870254
0.6934642,0.14603695,0.5,1.0,1.0,1.5,-0.021613292,0.124405205
0.8784959,0.34330654,0.5,1.0,1.0,1.5,-0.039537586,0.3049764
0.32523763,0.4733421,0.5,1.0,1.0,1.5,0.025546113,0.6726554
0.5268664,0.57437426,0.5,1.0,1.0,1.5,0.024273548,0.682033
0.92941374,0.50456685,0.5,1.0,1.0,1.5,-0.052236002,0.517632
0.2523385,0.06866443,0.5,1.0,1.0,1.5,0.00014669448,-0.03728664
0.32787868,0.48208138,0.5,1.0,1.0,1.5,0.027900955,0.628312
0.5182496,0.577056,0.5,1.0,1.0,1.5,0.026739318,0.6775238
0.7152661,0.191427,0.5,1.0,1.0,1.5,-0.02654381,0.14103779
0.72958475,0.19497398,0.5,1.0,1.0,1.5,-0.028329246,0.17391461
0.5582719,0.7647494,0.5,1.0,1.0,1.5,0.009576449,0.8849726
0.51246774,0.44383717,0.5,1.0,1.0,1.5,0.018385537,0.62915987
0.19623116,0.42278397,0.5,1.0,1.0,1.5,0.03936209,0.6043698
0.5940906,0.8970296,0.5,1.0,1.0,1.5,-0.004905442,0.9664708
0.89787656,0.16099405,0.5,1.0,1.0,1.5,-0.030059185,0.15112743
0.103976145,0.5915279,0.5,1.0,1.0,1.5,0.03478026,0.70995927
0.09897944,0.83499706,0.5,1.0,1.0,1.5,0.02638725,0.8483441
0.34544286,0.8942091,0.5,1.0,1.0,1.5,0.0066935727,0.92034584
0.52485734,0.81456894,0.5,1.0,1.0,1.5,0.0075153704,0.87681484
0.49327412,0.94423056,0.5,1.0,1.0,1.5,0.0049085533,0.9749235
0.9446704,0.25699234,0.5,1.0,1.0,1.5,-0.041943025,0.23265699
0.7538699,0.047267325,0.5,1.0,1.0,1.5,-0.0070983153,0.043099165
0.04801187,0.4961269,0.5,1.0,1.0,1.5,0.044006225,0.5495315
0.05365376,0.7483717,0.5,1.0,1.0,1.5,0.026072983,0.764226
0.94804686,0.5070691,0.5,1.0,1.0,1.5,-0.052747555,0.4986112
0.24288115,0.9445363,0.5,1.0,1.0,1.5,0.0016116194,0.97596633
0.25351328,0.04884854,0.5,1.0,1.0,1.5,-0.0025585545,-0.0027889013
0.56900615,0.86497295,0.5,1.0,1.0,1.5,0.003477814,0.8901993
0.69986033,0.11594786,0.5,1.0,1.0,1.5,-0.013037439,0.093999594
0.119492374,0.8012755,0.5,1.0,1.0,1.5,0.029583853,0.8510575
0.7266947,0.1179263,0.5,1.0,1.0,1.5,-0.013067666,0.1465345
0.11754906,0.7785469,0.5,1.0,1.0,1.5,0.024138872,0.84094775
0.113849804,0.5233609,0.5,1.0,1.0,1.5,0.030945878,0.66506636
0.11653373,0.55020297,0.5,1.0,1.0,1.5,0.030450858,0.65462524
0.28238007,0.8859824,0.5,1.0,1.0,1.5,0.010239478,0.91040456
0.30475134,0.878873,0.5,1.0,1.0,1.5,0.014632751,0.9157826
0.8758246,0.20132829,0.5,1.0,1.0,1.5,-0.030664317,0.20558694
0.8840541,0.22006544,0.5,1.0,1.0,1.5,-0.034047853,0.18307105
0.5492995,0.8752795,0.5,1.0,1.0,1.5,0.0014557694,0.9336376
0.53010565,0.88379794,0.5,1.0,1.0,1.5,-0.0014091716,0.91670203
0.7224555,0.24789661,0.5,1.0,1.0,1.5,-0.032937836,0.19394079
0.5260862,0.68520904,0.5,1.0,1.0,1.5,0.01737234,0.77591425
0.53610855,0.70836574,0.5,1.0,1.0,1.5,0.01634387,0.80231607
0.4350049,0.47800583,0.5,1.0,1.0,1.5,0.024527801,0.65064543
0.45649675,0.4684892,0.5,1.0,1.0,1.5,0.02339101,0.66048455
0.90445286,0.9007116,0.5,1.0,1.0,1.5,-0.013280122,0.88147026
0.26774797,0.883017,0.5,1.0,1.0,1.5,0.00771336,0.8765063
0.25632116,0.9040159,0.5,1.0,1.0,1.5,0.0086461175,0.9528446
0.11260994,0.51431865,0.5,1.0,1.0,1.5,0.036539014,0.60932475
0.08997816,0.50725365,0.5,1.0,1.0,1.5,0.03709828,0.57736045
0.7471796,0.09439635,0.5,1.0,1.0,1.5,-0.014506202,0.113117605
0.096154734,0.7543618,0.5,1.0,1.0,1.5,0.02852643,0.7372026
0.7342444,0.115128204,0.5,1.0,1.0,1.5,-0.013453733,0.12665108
0.112897344,0.76993227,0.5,1.0,1.0,1.5,0.029569067,0.8204315
0.90530133,0.24333309,0.5,1.0,1.0,1.5,-0.03766817,0.24814981
0.88298965,0.23424341,0.5,1.0,1.0,1.5,-0.033419356,0.19230676
0.50781834,0.90492016,0.5,1.0,1.0,1.5,-0.0016474915,0.93419045
0.5160233,0.8833882,0.5,1.0,1.0,1.5,-0.00026222924,0.91312313
0.11617501,0.5584804,0.5,1.0,1.0,1.5,0.033913866,0.6652634
0.69164246,0.11558933,0.5,1.0,1.0,1.5,-0.010856427,0.07369292
0.11040933,0.8049747,0.5,1.0,1.0,1.5,0.023830868,0.8739376
0.3106421,0.8864947,0.5,1.0,1.0,1.5,0.0104175955,0.915527
0.8796848,0.19521517,0.5,1.0,1.0,1.5,-0.031280942,0.17724866
0.55602133,0.8804874,0.5,1.0,1.0,1.5,-0.00016703224,0.8956516
0.82046497,0.32847598,0.5,1.0,1.0,1.5,-0.033535924,0.29016876
0.15210782,0.9114551,0.5,1.0,1.0,1.5,0.00945021,0.9540272
0.15486127,0.9349734,0.5,1.0,1.0,1.5,0.009947189,0.9337853
0.93702483,0.34494218,0.5,1.0,1.0,1.5,-0.04240358,0.37114093
0.4048035,0.9361386,0.5,1.0,1.0,1.5,0.003820203,0.97027314
0.91026956,0.3456282,0.5,1.0,1.0,1.5,-0.041486017,0.28366354
0.40452895,0.90790033,0.5,1.0,1.0,1.5,0.0069414685,0.96614504
0.848236,0.092703186,0.5,1.0,1.0,1.5,-0.014925398,0.042361796
0.0924067,0.64690524,0.5,1.0,1.0,1.5,0.03455244,0.76190436
0.06808416,0.65418583,0.5,1.0,1.0,1.5,0.037109807,0.73269355
0.8477784,0.06491665,0.5,1.0,1.0,1.5,-0.0116895465,0.08376199
0.09255667,0.40032035,0.5,1.0,1.0,1.5,0.04848111,0.5108449
0.07242789,0.4010628,0.5,1.0,1.0,1.5,0.04905051,0.50957507
0.36488444,0.88188463,0.5,1.0,1.0,1.5,0.0072423797,0.869104
0.37677473,0.8866743,0.5,1.0,1.0,1.5,0.0074933697,0.91869533
0.13293433,0.88730764,0.5,1.0,1.0,1.5,0.017065506,0.92992705
0.11743637,0.8852084,0.5,1.0,1.0,1.5,0.022403354,0.8909732
0.88638616,0.13764842,0.5,1.0,1.0,1.5,-0.02885374,0.12837958
0.11403873,0.8640126,0.5,1.0,1.0,1.5,0.025259195,0.8914484
0.88575184,0.12514898,0.5,1.0,1.0,1.5,-0.021261282,0.15424857
0.87208754,0.104537845,0.5,1.0,1.0,1.5,-0.01781554,0.097584754
0.10604627,0.63681585,0.5,1.0,1.0,1.5,0.029491547,0.7402173
0.12295384,0.616871,0.5,1.0,1.0,1.5,0.032964468,0.6912193
0.83069545,0.30264026,0.5,1.0,1.0,1.5,-0.03531418,0.24484116
0.5470421,0.8352129,0.5,1.0,1.0,1.5,0.002101116,0.9289429
0.67238456,0.13824856,0.5,1.0,1.0,1.5,-0.0166476,0.12525502
0.8227401,0.30914688,0.5,1.0,1.0,1.5,-0.03364867,0.2846983
0.29886454,0.48544616,0.5,1.0,1.0,1.5,0.02981489,0.63754535
0.514563,0.54768443,0.5,1.0,1.0,1.5,0.031623878,0.6321664
0.3476114,0.4851095,0.5,1.0,1.0,1.5,0.026061764,0.62497985
0.5155,0.5966981,0.5,1.0,1.0,1.5,0.021627905,0.71174264
0.7127366,0.265245,0.5,1.0,1.0,1.5,-0.032124605,0.17617625
0.52887374,0.49633926,0.5,1.0,1.0,1.5,0.027290368,0.5713765
0.24391145,0.4645372,0.5,1.0,1.0,1.5,0.032560553,0.6084972
0.698724,0.24725516,0.5,1.0,1.0,1.5,-0.030114077,0.26763672
0.4055329,0.47417188,0.5,1.0,1.0,1.5,0.02210674,0.651426
0.4267456,0.47406247,0.5,1.0,1.0,1.5,0.027876584,0.6812161
0.5327955,0.67739475,0.5,1.0,1.0,1.5,0.019562474,0.75216275
0.5251862,0.6530614,0.5,1.0,1.0,1.5,0.023371132,0.711677
0.5376656,0.7244035,0.5,1.0,1.0,1.5,0.016857808,0.79401386
0.4698463,0.4680607,0.5,1.0,1.0,1.5,0.02197396,0.66903305
0.08704672,0.9018536,0.5,1.0,1.0,1.5,0.013964182,0.9153043
0.099466175,0.08714712,0.5,1.0,1.0,1.5,0.017213367,0.097853184
0.8753894,0.40425855,0.5,1.0,1.0,1.5,-0.037731193,0.42094788
0.1598645,0.12989299,0.5,1.0,1.0,1.5,0.023929132,0.15785852
0.78699815,0.08417667,0.5,1.0,1.0,1.5,-0.014308417,0.089247435
0.094534114,0.72001946,0.5,1.0,1.0,1.5,0.028617099,0.75883305
0.09622667,0.46650645,0.5,1.0,1.0,1.5,0.0412069,0.57173264
0.21500085,0.9107608,0.5,1.0,1.0,1.5,0.010613528,0.9599861
0.46658045,0.91075534,0.5,1.0,1.0,1.5,0.004776059,0.956776
0.9088948,0.28279448,0.5,1.0,1.0,1.5,-0.041907046,0.26104793
0.20248377,0.44068143,0.5,1.0,1.0,1.5,0.036744762,0.6132365
0.019386992,0.24080178,0.5,1.0,1.0,1.5,0.06650784,0.28697103
0.663915,0.11892341,0.5,1.0,1.0,1.5,-0.010503198,0.15991557
0.11442287,0.5873746,0.5,1.0,1.0,1.5,0.036074065,0.6923039
0.10739705,0.8339777,0.5,1.0,1.0,1.5,0.022679418,0.8803642
0.89378065,0.16528893,0.5,1.0,1.0,1.5,-0.029541645,0.14588192
0.34028256,0.8856166,0.5,1.0,1.0,1.5,0.0050017303,0.91887903
0.28050798,0.49294862,0.5,1.0,1.0,1.5,0.025064433,0.6175217
0.26103327,0.4882603,0.5,1.0,1.0,1.5,0.0189265,0.70791423
0.50666517,0.53002405,0.5,1.0,1.0,1.5,0.02861362,0.66328144
0.88757455,0.30736068,0.5,1.0,1.0,1.5,-0.037580974,0.29817218
0.43785802,0.8881979,0.5,1.0,1.0,1.5,0.00032313215,0.8877771
0.18443121,0.884892,0.5,1.0,1.0,1.5,0.013853646,0.92558837
0.81336373,0.111796394,0.5,1.0,1.0,1.5,-0.019393342,0.10179785
0.121209875,0.68654925,0.5,1.0,1.0,1.5,0.03182294,0.78878814
0.11583383,0.43641058,0.5,1.0,1.0,1.5,0.03869121,0.5574334
0.11445936,0.4466776,0.5,1.0,1.0,1.5,0.04456948,0.5521915
0.804378,0.1122756,0.5,1.0,1.0,1.5,-0.012945818,0.060627013
0.11301723,0.6979185,0.5,1.0,1.0,1.5,0.035740227,0.7558488
0.19639073,0.8897229,0.5,1.0,1.0,1.5,0.020443885,0.9890367
0.4486849,0.89865744,0.5,1.0,1.0,1.5,0.0026013004,0.9479664
0.8962575,0.3005642,0.5,1.0,1.0,1.5,-0.03856049,0.2903688
0.72813046,0.26108345,0.5,1.0,1.0,1.5,-0.03420978,0.23665088
0.111215815,0.60038584,0.5,1.0,1.0,1.5,0.034835935,0.6839748
0.107584886,0.84327865,0.5,1.0,1.0,1.5,0.020753263,0.88086915
0.3471045,0.88130534,0.5,1.0,1.0,1.5,0.005687804,0.93040174
0.52779037,0.7875368,0.5,1.0,1.0,1.5,0.007321438,0.92535865
0.7202003,0.17442098,0.5,1.0,1.0,1.5,-0.02267494,0.13952672
0.67925227,0.14209795,0.5,1.0,1.0,1.5,-0.016806563,0.1474402
0.9019695,0.9112689,0.5,1.0,1.0,1.5,-0.014024347,0.9510578
0.86180484,0.4056465,0.5,1.0,1.0,1.5,-0.04240651,0.36655375
0.15834764,0.13879815,0.5,1.0,1.0,1.5,0.029527709,0.1150592
0.5366239,0.7412724,0.5,1.0,1.0,1.5,0.0068272706,0.83112645
0.4914277,0.45674428,0.5,1.0,1.0,1.5,0.019380378,0.58699757
0.5542125,0.8482237,0.5,1.0,1.0,1.5,-0.0011500898,0.9058954
0.3420853,0.8723467,0.5,1.0,1.0,1.5,0.0103055015,0.91424525
0.8864361,0.15966608,0.5,1.0,1.0,1.5,-0.030525696,0.18715546
0.11918331,0.59618956,0.5,1.0,1.0,1.5,0.032510497,0.6441038
0.117345475,0.840123,0.5,1.0,1.0,1.5,0.022048924,0.8722656
0.93982214,0.51094633,0.5,1.0,1.0,1.5,-0.04742707,0.48930922
0.26149443,0.06209475,0.5,1.0,1.0,1.5,-0.00080783013,0.02667892
0.9129534,0.9111009,0.5,1.0,1.0,1.5,-0.010936763,0.9087639
0.11826806,0.42468935,0.5,1.0,1.0,1.5,0.043813854,0.51342225
0.14976022,0.4336163,0.5,1.0,1.0,1.5,0.032772634,0.5076677
0.30393216,0.8650705,0.5,1.0,1.0,1.5,0.011904493,0.8925985
0.86962134,0.19664581,0.5,1.0,1.0,1.5,-0.032902494,0.18922856
0.5548883,0.8691279,0.5,1.0,1.0,1.5,0.005375276,0.91733515
0.6980728,0.12203634,0.5,1.0,1.0,1.5,-0.013795773,0.1485532
0.1337486,0.80450386,0.5,1.0,1.0,1.5,0.022899134,0.84012187
0.12860242,0.5518643,0.5,1.0,1.0,1.5,0.032321077,0.68709177
0.72277826,0.2691579,0.5,1.0,1.0,1.5,-0.033558246,0.23903558
0.68216884,0.13540071,0.5,1.0,1.0,1.5,-0.013081742,0.12573612
0.8807692,0.35080102,0.5,1.0,1.0,1.5,-0.03896854,0.37210432
0.53190476,0.48234147,0.5,1.0,1.0,1.5,0.026739288,0.65328485
0.23611,0.46316704,0.5,1.0,1.0,1.5,0.02869578,0.6414963
0.32245818,0.4647662,0.5,1.0,1.0,1.5,0.024711499,0.67173
0.5353788,0.5715631,0.5,1.0,1.0,1.5,0.028000083,0.64894134
0.91680586,0.51275223,0.5,1.0,1.0,1.5,-0.060954064,0.45843136
0.26402125,0.08514281,0.5,1.0,1.0,1.5,0.004259883,0.06412187
0.3219149,0.4942284,0.5,1.0,1.0,1.5,0.024160583,0.68615794
0.50617087,0.5712894,0.5,1.0,1.0,1.5,0.022897841,0.67644083
0.43240738,0.48676282,0.5,1.0,1.0,1.5,0.027172212,0.658409
0.51972985,0.6803568,0.5,1.0,1.0,1.5,0.023313772,0.76911
0.7363337,0.21193591,0.5,1.0,1.0,1.5,-0.026395496,0.19278449
0.5354701,0.8089683,0.5,1.0,1.0,1.5,0.0064614927,0.8673868
0.53093374,0.82308716,0.5,1.0,1.0,1.5,0.0047158124,0.89382255
0.48982328,0.9348969,0.5,1.0,1.0,1.5,0.0016469202,0.9954241
0.935611,0.2602593,0.5,1.0,1.0,1.5,-0.04551243,0.2174469
0.75814587,0.059409797,0.5,1.0,1.0,1.5,-0.0018811971,0.09770495
0.060650274,0.48854753,0.5,1.0,1.0,1.5,0.03289736,0.5994882
0.06293403,0.7422496,0.5,1.0,1.0,1.5,0.03172912,0.7877854
0.23924759,0.93538094,0.5,1.0,1.0,1.5,0.0045325193,0.9603585
0.5692869,0.87558,0.5,1.0,1.0,1.5,0.005676671,0.969952
0.90550643,0.8932181,0.5,1.0,1.0,1.5,-0.01648398,0.907714
0.25915313,0.8884382,0.5,1.0,1.0,1.5,0.009125956,0.9500831
0.11194178,0.50558555,0.5,1.0,1.0,1.5,0.032739133,0.6199106
0.11534599,0.7521598,0.5,1.0,1.0,1.5,0.023269678,0.817217
0.74140257,0.112983204,0.5,1.0,1.0,1.5,-0.013543589,0.06331116
0.889548,0.24254917,0.5,1.0,1.0,1.5,-0.037947297,0.2218849
0.5083718,0.88936603,0.5,1.0,1.0,1.5,0.0011875855,0.93486834
0.38171738,0.8763902,0.5,1.0,1.0,1.5,0.0050602267,0.91392636
0.1344945,0.87900287,0.5,1.0,1.0,1.5,0.01746682,0.9168365
0.87093604,0.1214678,0.5,1.0,1.0,1.5,-0.019996256,0.12453261
0.12379254,0.6325347,0.5,1.0,1.0,1.5,0.03512292,0.76339394
0.84174436,0.29959828,0.5,1.0,1.0,1.5,-0.039758734,0.24835879
0.5383041,0.84109825,0.5,1.0,1.0,1.5,0.007953078,0.877988
0.8477973,0.40666595,0.5,1.0,1.0,1.5,-0.038946055,0.34067953
0.15718102,0.14773318,0.5,1.0,1.0,1.5,0.03465046,0.14588946
0.35783008,0.49269137,0.5,1.0,1.0,1.5,0.025690654,0.686967
0.50808936,0.60623085,0.5,1.0,1.0,1.5,0.026017223,0.716673
0.5276956,0.73148185,0.5,1.0,1.0,1.5,0.011506936,0.802883
0.48138273,0.4676139,0.5,1.0,1.0,1.5,0.02238559,0.68672967
0.09470336,0.9004895,0.5,1.0,1.0,1.5,0.01731235,0.93474865
0.081115365,0.9031915,0.5,1.0,1.0,1.5,0.011631047,0.9029778
0.09308859,0.081722975,0.5,1.0,1.0,1.5,0.016319863,0.12695241
0.9064255,0.10012773,0.5,1.0,1.0,1.5,-0.022561856,0.08859721
0.9140396,0.09573828,0.5,1.0,1.0,1.5,-0.018076204,0.08542147
0.099170215,0.7162361,0.5,1.0,1.0,1.5,0.03019945,0.8162014
0.7862512,0.09758995,0.5,1.0,1.0,1.5,-0.009481516,0.07953593
0.78175735,0.075095266,0.5,1.0,1.0,1.5,-0.009292002,0.0404889
0.0833898,0.7192641,0.5,1.0,1.0,1.5,0.031026272,0.75679296
0.08467599,0.4672988,0.5,1.0,1.0,1.5,0.040307306,0.5958472
0.10479331,0.46463212,0.5,1.0,1.0,1.5,0.039349843,0.58154494
0.21165998,0.9002404,0.5,1.0,1.0,1.5,0.008883463,0.9227066
0.21938701,0.923169,0.5,1.0,1.0,1.5,0.011919774,0.96678257
0.46696383,0.9011033,0.5,1.0,1.0,1.5,0.0013897417,0.957065
0.46722546,0.9210808,0.5,1.0,1.0,1.5,0.0011596573,0.9475179
0.91884893,0.2829611,0.5,1.0,1.0,1.5,-0.0416791,0.27071014
0.898982,0.28164214,0.5,1.0,1.0,1.5,-0.040772945,0.2786962
0.21041462,0.4511766,0.5,1.0,1.0,1.5,0.032327518,0.60962224
0.5102964,0.5113002,0.5,1.0,1.0,1.5,0.027791578,0.58889484
0.8844553,0.32338727,0.5,1.0,1.0,1.5,-0.041393545,0.30108473
0.4254115,0.8812954,0.5,1.0,1.0,1.5,0.005488786,0.8679678
0.18145311,0.87620854,0.5,1.0,1.0,1.5,0.01793515,0.9437425
0.8245497,0.11939532,0.5,1.0,1.0,1.5,-0.016278222,0.10953006
0.11835065,0.677576,0.5,1.0,1.0,1.5,0.036381952,0.7616157
0.5196042,0.7821012,0.5,1.0,1.0,1.5,0.010265818,0.80614865
0.6891997,0.13496126,0.5,1.0,1.0,1.5,-0.013379388,0.11765915
0.90633416,0.9216609,0.5,1.0,1.0,1.5,-0.010118205,0.9449177
0.55834544,0.85776746,0.5,1.0,1.0,1.5,0.0010880551,0.9425553
0.729522,0.18086042,0.5,1.0,1.0,1.5,-0.024667948,0.18339458
0.50561947,0.55072886,0.5,1.0,1.0,1.5,0.025552899,0.6247421
0.30142644,0.49458316,0.5,1.0,1.0,1.5,0.02470928,0.68716735
0.5344041,0.74971807,0.5,1.0,1.0,1.5,0.012012613,0.8243071
0.53729624,0.71628153,0.5,1.0,1.0,1.5,0.01545056,0.81188995
0.6596835,0.1280107,0.5,1.0,1.0,1.5,-0.008540797,0.12818038
0.7575955,0.27511895,0.5,1.0,1.0,1.5,-0.034634084,0.20689344
0.9804574,0.75970626,0.5,1.0,1.0,1.5,-0.051211502,0.768845
0.98088753,0.5101371,0.5,1.0,1.0,1.5,-0.056449793,0.47242448
0.73867285,0.9806238,0.5,1.0,1.0,1.5,0.00043756492,1.0046029
0.5079005,0.018359015,0.5,1.0,1.0,1.5,0.0016904593,0.0089582205
0.7579108,0.016981205,0.5,1.0,1.0,1.5,-0.00043657748,0.011209011
0.018153556,0.7425053,0.5,1.0,1.0,1.5,0.035372324,0.78802454
0.23912877,0.9812847,0.5,1.0,1.0,1.5,0.0015660969,0.9694891
0.9812748,0.26092428,0.5,1.0,1.0,1.5,-0.053250592,0.19562703
0.48911595,0.98117405,0.5,1.0,1.0,1.5,-0.0039108098,1.0112696
0.01679483,0.49205428,0.5,1.0,1.0,1.5,0.042735077,0.5720458
0.25785896,0.01679982,0.5,1.0,1.0,1.5,-0.00045726588,-0.02196008
0.09800334,0.47278783,0.5,1.0,1.0,1.5,0.034634702,0.58155346
0.4766237,0.9020563,0.5,1.0,1.0,1.5,0.002854871,0.9455241
0.9008567,0.27330828,0.5,1.0,1.0,1.5,-0.04037646,0.24466932
0.09986411,0.72468245,0.5,1.0,1.0,1.5,0.034042038,0.7179699
0.7798255,0.09055188,0.5,1.0,1.0,1.5,-0.011994411,0.09369588
0.21919924,0.90148354,0.5,1.0,1.0,1.5,0.0077567827,0.9519194
0.47157037,0.4789961,0.5,1.0,1.0,1.5,0.025750155,0.6414938
0.52879155,0.71656793,0.5,1.0,1.0,1.5,0.015026612,0.82536095
0.22782962,0.46204883,0.5,1.0,1.0,1.5,0.027674241,0.6506965
0.5256754,0.47485152,0.5,1.0,1.0,1.5,0.026332658,0.6474866
0.11441605,0.46435723,0.5,1.0,1.0,1.5,0.036346003,0.56599766
0.10712645,0.71896225,0.5,1.0,1.0,1.5,0.031810455,0.7437085
0.77974796,0.10480946,0.5,1.0,1.0,1.5,-0.01592241,0.060447723
0.46769872,0.8922268,0.5,1.0,1.0,1.5,-0.0018560919,0.90518516
0.88973916,0.278643,0.5,1.0,1.0,1.5,-0.037912693,0.2772321
0.21913679,0.8895485,0.5,1.0,1.0,1.5,0.010714382,0.94831926
0.5093309,0.50375706,0.5,1.0,1.0,1.5,0.025089668,0.5834894
0.2523254,0.49048787,0.5,1.0,1.0,1.5,0.02502527,0.677368
0.50155175,0.51283324,0.5,1.0,1.0,1.5,0.027242336,0.6446298
0.26238227,0.4975594,0.5,1.0,1.0,1.5,0.027037494,0.645783
0.72958964,0.17383556,0.5,1.0,1.0,1.5,-0.02403798,0.13330844
0.71804833,0.25655553,0.5,1.0,1.0,1.5,-0.03235973,0.21174258
0.14090437,0.8878521,0.5,1.0,1.0,1.5,0.02072832,0.84332204
0.38376847,0.885412,0.5,1.0,1.0,1.5,0.0048136404,0.8829137
0.8676004,0.11388923,0.5,1.0,1.0,1.5,-0.019675875,0.113383085
0.1142722,0.63815165,0.5,1.0,1.0,1.5,0.032534737,0.67003155
0.7516861,0.2807121,0.5,1.0,1.0,1.5,-0.029638316,0.33556867
0.1298223,0.8687004,0.5,1.0,1.0,1.5,0.02024343,0.93034697
0.3845174,0.8642277,0.5,1.0,1.0,1.5,0.008010716,0.913783
0.86471534,0.13267289,0.5,1.0,1.0,1.5,-0.021248339,0.17328733
0.13210274,0.6319881,0.5,1.0,1.0,1.5,0.026827473,0.68523204
0.7578215,0.26331267,0.5,1.0,1.0,1.5,-0.030931912,0.2225647
0.4967957,0.55432993,0.5,1.0,1.0,1.5,0.02384273,0.6922969
0.30460322,0.5036839,0.5,1.0,1.0,1.5,0.023835815,0.6776581
0.121986605,0.5057451,0.5,1.0,1.0,1.5,0.0356553,0.6035709
0.11765279,0.7590173,0.5,1.0,1.0,1.5,0.027313279,0.8149951
0.73670965,0.122684866,0.5,1.0,1.0,1.5,-0.017387347,0.123208255
0.5101673,0.87491804,0.5,1.0,1.0,1.5,0.0006222441,0.8560492
0.8742845,0.23987587,0.5,1.0,1.0,1.5,-0.038006276,0.21537259
0.26261848,0.8736023,0.5,1.0,1.0,1.5,0.01185504,0.96539664
0.112567596,0.49714452,0.5,1.0,1.0,1.5,0.035883334,0.5927927
0.11532632,0.7453184,0.5,1.0,1.0,1.5,0.031392504,0.8134463
0.75212115,0.113570906,0.5,1.0,1.0,1.5,-0.015414607,0.13586906
0.4934228,0.8888272,0.5,1.0,1.0,1.5,0.002207797,0.9887871
0.8897956,0.25729483,0.5,1.0,1.0,1.5,-0.038581815,0.24614757
0.24521868,0.88588876,0.5,1.0,1.0,1.5,0.0023585344,0.8153936
0.5232622,0.48806104,0.5,1.0,1.0,1.5,0.025009518,0.65282667
0.24209476,0.47331858,0.5,1.0,1.0,1.5,0.028412508,0.62389636
0.3303898,0.4910277,0.5,1.0,1.0,1.5,0.021860046,0.72029424
0.50947744,0.57969,0.5,1.0,1.0,1.5,0.025783217,0.6216813
0.73889965,0.19735482,0.5,1.0,1.0,1.5,-0.029291064,0.15194699
0.73285925,0.22335486,0.5,1.0,1.0,1.5,-0.03182074,0.20163432
0.52091336,0.8059023,0.5,1.0,1.0,1.5,0.0056307334,0.91282666
0.53098494,0.8302872,0.5,1.0,1.0,1.5,0.0041346066,0.8708539
0.13811406,0.43379465,0.5,1.0,1.0,1.5,0.038956758,0.56029886
0.4952709,0.92324936,0.5,1.0,1.0,1.5,-0.002625925,0.92540663
0.9249659,0.2555989,0.5,1.0,1.0,1.5,-0.03925499,0.23207656
0.7558956,0.0692194,0.5,1.0,1.0,1.5,-0.007314937,0.07740253
0.06961376,0.49895924,0.5,1.0,1.0,1.5,0.032259937,0.5836732
0.07273216,0.7451585,0.5,1.0,1.0,1.5,0.029496213,0.68259245
0.24370202,0.9234881,0.5,1.0,1.0,1.5,0.0070060417,0.97802335
0.52893174,0.83951837,0.5,1.0,1.0,1.5,-0.000645875,0.924607
0.36580387,0.4918067,0.5,1.0,1.0,1.5,0.02438666,0.72470295
0.3495436,0.49463636,0.5,1.0,1.0,1.5,0.029931275,0.59781516
0.5080493,0.61389697,0.5,1.0,1.0,1.5,0.023231287,0.7302903
0.5065828,0.59837407,0.5,1.0,1.0,1.5,0.025101915,0.71595657
0.07689953,0.8987934,0.5,1.0,1.0,1.5,0.012178122,0.9039166
0.097984836,0.07263327,0.5,1.0,1.0,1.5,0.014475904,0.12707588
0.92770976,0.10399605,0.5,1.0,1.0,1.5,-0.021541148,0.08319363
0.069851,0.70850885,0.5,1.0,1.0,1.5,0.033562794,0.7493121
0.79166543,0.07122156,0.5,1.0,1.0,1.5,-0.00461844,0.01679337
0.077111125,0.45599633,0.5,1.0,1.0,1.5,0.04369307,0.5617451
0.20792565,0.9287256,0.5,1.0,1.0,1.5,0.007845566,0.9150419
0.92828864,0.29313558,0.5,1.0,1.0,1.5,-0.042790048,0.27466568
0.45759436,0.9309575,0.5,1.0,1.0,1.5,0.0008313467,0.9786299
0.16722558,0.8892433,0.5,1.0,1.0,1.5,0.016647486,0.92423534
0.8862927,0.3399919,0.5,1.0,1.0,1.5,-0.037845228,0.29137966
0.41686454,0.8845572,0.5,1.0,1.0,1.5,0.009221409,0.9149238
0.8337154,0.11574304,0.5,1.0,1.0,1.5,-0.016682431,0.098643094
0.11235674,0.66963476,0.5,1.0,1.0,1.5,0.031438414,0.7596127
0.6962977,0.13942488,0.5,1.0,1.0,1.5,-0.017154923,0.16128916
0.89405066,0.9188207,0.5,1.0,1.0,1.5,-0.009833394,0.9088169
0.56103647,0.8658693,0.5,1.0,1.0,1.5,0.0030189299,0.9007616
0.82076406,0.29112968,0.5,1.0,1.0,1.5,-0.039577145,0.23818773
0.7376265,0.17379622,0.5,1.0,1.0,1.5,-0.025493104,0.1513266
0.5351177,0.79394424,0.5,1.0,1.0,1.5,0.008825452,0.89695424
0.54125893,0.7611868,0.5,1.0,1.0,1.5,0.0087789595,0.85431695
0.50295377,0.4621104,0.5,1.0,1.0,1.5,0.022362748,0.6349772
0.52648133,0.73918545,0.5,1.0,1.0,1.5,0.01525902,0.78859603
0.49353534,0.46762875,0.5,1.0,1.0,1.5,0.024718644,0.5769269
0.8206842,0.30162227,0.5,1.0,1.0,1.5,-0.0355404,0.23243022
0.19846351,0.45143947,0.5,1.0,1.0,1.5,0.034302168,0.6284989
0.53779525,0.86352026,0.5,1.0,1.0,1.5,0.004365576,0.9252978
0.70191485,0.12653317,0.5,1.0,1.0,1.5,-0.014815746,0.11237371
0.13646153,0.79130703,0.5,1.0,1.0,1.5,0.026079366,0.8553932
0.13835116,0.5401101,0.5,1.0,1.0,1.5,0.034450717,0.65319145
0.8652123,0.2107944,0.5,1.0,1.0,1.5,-0.028263249,0.1906774
0.29120713,0.86543816,0.5,1.0,1.0,1.5,0.011626085,0.8910874
0.51314735,0.68577194,0.5,1.0,1.0,1.5,0.016899116,0.79796326
0.44263536,0.4898644,0.5,1.0,1.0,1.5,0.024934415,0.6574841
0.07395293,0.73780453,0.5,1.0,1.0,1.5,0.037231695,0.7922031
0.76480407,0.07084987,0.5,1.0,1.0,1.5,-0.008536682,0.026201606
0.23592016,0.92729986,0.5,1.0,1.0,1.5,0.0072656744,0.9615402
0.0702109,0.49028826,0.5,1.0,1.0,1.5,0.037872296,0.62768894
0.48689064,0.9260803,0.5,1.0,1.0,1.5,0.0043884283,0.96240664
0.9274138,0.26277703,0.5,1.0,1.0,1.5,-0.041736923,0.22007865
0.64516854,0.09441433,0.5,1.0,1.0,1.5,-0.005001312,0.10802239
0.23728368,0.07833488,0.5,1.0,1.0,1.5,-9.823567e-05,0.030581117
0.9214612,0.49257421,0.5,1.0,1.0,1.5,-0.050617643,0.4832732
0.5582316,0.6981609,0.5,1.0,1.0,1.5,0.017633012,0.77078426
0.45224595,0.44414628,0.5,1.0,1.0,1.5,0.023614515,0.6227618
0.93260974,0.08634283,0.5,1.0,1.0,1.5,-0.023332546,0.11566663
0.07940548,0.9090338,0.5,1.0,1.0,1.5,0.019968288,0.9370351
0.08610866,0.07768025,0.5,1.0,1.0,1.5,0.019371122,0.08570874
0.88452387,0.35782135,0.5,1.0,1.0,1.5,-0.039794236,0.3120882
0.351057,0.86847,0.5,1.0,1.0,1.5,0.010195341,0.88772964
0.87607217,0.1597026,0.5,1.0,1.0,1.5,-0.022240277,0.12784192
0.12777004,0.5924153,0.5,1.0,1.0,1.5,0.039887592,0.7133272
0.12816726,0.8441702,0.5,1.0,1.0,1.5,0.022237329,0.89904904
0.79273236,0.11745058,0.5,1.0,1.0,1.5,-0.012245951,0.09558925
0.11569801,0.70749485,0.5,1.0,1.0,1.5,0.030048713,0.7725973
0.21210837,0.8797752,0.5,1.0,1.0,1.5,0.016754467,0.9203627
0.8847807,0.28840554,0.5,1.0,1.0,1.5,-0.038437963,0.24343795
0.4596373,0.8893914,0.5,1.0,1.0,1.5,-0.0020478922,0.93385124
0.124000154,0.45622244,0.5,1.0,1.0,1.5,0.040483028,0.6189655
0.5197238,0.4689093,0.5,1.0,1.0,1.5,0.024067422,0.73193735
0.5246614,0.774673,0.5,1.0,1.0,1.5,0.009334006,0.84548587
0.28249624,0.5032737,0.5,1.0,1.0,1.5,0.02723371,0.6487005
0.49655688,0.5326404,0.5,1.0,1.0,1.5,0.03217461,0.6352335
0.72081393,0.16638161,0.5,1.0,1.0,1.5,-0.02114758,0.14903036
0.5486469,0.7622536,0.5,1.0,1.0,1.5,0.0016618095,0.8534044
0.5134828,0.45684686,0.5,1.0,1.0,1.5,0.018280957,0.57445395
0.8742414,0.43522966,0.5,1.0,1.0,1.5,-0.041344497,0.41789687
0.18647493,0.1315311,0.5,1.0,1.0,1.5,0.020583192,0.07581085
0.15698874,0.43956432,0.5,1.0,1.0,1.5,0.033123165,0.49654925
0.5082872,0.6680117,0.5,1.0,1.0,1.5,0.022001358,0.77138937
0.42027995,0.49167463,0.5,1.0,1.0,1.5,0.027221678,0.6754921
0.8408215,0.29078966,0.5,1.0,1.0,1.5,-0.041567482,0.29583865
0.56282,0.49430388,0.5,1.0,1.0,1.5,0.025902076,0.6161037
0.24285446,0.43597633,0.5,1.0,1.0,1.5,0.029485438,0.63020295
0.33891475,0.48801264,0.5,1.0,1.0,1.5,0.023345515,0.7153518
0.5126333,0.5881094,0.5,1.0,1.0,1.5,0.02256028,0.7175004
0.1344437,0.56156707,0.5,1.0,1.0,1.5,0.0319307,0.68770254
0.13380492,0.81563336,0.5,1.0,1.0,1.5,0.021893917,0.86089075
0.3153977,0.8614389,0.5,1.0,1.0,1.5,0.008302383,0.84200555
0.9133711,0.9306215,0.5,1.0,1.0,1.5,-0.011309475,0.9214318
0.74461365,0.2591801,0.5,1.0,1.0,1.5,-0.026602,0.25149545
0.8804717,0.88376236,0.5,1.0,1.0,1.5,-0.010489032,0.88702846
0.6370669,0.124340005,0.5,1.0,1.0,1.5,-0.007924708,0.08065644
0.17920937,0.43309242,0.5,1.0,1.0,1.5,0.033544913,0.58873975
0.1402702,0.4416811,0.5,1.0,1.0,1.5,0.041159287,0.57625055
0.5148349,0.8091502,0.5,1.0,1.0,1.5,0.006139948,0.88441694
0.15741438,0.8981654,0.5,1.0,1.0,1.5,0.01622271,0.8845676
0.88994485,0.3470501,0.5,1.0,1.0,1.5,-0.046013072,0.33200634
0.4085638,0.8875767,0.5,1.0,1.0,1.5,0.0014464466,0.9158442
0.8422523,0.112835996,0.5,1.0,1.0,1.5,-0.019794906,0.09269369
0.11196329,0.6560377,0.5,1.0,1.0,1.5,0.032062024,0.7579031
0.5514146,0.7687454,0.5,1.0,1.0,1.5,0.012508519,0.83295774
0.51986504,0.44763497,0.5,1.0,1.0,1.5,0.019226056,0.61492556
0.49306902,0.5229053,0.5,1.0,1.0,1.5,0.027016487,0.6504419
0.27244803,0.5063514,0.5,1.0,1.0,1.5,0.025178565,0.67654246
0.12165921,0.8662322,0.5,1.0,1.0,1.5,0.022245707,0.9490571
0.37709564,0.8665406,0.5,1.0,1.0,1.5,0.006612598,0.91640496
0.87587243,0.13945301,0.5,1.0,1.0,1.5,-0.028453004,0.14333096
0.7700414,0.262177,0.5,1.0,1.0,1.5,-0.039438084,0.24977979
0.49110353,0.54566735,0.5,1.0,1.0,1.5,0.027553542,0.66098255
0.29540798,0.50948113,0.5,1.0,1.0,1.5,0.030397948,0.65082794
0.10373794,0.4956389,0.5,1.0,1.0,1.5,0.029309925,0.63760734
0.10034896,0.7350166,0.5,1.0,1.0,1.5,0.032933522,0.8099611
0.764959,0.10638075,0.5,1.0,1.0,1.5,-0.01209541,0.074510515
0.49125385,0.89682287,0.5,1.0,1.0,1.5,0.0023728032,0.9384981
0.89703727,0.26283845,0.5,1.0,1.0,1.5,-0.042090837,0.2325378
0.23761943,0.8907548,0.5,1.0,1.0,1.5,0.011590546,0.890859
0.7406141,0.21959373,0.5,1.0,1.0,1.5,-0.028463528,0.19203302
0.7999899,0.06835634,0.5,1.0,1.0,1.5,-0.014311859,0.04214847
0.53311515,0.8456586,0.5,1.0,1.0,1.5,-0.0013018507,0.919564
0.92957306,0.11008968,0.5,1.0,1.0,1.5,-0.01744895,0.16826048
0.071051605,0.8931894,0.5,1.0,1.0,1.5,0.022499364,0.9163871
0.10514833,0.067239024,0.5,1.0,1.0,1.5,0.014760095,0.114507824
0.07114237,0.7206442,0.5,1.0,1.0,1.5,0.034170367,0.8146775
0.7820366,0.06390702,0.5,1.0,1.0,1.5,-0.0056440337,0.02865249
0.07587995,0.46459606,0.5,1.0,1.0,1.5,0.042709656,0.5648517
0.21707317,0.9306179,0.5,1.0,1.0,1.5,0.0053866636,0.84857094
0.92901504,0.28318354,0.5,1.0,1.0,1.5,-0.04875412,0.24066043
0.46846423,0.93259925,0.5,1.0,1.0,1.5,0.00088281697,0.9506246
0.9042764,0.9351712,0.5,1.0,1.0,1.5,-0.009377672,0.9582232
0.8328189,0.2813418,0.5,1.0,1.0,1.5,-0.03710217,0.22669324
0.73674697,0.18060002,0.5,1.0,1.0,1.5,-0.026456201,0.15532148
0.08744376,0.9100095,0.5,1.0,1.0,1.5,0.015654437,0.89921236
0.088251725,0.08906777,0.5,1.0,1.0,1.5,0.016618788,0.13112414
0.9088318,0.08910657,0.5,1.0,1.0,1.5,-0.018726707,0.08131838
0.09676596,0.48630568,0.5,1.0,1.0,1.5,0.037296176,0.5674532
0.48497757,0.8988661,0.5,1.0,1.0,1.5,-0.0001741331,0.90197456
0.90211236,0.26700324,0.5,1.0,1.0,1.5,-0.044432294,0.21801695
0.094107956,0.72997576,0.5,1.0,1.0,1.5,0.032791425,0.75048435
0.7670624,0.09203384,0.5,1.0,1.0,1.5,-0.009818699,0.042149544
0.23063055,0.90466934,0.5,1.0,1.0,1.5,0.011396354,0.9254788
0.51263756,0.71334165,0.5,1.0,1.0,1.5,0.011943169,0.8137002
0.53078437,0.87022436,0.5,1.0,1.0,1.5,0.005124935,0.9661417
0.71835387,0.13503726,0.5,1.0,1.0,1.5,-0.018438242,0.1297893
0.13105004,0.78290945,0.5,1.0,1.0,1.5,0.024945343,0.8065984
0.12572077,0.5319406,0.5,1.0,1.0,1.5,0.035682276,0.64925057
0.87081826,0.21821912,0.5,1.0,1.0,1.5,-0.030741293,0.18956417
0.28419623,0.8714724,0.5,1.0,1.0,1.5,0.0072541023,0.89993846
0.5137207,0.69665766,0.5,1.0,1.0,1.5,0.019885601,0.8015866
0.4520636,0.4846328,0.5,1.0,1.0,1.5,0.026778413,0.69511104
0.5066671,0.49625427,0.5,1.0,1.0,1.5,0.02525096,0.6552406
0.24377936,0.49328184,0.5,1.0,1.0,1.5,0.025502324,0.63756907
0.8010254,0.124049395,0.5,1.0,1.0,1.5,-0.021512302,0.14707658
0.12346073,0.69602853,0.5,1.0,1.0,1.5,0.029824464,0.7729473
0.19977017,0.87621367,0.5,1.0,1.0,1.5,0.011426871,0.9013644
0.44924608,0.8848469,0.5,1.0,1.0,1.5,0.0042823073,0.89632833
0.8759281,0.29732913,0.5,1.0,1.0,1.5,-0.037665296,0.3033268
0.12531477,0.44798487,0.5,1.0,1.0,1.5,0.035944805,0.5600721
0.7147682,0.15566047,0.5,1.0,1.0,1.5,-0.016608337,0.16747513
0.20263699,0.47218972,0.5,1.0,1.0,1.5,0.030390734,0.57876456
0.72296286,0.15846448,0.5,1.0,1.0,1.5,-0.021441145,0.14897212
0.5058765,0.6785345,0.5,1.0,1.0,1.5,0.016039858,0.7644135
0.5122469,0.6589702,0.5,1.0,1.0,1.5,0.02068812,0.7740617
0.42944032,0.49602535,0.5,1.0,1.0,1.5,0.028371543,0.697687
0.411264,0.48725948,0.5,1.0,1.0,1.5,0.019909574,0.6778368
0.14038827,0.5496627,0.5,1.0,1.0,1.5,0.02690149,0.6832017
0.14203732,0.7995372,0.5,1.0,1.0,1.5,0.021780876,0.86992806
0.13810465,0.5702199,0.5,1.0,1.0,1.5,0.034492783,0.71229756
0.8602864,0.20331663,0.5,1.0,1.0,1.5,-0.03553037,0.20732665
0.8677832,0.18386014,0.5,1.0,1.0,1.5,-0.02282651,0.17933166
0.30812293,0.8570509,0.5,1.0,1.0,1.5,0.01169834,0.88740647
0.14940363,0.8881373,0.5,1.0,1.0,1.5,0.011841105,0.93910336
0.39809138,0.88114405,0.5,1.0,1.0,1.5,0.0040401584,0.90294415
0.8581899,0.10821971,0.5,1.0,1.0,1.5,-0.016139584,0.08893606
0.11287359,0.64500564,0.5,1.0,1.0,1.5,0.03916164,0.72768736
0.17652775,0.4448388,0.5,1.0,1.0,1.5,0.029430794,0.6194769
0.5071685,0.86738557,0.5,1.0,1.0,1.5,0.003319899,0.897868
0.13158652,0.50533366,0.5,1.0,1.0,1.5,0.03490738,0.5939593
0.12969053,0.76223665,0.5,1.0,1.0,1.5,0.02275239,0.84031665
0.7354199,0.12959574,0.5,1.0,1.0,1.5,-0.014046341,0.110467374
0.86482495,0.24368265,0.5,1.0,1.0,1.5,-0.033700448,0.21168488
0.2591586,0.8639836,0.5,1.0,1.0,1.5,0.011084997,0.9284198
0.5320211,0.857452,0.5,1.0,1.0,1.5,-0.004878144,0.91127974
0.711096,0.14231518,0.5,1.0,1.0,1.5,-0.019933086,0.12560791
0.7421699,0.1801623,0.5,1.0,1.0,1.5,-0.022138687,0.11815208
0.5063561,0.46783218,0.5,1.0,1.0,1.5,0.022235133,0.60976857
0.5317934,0.75840956,0.5,1.0,1.0,1.5,0.011652984,0.84724903
0.51367193,0.47349346,0.5,1.0,1.0,1.5,0.026848292,0.6356439
0.73044765,0.1350695,0.5,1.0,1.0,1.5,-0.015837671,0.15524489
0.5249174,0.8635448,0.5,1.0,1.0,1.5,0.0072344346,0.88993585
0.52899146,0.7669273,0.5,1.0,1.0,1.5,0.011166162,0.85597706
0.5092258,0.48459837,0.5,1.0,1.0,1.5,0.025453042,0.647883
0.51915675,0.76282316,0.5,1.0,1.0,1.5,0.010414876,0.8437519
0.71903515,0.1474862,0.5,1.0,1.0,1.5,-0.020390432,0.14860559
0.13215262,0.8606086,0.5,1.0,1.0,1.5,0.01603463,0.8976871
0.86621743,0.1414047,0.5,1.0,1.0,1.5,-0.026428638,0.10840109
0.89844936,0.3423276,0.5,1.0,1.0,1.5,-0.037231702,0.25420374
0.74951303,0.21494897,0.5,1.0,1.0,1.5,-0.025862394,0.25975195
0.14969338,0.44982576,0.5,1.0,1.0,1.5,0.037424017,0.60840416
0.15464187,0.9059715,0.5,1.0,1.0,1.5,0.015310831,0.95240676
0.40264943,0.89918464,0.5,1.0,1.0,1.5,0.0019584731,0.93680894
0.8408136,0.10386019,0.5,1.0,1.0,1.5,-0.01570334,0.11076075
0.09703354,0.65452844,0.5,1.0,1.0,1.5,0.039720457,0.7101947
0.3680925,0.8726559,0.5,1.0,1.0,1.5,0.010897821,0.9122943
0.1414852,0.6381509,0.5,1.0,1.0,1.5,0.028786486,0.7428802
0.12882386,0.62372494,0.5,1.0,1.0,1.5,0.03192347,0.7180445
0.7764962,0.26810157,0.5,1.0,1.0,1.5,-0.034585234,0.18358156
0.75672036,0.25175652,0.5,1.0,1.0,1.5,-0.030728556,0.22510871
0.4801858,0.55125093,0.5,1.0,1.0,1.5,0.028277019,0.65150005
0.30054203,0.5211878,0.5,1.0,1.0,1.5,0.024659526,0.64033234
0.11424557,0.480819,0.5,1.0,1.0,1.5,0.03151894,0.53801996
0.108616374,0.7366572,0.5,1.0,1.0,1.5,0.030763093,0.78840303
0.76690537,0.12142325,0.5,1.0,1.0,1.5,-0.012926748,0.14635581
0.48206994,0.8835426,0.5,1.0,1.0,1.5,0.0009732188,0.94531167
0.8852686,0.265817,0.5,1.0,1.0,1.5,-0.0413842,0.2522582
0.23256001,0.88328755,0.5,1.0,1.0,1.5,0.008194999,0.8839419
0.5574042,0.7760514,0.5,1.0,1.0,1.5,0.003960759,0.84947747
0.8229954,0.27817598,0.5,1.0,1.0,1.5,-0.03405888,0.24455026
0.46397313,0.49036342,0.5,1.0,1.0,1.5,0.027237475,0.65999186
0.5155351,0.70675355,0.5,1.0,1.0,1.5,0.018125895,0.7840637
0.50140893,0.48949447,0.5,1.0,1.0,1.5,0.029742032,0.68698484
0.23646283,0.49754766,0.5,1.0,1.0,1.5,0.02878243,0.6688385
0.21068701,0.4709439,0.5,1.0,1.0,1.5,0.033644892,0.6771121
0.73151654,0.15994361,0.5,1.0,1.0,1.5,-0.025428582,0.11751193
0.50316405,0.65590894,0.5,1.0,1.0,1.5,0.018593915,0.6789061
0.40800953,0.49612316,0.5,1.0,1.0,1.5,0.02874664,0.67956233
0.14651655,0.56782115,0.5,1.0,1.0,1.5,0.03426076,0.6239295
0.1423503,0.817743,0.5,1.0,1.0,1.5,0.018554946,0.8267823
0.8645929,0.18827489,0.5,1.0,1.0,1.5,-0.028880794,0.20816728
0.32341862,0.8629178,0.5,1.0,1.0,1.5,0.013217661,0.8932344
0.18157826,0.44031277,0.5,1.0,1.0,1.5,0.037664805,0.5977487
0.24042076,0.48401326,0.5,1.0,1.0,1.5,0.02930418,0.6645159
0.5148432,0.4926952,0.5,1.0,1.0,1.5,0.026489139,0.60777086
0.5131651,0.4666452,0.5,1.0,1.0,1.5,0.02897281,0.6283857
0.5077589,0.69191337,0.5,1.0,1.0,1.5,0.015473591,0.83242786
0.4494901,0.49710628,0.5,1.0,1.0,1.5,0.028448518,0.6231609
0.50841194,0.8152736,0.5,1.0,1.0,1.5,0.006481599,0.90039396
0.85881484,0.2147432,0.5,1.0,1.0,1.5,-0.032051187,0.19979006
0.28602841,0.85846,0.5,1.0,1.0,1.5,0.009995994,0.89544886
0.13646974,0.53074974,0.5,1.0,1.0,1.5,0.033493984,0.6380301
0.1445515,0.7865086,0.5,1.0,1.0,1.5,0.02536946,0.8728719
0.21865897,0.8735251,0.5,1.0,1.0,1.5,0.015465645,0.9412719
0.4693634,0.8857797,0.5,1.0,1.0,1.5,0.00037339563,0.9553929
0.87893146,0.2811091,0.5,1.0,1.0,1.5,-0.03782423,0.20833814
0.7798688,0.11834011,0.5,1.0,1.0,1.5,-0.009730634,0.07399139
0.11840156,0.7178129,0.5,1.0,1.0,1.5,0.025776727,0.77329725
0.12407387,0.46445012,0.5,1.0,1.0,1.5,0.03594299,0.57728267
0.17594147,0.45563167,0.5,1.0,1.0,1.5,0.038881212,0.5757972
0.18270937,0.45065787,0.5,1.0,1.0,1.5,0.03516158,0.6160625
0.33138114,0.864255,0.5,1.0,1.0,1.5,0.008477155,0.91642296
0.8657231,0.17836218,0.5,1.0,1.0,1.5,-0.030114219,0.14218202
0.13273221,0.58105844,0.5,1.0,1.0,1.5,0.032076366,0.6663418
0.13658208,0.823852,0.5,1.0,1.0,1.5,0.022115953,0.8816457
0.32365605,0.85450697,0.5,1.0,1.0,1.5,0.012855935,0.9051683
0.85466653,0.18323092,0.5,1.0,1.0,1.5,-0.02828528,0.1490944
0.15346922,0.56568176,0.5,1.0,1.0,1.5,0.03460037,0.68811476
0.1507196,0.8184873,0.5,1.0,1.0,1.5,0.024134029,0.8781932
0.5076127,0.6469891,0.5,1.0,1.0,1.5,0.020045528,0.7471578
0.39921528,0.49183494,0.5,1.0,1.0,1.5,0.025121173,0.6760407
0.49431887,0.6521678,0.5,1.0,1.0,1.5,0.0186436,0.71002233
0.40466386,0.5049758,0.5,1.0,1.0,1.5,0.023076035,0.6870056
0.27895862,0.8636272,0.5,1.0,1.0,1.5,0.010135464,0.8892013
0.13921814,0.7783837,0.5,1.0,1.0,1.5,0.02600477,0.8100351
0.13416302,0.52201307,0.5,1.0,1.0,1.5,0.029352361,0.6129693
0.86378795,0.22270338,0.5,1.0,1.0,1.5,-0.032837354,0.17024174
0.5088254,0.7030003,0.5,1.0,1.0,1.5,0.015851192,0.7754866
0.45586646,0.49254355,0.5,1.0,1.0,1.5,0.025209686,0.67450505
0.49758613,0.6954343,0.5,1.0,1.0,1.5,0.013154189,0.8211465
0.44506153,0.50228643,0.5,1.0,1.0,1.5,0.024894362,0.6587883
0.28157973,0.85063595,0.5,1.0,1.0,1.5,0.009870129,0.8895016
0.85194856,0.21845253,0.5,1.0,1.0,1.5,-0.029815584,0.18582904
0.1481448,0.5282433,0.5,1.0,1.0,1.5,0.032403827,0.66955626
0.15250647,0.7814539,0.5,1.0,1.0,1.5,0.024302796,0.8486359
0.51308274,0.7518608,0.5,1.0,1.0,1.5,0.0138935,0.8341849
0.7588691,0.20962013,0.5,1.0,1.0,1.5,-0.030428547,0.18827957
0.7757927,0.25472492,0.5,1.0,1.0,1.5,-0.03140714,0.25190303
0.7531911,0.25816426,0.5,1.0,1.0,1.5,-0.03252725,0.18951756
0.48894575,0.559062,0.5,1.0,1.0,1.5,0.024767458,0.6567076
0.309046,0.51179266,0.5,1.0,1.0,1.5,0.03073641,0.6766613
0.8124299,0.27085617,0.5,1.0,1.0,1.5,-0.03050286,0.20987907
0.47363544,0.48972103,0.5,1.0,1.0,1.5,0.021770785,0.62513024
0.503766,0.71791875,0.5,1.0,1.0,1.5,0.014398343,0.8360214
0.49481097,0.4955781,0.5,1.0,1.0,1.5,0.026881406,0.66285074
0.24803394,0.50739217,0.5,1.0,1.0,1.5,0.025893532,0.718457
0.21917097,0.46137908,0.5,1.0,1.0,1.5,0.028799256,0.6446808
0.20465252,0.47912958,0.5,1.0,1.0,1.5,0.030350106,0.6108055
0.23250753,0.49091333,0.5,1.0,1.0,1.5,0.029838866,0.72189236
0.5080026,0.8060894,0.5,1.0,1.0,1.5,0.0067080557,0.944644
0.52090025,0.8211671,0.5,1.0,1.0,1.5,0.003646034,0.860005
0.7393581,0.16667561,0.5,1.0,1.0,1.5,-0.022669263,0.11945647
0.21336882,0.86564195,0.5,1.0,1.0,1.5,0.010297862,0.9199281
0.87012225,0.28126025,0.5,1.0,1.0,1.5,-0.036774565,0.26691747
0.47025746,0.8726157,0.5,1.0,1.0,1.5,0.0057534995,0.93429124
0.78132606,0.12872799,0.5,1.0,1.0,1.5,-0.018704377,0.13463256
0.1288592,0.7158623,0.5,1.0,1.0,1.5,0.02813482,0.7925526
0.13316458,0.46397412,0.5,1.0,1.0,1.5,0.032997955,0.58681834
0.7728579,0.11271399,0.5,1.0,1.0,1.5,-0.00813813,0.065688044
0.11023999,0.728438,0.5,1.0,1.0,1.5,0.026964923,0.8192972
0.11483518,0.4726687,0.5,1.0,1.0,1.5,0.03501785,0.57800746
0.22465144,0.88024294,0.5,1.0,1.0,1.5,0.009868256,0.9012921
0.47516674,0.88492656,0.5,1.0,1.0,1.5,0.0038825204,0.9327238
0.8818826,0.27425537,0.5,1.0,1.0,1.5,-0.04019726,0.26641858
0.7343579,0.23079082,0.5,1.0,1.0,1.5,-0.034692056,0.2106902
0.4952255,0.48268923,0.5,1.0,1.0,1.5,0.024341663,0.6359566
0.84001666,0.28345045,0.5,1.0,1.0,1.5,-0.039292514,0.20547256
0.2851232,0.5141726,0.5,1.0,1.0,1.5,0.025483087,0.6004868
0.48625767,0.53592587,0.5,1.0,1.0,1.5,0.030755458,0.66693515
0.36774275,0.86442417,0.5,1.0,1.0,1.5,0.009699272,0.90450656
0.13523392,0.6200154,0.5,1.0,1.0,1.5,0.035200603,0.74032384
0.21859588,0.47077233,0.5,1.0,1.0,1.5,0.031985715,0.620402
0.74023825,0.15782495,0.5,1.0,1.0,1.5,-0.019431582,0.14278239
0.7823474,0.26058173,0.5,1.0,1.0,1.5,-0.034166366,0.22431362
0.13672148,0.6083814,0.5,1.0,1.0,1.5,0.03601021,0.69746745
0.7742588,0.24142306,0.5,1.0,1.0,1.5,-0.02939606,0.21280959
0.1488771,0.61688113,0.5,1.0,1.0,1.5,0.029551806,0.7043538
0.36771914,0.85429674,0.5,1.0,1.0,1.5,0.009218352,0.93628347
0.8028761,0.27708513,0.5,1.0,1.0,1.5,-0.035428338,0.25203106
0.313488,0.8482226,0.5,1.0,1.0,1.5,0.012530768,0.8702494
0.84496194,0.19073506,0.5,1.0,1.0,1.5,-0.024677387,0.16863093
0.15382515,0.5582805,0.5,1.0,1.0,1.5,0.036545854,0.6911681
0.15852106,0.8149175,0.5,1.0,1.0,1.5,0.021752048,0.8632317
0.48873767,0.66115236,0.5,1.0,1.0,1.5,0.020165939,0.77060753
0.41360041,0.5094435,0.5,1.0,1.0,1.5,0.026912998,0.6942828
0.48929745,0.5757075,0.5,1.0,1.0,1.5,0.025734896,0.7374618
0.3257146,0.5113282,0.5,1.0,1.0,1.5,0.028586943,0.63259596
0.49096406,0.684726,0.5,1.0,1.0,1.5,0.0203116,0.787945
0.43659067,0.50986224,0.5,1.0,1.0,1.5,0.0281622,0.67496574
0.28888953,0.84613496,0.5,1.0,1.0,1.5,0.014324685,0.92206097
0.84776676,0.21049173,0.5,1.0,1.0,1.5,-0.03069133,0.15339085
0.15806775,0.7892449,0.5,1.0,1.0,1.5,0.023161516,0.8437824
0.1594372,0.53905064,0.5,1.0,1.0,1.5,0.026089003,0.62553877
0.48547658,0.48961514,0.5,1.0,1.0,1.5,0.028543131,0.71911544
0.1643965,0.4448611,0.5,1.0,1.0,1.5,0.035105757,0.5683707
0.5168696,0.7368859,0.5,1.0,1.0,1.5,0.012763163,0.77487344
0.5101996,0.7592315,0.5,1.0,1.0,1.5,0.014481264,0.82774997
0.7623475,0.21890451,0.5,1.0,1.0,1.5,-0.0290154,0.15667355
0.7544327,0.19970937,0.5,1.0,1.0,1.5,-0.028285678,0.16575986
0.51101327,0.72034794,0.5,1.0,1.0,1.5,0.0155844595,0.8617101
0.4922627,0.5039689,0.5,1.0,1.0,1.5,0.025287272,0.6322814
0.25442058,0.50762165,0.5,1.0,1.0,1.5,0.029801164,0.6514057
0.19064079,0.4675183,0.5,1.0,1.0,1.5,0.032838628,0.6514096
0.21831997,0.48039493,0.5,1.0,1.0,1.5,0.027590977,0.64504147
0.20828207,0.8573734,0.5,1.0,1.0,1.5,0.0147417225,0.86421347
0.86296904,0.2954993,0.5,1.0,1.0,1.5,-0.038316138,0.2578371
0.4648157,0.8666506,0.5,1.0,1.0,1.5,0.00638956,0.8977674
0.7937942,0.13915443,0.5,1.0,1.0,1.5,-0.020180779,0.15005866
0.13876107,0.7137333,0.5,1.0,1.0,1.5,0.030262845,0.7758926
0.20008405,0.48421293,0.5,1.0,1.0,1.5,0.030151127,0.6177769
0.17867915,0.46225116,0.5,1.0,1.0,1.5,0.03442885,0.5675118
0.866038,0.16017005,0.5,1.0,1.0,1.5,-0.030057702,0.20159277
0.33956584,0.86303014,0.5,1.0,1.0,1.5,0.010941338,0.89947593
0.13627951,0.5891646,0.5,1.0,1.0,1.5,0.033736177,0.7063717
0.1355648,0.8339298,0.5,1.0,1.0,1.5,0.019332709,0.90039515
0.39061916,0.4878643,0.5,1.0,1.0,1.5,0.027032869,0.67286325
0.5115761,0.638503,0.5,1.0,1.0,1.5,0.024315083,0.71221393
0.27884445,0.5294171,0.5,1.0,1.0,1.5,0.02845758,0.66407484
0.4720925,0.5312313,0.5,1.0,1.0,1.5,0.0279731,0.6281572
0.84930867,0.26699057,0.5,1.0,1.0,1.5,-0.036802124,0.20876884
0.2671792,0.860203,0.5,1.0,1.0,1.5,0.013632966,0.87222695
0.86055136,0.2349659,0.5,1.0,1.0,1.5,-0.035335615,0.2409665
0.14187361,0.51256955,0.5,1.0,1.0,1.5,0.0326908,0.63531506
0.13424563,0.7702737,0.5,1.0,1.0,1.5,0.025386903,0.8032373
0.85011756,0.2880304,0.5,1.0,1.0,1.5,-0.039547723,0.20368314
0.51487726,0.8216148,0.5,1.0,1.0,1.5,0.005194947,0.9282011
0.21922751,0.49073836,0.5,1.0,1.0,1.5,0.029999333,0.7025997
0.23320165,0.5079902,0.5,1.0,1.0,1.5,0.02732732,0.7199701
0.14022017,0.45529437,0.5,1.0,1.0,1.5,0.04008699,0.54380256
0.25674203,0.8553874,0.5,1.0,1.0,1.5,0.015505581,0.9024865
0.85580635,0.24708675,0.5,1.0,1.0,1.5,-0.034824707,0.20664144
0.13708918,0.75768614,0.5,1.0,1.0,1.5,0.027725574,0.7568883
0.14083649,0.50457215,0.5,1.0,1.0,1.5,0.036318123,0.62270683
0.13467395,0.45020056,0.5,1.0,1.0,1.5,0.04205037,0.59596497
0.8665783,0.1507029,0.5,1.0,1.0,1.5,-0.025691338,0.15360647
0.12976596,0.85131174,0.5,1.0,1.0,1.5,0.01860876,0.9010658
0.14019936,0.5973034,0.5,1.0,1.0,1.5,0.03353486,0.67839134
0.5156698,0.82916605,0.5,1.0,1.0,1.5,0.0057833823,0.86035395
0.5018723,0.8192875,0.5,1.0,1.0,1.5,-1.0369811e-05,0.9014021
0.7349006,0.14951283,0.5,1.0,1.0,1.5,-0.019081684,0.16405633
0.50874925,0.7272008,0.5,1.0,1.0,1.5,0.012696703,0.82968664
0.76706797,0.23713331,0.5,1.0,1.0,1.5,-0.036048215,0.20073456
0.15828994,0.6239955,0.5,1.0,1.0,1.5,0.0299641,0.73902303
0.37640223,0.8432171,0.5,1.0,1.0,1.5,0.012250828,0.92535317
0.30031836,0.8517584,0.5,1.0,1.0,1.5,0.012353986,0.8665488
0.3222521,0.8463217,0.5,1.0,1.0,1.5,0.012066628,0.89889026
0.8434597,0.17782731,0.5,1.0,1.0,1.5,-0.028146248,0.14777511
0.8497602,0.19852735,0.5,1.0,1.0,1.5,-0.034380816,0.14578864
0.16006732,0.8245733,0.5,1.0,1.0,1.5,0.017756375,0.8550512
0.16123351,0.5718242,0.5,1.0,1.0,1.5,0.027575722,0.685104
0.15644017,0.8041339,0.5,1.0,1.0,1.5,0.01830607,0.8734567
0.15066788,0.54840624,0.5,1.0,1.0,1.5,0.028294459,0.5312292
0.24320786,0.5136887,0.5,1.0,1.0,1.5,0.02556003,0.664688
0.48119074,0.6554665,0.5,1.0,1.0,1.5,0.020405073,0.7294729
0.49408716,0.674998,0.5,1.0,1.0,1.5,0.020143671,0.7559341
0.40987682,0.51787496,0.5,1.0,1.0,1.5,0.026335783,0.6729264
0.42654142,0.50557905,0.5,1.0,1.0,1.5,0.029028993,0.67431927
0.50018585,0.5823627,0.5,1.0,1.0,1.5,0.024939828,0.6724566
0.33276212,0.5005455,0.5,1.0,1.0,1.5,0.025270794,0.69083154
0.489223,0.6945664,0.5,1.0,1.0,1.5,0.018383432,0.78834635
0.44814035,0.51110715,0.5,1.0,1.0,1.5,0.028920598,0.641108
0.28483176,0.83792454,0.5,1.0,1.0,1.5,0.01358005,0.89990246
0.84140027,0.21399702,0.5,1.0,1.0,1.5,-0.028906126,0.182663
0.16613281,0.783765,0.5,1.0,1.0,1.5,0.022907753,0.8299017
0.17034164,0.5321225,0.5,1.0,1.0,1.5,0.030047417,0.6456153
0.50630754,0.74193674,0.5,1.0,1.0,1.5,0.007376694,0.8100102
0.50663984,0.7664894,0.5,1.0,1.0,1.5,0.009526189,0.8624696
0.214949,0.852112,0.5,1.0,1.0,1.5,0.011530122,0.89474654
0.20167467,0.8626317,0.5,1.0,1.0,1.5,0.010863303,0.9323966
0.8703703,0.30246475,0.5,1.0,1.0,1.5,-0.039593033,0.2736035
0.4576271,0.87458676,0.5,1.0,1.0,1.5,0.00038275775,0.9292616
0.47252455,0.8600284,0.5,1.0,1.0,1.5,0.004608199,0.86357653
0.85994035,0.2857169,0.5,1.0,1.0,1.5,-0.03562361,0.27425155
0.8024057,0.1430538,0.5,1.0,1.0,1.5,-0.020747269,0.13666773
0.13573572,0.7041616,0.5,1.0,1.0,1.5,0.027885424,0.7609799
0.7762644,0.13723642,0.5,1.0,1.0,1.5,-0.016249446,0.09297624
0.14254196,0.7232272,0.5,1.0,1.0,1.5,0.027187416,0.7950273
0.14220783,0.46295434,0.5,1.0,1.0,1.5,0.034016073,0.5953301
0.2224437,0.5011876,0.5,1.0,1.0,1.5,0.02929875,0.65551424
0.20821172,0.49092895,0.5,1.0,1.0,1.5,0.029451136,0.6382333
0.85632807,0.16033114,0.5,1.0,1.0,1.5,-0.024903847,0.09904638
0.3379546,0.85441875,0.5,1.0,1.0,1.5,0.00829565,0.8828353
0.14812514,0.5942203,0.5,1.0,1.0,1.5,0.030625643,0.6649653
0.14406243,0.8346899,0.5,1.0,1.0,1.5,0.020364583,0.8760822
0.3877334,0.49689877,0.5,1.0,1.0,1.5,0.02466945,0.6528785
0.5023447,0.635193,0.5,1.0,1.0,1.5,0.019637713,0.68675053
0.84156704,0.26495892,0.5,1.0,1.0,1.5,-0.037901368,0.21558711
0.26392543,0.8523475,0.5,1.0,1.0,1.5,0.01419183,0.8912518
0.85186327,0.23845313,0.5,1.0,1.0,1.5,-0.03337759,0.1999439
0.15055917,0.5119047,0.5,1.0,1.0,1.5,0.026969457,0.61036456
0.14188579,0.76608247,0.5,1.0,1.0,1.5,0.029073374,0.8175225
0.7943907,0.25989702,0.5,1.0,1.0,1.5,-0.037006654,0.23611304
0.7637374,0.19402182,0.5,1.0,1.0,1.5,-0.025743833,0.14726874
0.2907869,0.53656965,0.5,1.0,1.0,1.5,0.029726682,0.66343963
0.46621886,0.54256994,0.5,1.0,1.0,1.5,0.026619956,0.63827056
0.73668796,0.14055437,0.5,1.0,1.0,1.5,-0.020012239,0.12838218
0.25114587,0.8662212,0.5,1.0,1.0,1.5,0.011712129,0.9214929
0.8683107,0.2524137,0.5,1.0,1.0,1.5,-0.031919148,0.27259663
0.13170525,0.7486052,0.5,1.0,1.0,1.5,0.022170452,0.83045447
0.14038822,0.49578035,0.5,1.0,1.0,1.5,0.03431615,0.5908828
0.5111553,0.7778949,0.5,1.0,1.0,1.5,0.0049915193,0.87928545
0.4972839,0.7469534,0.5,1.0,1.0,1.5,0.010249316,0.8371693
0.77679056,0.19993778,0.5,1.0,1.0,1.5,-0.028355498,0.19998816
0.49164084,0.811617,0.5,1.0,1.0,1.5,0.011281041,0.88579
0.77895665,0.23268673,0.5,1.0,1.0,1.5,-0.03156428,0.20137954
0.7616271,0.2441707,0.5,1.0,1.0,1.5,-0.02862772,0.25295776
0.15267876,0.6329081,0.5,1.0,1.0,1.5,0.032824673,0.7229959
0.16653469,0.6157313,0.5,1.0,1.0,1.5,0.030379498,0.7509399
0.38695884,0.85221004,0.5,1.0,1.0,1.5,0.014028873,0.897346
0.36799806,0.84286606,0.5,1.0,1.0,1.5,0.012913649,0.9030349
0.4982302,0.7023885,0.5,1.0,1.0,1.5,0.012154228,0.8309693
0.45467842,0.5036521,0.5,1.0,1.0,1.5,0.027767554,0.66702706
0.277126,0.8425384,0.5,1.0,1.0,1.5,0.013613488,0.90362865
0.84471095,0.22172938,0.5,1.0,1.0,1.5,-0.032620527,0.15329471
0.16053694,0.7759798,0.5,1.0,1.0,1.5,0.023155577,0.86440134
0.19951545,0.49709252,0.5,1.0,1.0,1.5,0.031332493,0.6725368
0.845816,0.15889661,0.5,1.0,1.0,1.5,-0.026710166,0.11006135
0.33769858,0.84681106,0.5,1.0,1.0,1.5,0.009764999,0.88844436
0.15615413,0.5912851,0.5,1.0,1.0,1.5,0.033676676,0.7308672
0.150033,0.83581805,0.5,1.0,1.0,1.5,0.023497345,0.8903806
0.3799268,0.49307323,0.5,1.0,1.0,1.5,0.026913833,0.67092896
0.39255512,0.5099997,0.5,1.0,1.0,1.5,0.025827391,0.65668255
0.50580037,0.6277399,0.5,1.0,1.0,1.5,0.02028463,0.75694674
0.49002326,0.6396301,0.5,1.0,1.0,1.5,0.016182989,0.75515133
0.84392375,0.2588616,0.5,1.0,1.0,1.5,-0.03469009,0.18800807
0.82508004,0.26311675,0.5,1.0,1.0,1.5,-0.03446668,0.23309106
0.27017695,0.84752494,0.5,1.0,1.0,1.5,0.016517568,0.89214766
0.8481551,0.23001896,0.5,1.0,1.0,1.5,-0.035627715,0.20522663
0.15459211,0.76857924,0.5,1.0,1.0,1.5,0.021311883,0.8079026
0.15137003,0.5197194,0.5,1.0,1.0,1.5,0.027078265,0.66242146
0.21741554,0.50099874,0.5,1.0,1.0,1.5,0.028065888,0.61188006
0.28169918,0.53964984,0.5,1.0,1.0,1.5,0.030244866,0.65562344
0.29999855,0.535105,0.5,1.0,1.0,1.5,0.028740048,0.6807331
0.46758655,0.5510099,0.5,1.0,1.0,1.5,0.028713599,0.6552144
0.46522915,0.5250388,0.5,1.0,1.0,1.5,0.0276448,0.6729708
0.48889783,0.58544594,0.5,1.0,1.0,1.5,0.027389131,0.67524165
0.33516496,0.5121141,0.5,1.0,1.0,1.5,0.027518999,0.61411643
0.15571232,0.50416374,0.5,1.0,1.0,1.5,0.03193311,0.6384749
0.1540703,0.7585146,0.5,1.0,1.0,1.5,0.028455049,0.82058966
0.84712964,0.24990644,0.5,1.0,1.0,1.5,-0.034621652,0.19334674
0.26092887,0.8467478,0.5,1.0,1.0,1.5,0.009745948,0.8888918
0.34703287,0.84661907,0.5,1.0,1.0,1.5,0.0086478675,0.8587653
0.8499703,0.15054575,0.5,1.0,1.0,1.5,-0.023140427,0.10149571
0.15971851,0.5983032,0.5,1.0,1.0,1.5,0.03294627,0.6870415
0.14437854,0.8430319,0.5,1.0,1.0,1.5,0.020093763,0.8867205
0.42304513,0.5147058,0.5,1.0,1.0,1.5,0.028770858,0.6772286
0.48087844,0.6709662,0.5,1.0,1.0,1.5,0.019770097,0.74721766
0.16093677,0.5556557,0.5,1.0,1.0,1.5,0.025347248,0.6704578
0.8381669,0.19661427,0.5,1.0,1.0,1.5,-0.02738188,0.1625418
0.30616263,0.84632045,0.5,1.0,1.0,1.5,0.011378794,0.8844798
0.7439215,0.1340011,0.5,1.0,1.0,1.5,-0.018274404,0.12720516
0.16374025,0.7964286,0.5,1.0,1.0,1.5,0.019614076,0.8427833
0.15956281,0.54768854,0.5,1.0,1.0,1.5,0.034535978,0.6766576
0.29641145,0.8424752,0.5,1.0,1.0,1.5,0.015365312,0.9105017
0.84333104,0.20303687,0.5,1.0,1.0,1.5,-0.032490578,0.14170173
0.48068607,0.5736029,0.5,1.0,1.0,1.5,0.024439517,0.6856368
0.32327542,0.52013063,0.5,1.0,1.0,1.5,0.03000788,0.6302951
0.16739328,0.5547996,0.5,1.0,1.0,1.5,0.03106537,0.69075763
0.16944729,0.802532,0.5,1.0,1.0,1.5,0.02239134,0.8561685
0.30165562,0.8302271,0.5,1.0,1.0,1.5,0.009696521,0.882573
0.83258533,0.20203876,0.5,1.0,1.0,1.5,-0.029839873,0.14557418
0.48199317,0.59365577,0.5,1.0,1.0,1.5,0.021335287,0.74224716
0.3425387,0.519488,0.5,1.0,1.0,1.5,0.02967645,0.6598325
0.34303376,0.8402162,0.5,1.0,1.0,1.5,0.011826984,0.9046775
0.8450702,0.14656946,0.5,1.0,1.0,1.5,-0.023011822,0.069416285
0.1618749,0.8473322,0.5,1.0,1.0,1.5,0.022386298,0.88839006
0.1632274,0.58902335,0.5,1.0,1.0,1.5,0.030911643,0.6761184
0.46243867,0.5072962,0.5,1.0,1.0,1.5,0.026985077,0.6476672
0.49332172,0.71331286,0.5,1.0,1.0,1.5,0.016578302,0.7733
0.23985529,0.85682076,0.5,1.0,1.0,1.5,0.015270952,0.86755204
0.85782826,0.26730603,0.5,1.0,1.0,1.5,-0.03828138,0.21719334
0.14127268,0.74542516,0.5,1.0,1.0,1.5,0.027969822,0.8512748
0.14180283,0.4799605,0.5,1.0,1.0,1.5,0.03390108,0.5524216
0.78260857,0.20871603,0.5,1.0,1.0,1.5,-0.026848136,0.16008928
0.49584758,0.80374086,0.5,1.0,1.0,1.5,0.008630652,0.8642843
0.48490566,0.8188164,0.5,1.0,1.0,1.5,0.008905137,0.89305216
0.16640665,0.62996614,0.5,1.0,1.0,1.5,0.03227427,0.7482334
0.15729733,0.61006457,0.5,1.0,1.0,1.5,0.03236628,0.6767975
0.3840116,0.8423352,0.5,1.0,1.0,1.5,0.0065861885,0.9338009
0.3595244,0.8416295,0.5,1.0,1.0,1.5,0.012027215,0.921751
0.84621865,0.16908471,0.5,1.0,1.0,1.5,-0.028603856,0.13814571
0.33003762,0.84646046,0.5,1.0,1.0,1.5,0.011518269,0.8810792
0.15368277,0.5835355,0.5,1.0,1.0,1.5,0.033539265,0.72817
0.15396014,0.8313057,0.5,1.0,1.0,1.5,0.02155123,0.92764807
0.40124577,0.5139181,0.5,1.0,1.0,1.5,0.02532804,0.72780335
0.38209525,0.48438543,0.5,1.0,1.0,1.5,0.028100202,0.66738445
0.5149601,0.63024575,0.5,1.0,1.0,1.5,0.022815146,0.7333819
0.48622328,0.64792275,0.5,1.0,1.0,1.5,0.019575229,0.74722064
0.15164772,0.48880923,0.5,1.0,1.0,1.5,0.02790876,0.645512
0.15218042,0.7519309,0.5,1.0,1.0,1.5,0.026624773,0.8186153
0.2499719,0.8417127,0.5,1.0,1.0,1.5,0.016507547,0.9215456
0.848611,0.13714312,0.5,1.0,1.0,1.5,-0.022629254,0.12796453
0.14571624,0.8517502,0.5,1.0,1.0,1.5,0.021098314,0.8692607
0.45768225,0.5511483,0.5,1.0,1.0,1.5,0.023997378,0.66244596
0.30008185,0.54688925,0.5,1.0,1.0,1.5,0.025957571,0.6948165
0.4931278,0.6310741,0.5,1.0,1.0,1.5,0.021977374,0.7489186
0.38420522,0.5058232,0.5,1.0,1.0,1.5,0.023432123,0.70440966
0.3732257,0.49162388,0.5,1.0,1.0,1.5,0.02408555,0.71585524
0.5075017,0.62107855,0.5,1.0,1.0,1.5,0.023574876,0.74747044
0.76124924,0.23385583,0.5,1.0,1.0,1.5,-0.031335104,0.22430673
0.82087195,0.2552883,0.5,1.0,1.0,1.5,-0.031708386,0.22084022
0.46626306,0.55937445,0.5,1.0,1.0,1.5,0.023007423,0.6663806
0.3089054,0.5361083,0.5,1.0,1.0,1.5,0.029813156,0.66888106
0.81567186,0.26176503,0.5,1.0,1.0,1.5,-0.033144753,0.2752457
0.44905525,0.55383915,0.5,1.0,1.0,1.5,0.026936138,0.73228127
0.3007302,0.5582878,0.5,1.0,1.0,1.5,0.029849717,0.7007916
0.8222841,0.24453779,0.5,1.0,1.0,1.5,-0.033136673,0.19446754
0.75375825,0.23781788,0.5,1.0,1.0,1.5,-0.027237369,0.18435785
0.16146469,0.63808036,0.5,1.0,1.0,1.5,0.033536892,0.7302428
0.39069903,0.8407607,0.5,1.0,1.0,1.5,0.011966229,0.8990575
0.21914767,0.51079696,0.5,1.0,1.0,1.5,0.027058188,0.631627
0.17505646,0.6341847,0.5,1.0,1.0,1.5,0.030319769,0.7376182
0.38284603,0.8321845,0.5,1.0,1.0,1.5,0.010291679,0.8579818
0.16641568,0.81328744,0.5,1.0,1.0,1.5,0.023048831,0.908809
0.17327644,0.561029,0.5,1.0,1.0,1.5,0.030897817,0.6947014
0.31122786,0.82732,0.5,1.0,1.0,1.5,0.01609004,0.87283707
0.8246986,0.18578349,0.5,1.0,1.0,1.5,-0.027559998,0.17393997
0.49889734,0.60044557,0.5,1.0,1.0,1.5,0.02692008,0.6562768
0.35171276,0.50342464,0.5,1.0,1.0,1.5,0.022509307,0.63736266
0.23190989,0.86249256,0.5,1.0,1.0,1.5,0.014617971,0.91898364
0.8660742,0.26852274,0.5,1.0,1.0,1.5,-0.039928004,0.23185223
0.12877378,0.73823076,0.5,1.0,1.0,1.5,0.028426843,0.7867199
0.13283369,0.47711277,0.5,1.0,1.0,1.5,0.034689266,0.6233453
0.790107,0.20194103,0.5,1.0,1.0,1.5,-0.027959414,0.16681546
0.77381945,0.21684659,0.5,1.0,1.0,1.5,-0.028825752,0.16749972
0.48163763,0.6366979,0.5,1.0,1.0,1.5,0.019406864,0.71720904
0.3891003,0.51954246,0.5,1.0,1.0,1.5,0.025428778,0.6764067
0.49071136,0.8254641,0.5,1.0,1.0,1.5,0.00552673,0.8990525
0.48539656,0.80583596,0.5,1.0,1.0,1.5,0.007914845,0.8170026
0.85632795,0.13489296,0.5,1.0,1.0,1.5,-0.022990152,0.14347094
0.13922077,0.8618079,0.5,1.0,1.0,1.5,0.017447606,0.9050516
0.48684728,0.6187483,0.5,1.0,1.0,1.5,0.020891992,0.7544317
0.36784855,0.5093365,0.5,1.0,1.0,1.5,0.02830745,0.70048964
0.36705813,0.5007033,0.5,1.0,1.0,1.5,0.02216558,0.6755533
0.49887535,0.61370707,0.5,1.0,1.0,1.5,0.01961494,0.7295419
0.48968315,0.7406585,0.5,1.0,1.0,1.5,0.011537531,0.8186796
0.49005,0.7578067,0.5,1.0,1.0,1.5,0.01050799,0.81967914
0.16982892,0.84405744,0.5,1.0,1.0,1.5,0.018334694,0.91237
0.16957588,0.5948414,0.5,1.0,1.0,1.5,0.028306784,0.7100504
0.34498283,0.83509505,0.5,1.0,1.0,1.5,0.012363126,0.9060478
0.83228415,0.15567212,0.5,1.0,1.0,1.5,-0.026129423,0.109651536
0.48803368,0.5993506,0.5,1.0,1.0,1.5,0.023396371,0.70435107
0.34802604,0.5142927,0.5,1.0,1.0,1.5,0.025820492,0.6828888
0.22470742,0.52271235,0.5,1.0,1.0,1.5,0.027343756,0.6463567
0.4896545,0.7995003,0.5,1.0,1.0,1.5,0.008474153,0.8388729
0.47382295,0.8052566,0.5,1.0,1.0,1.5,0.010864751,0.8721078
0.490828,0.8386419,0.5,1.0,1.0,1.5,0.0100665875,0.8980062
0.44743645,0.5442071,0.5,1.0,1.0,1.5,0.024704387,0.6353468
0.29285505,0.5594458,0.5,1.0,1.0,1.5,0.025431257,0.6852437
0.832768,0.2460386,0.5,1.0,1.0,1.5,-0.03216645,0.24608654
0.18057851,0.62457687,0.5,1.0,1.0,1.5,0.03280425,0.7238778
0.37553567,0.8196867,0.5,1.0,1.0,1.5,0.012308041,0.87058717
0.17398854,0.80968344,0.5,1.0,1.0,1.5,0.025711901,0.8824815
0.18579492,0.5528973,0.5,1.0,1.0,1.5,0.034897976,0.6823133
0.16946584,0.82150316,0.5,1.0,1.0,1.5,0.02158429,0.8633675
0.17431709,0.57213986,0.5,1.0,1.0,1.5,0.03647318,0.7048931
0.3216638,0.8367623,0.5,1.0,1.0,1.5,0.009992834,0.86250246
0.307619,0.8176636,0.5,1.0,1.0,1.5,0.014124992,0.85104835
0.822688,0.20296095,0.5,1.0,1.0,1.5,-0.030940551,0.18769595
0.8352243,0.1733726,0.5,1.0,1.0,1.5,-0.02440817,0.17750657
0.236217,0.8708655,0.5,1.0,1.0,1.5,0.010543002,0.85149014
0.86815244,0.26019883,0.5,1.0,1.0,1.5,-0.03383019,0.24005648
0.13053207,0.48330608,0.5,1.0,1.0,1.5,0.034667447,0.65829027
0.7896692,0.21590476,0.5,1.0,1.0,1.5,-0.029766291,0.18865767
0.78418446,0.19458897,0.5,1.0,1.0,1.5,-0.031256385,0.18027186
0.84640557,0.12962374,0.5,1.0,1.0,1.5,-0.024148492,0.11566946
0.15763125,0.8686718,0.5,1.0,1.0,1.5,0.021331733,0.92490077
0.1737061,0.8306891,0.5,1.0,1.0,1.5,0.011895547,0.84383386
0.1761395,0.5837944,0.5,1.0,1.0,1.5,0.031186266,0.704136
0.33827287,0.8330408,0.5,1.0,1.0,1.5,0.013238819,0.9150549
0.8241407,0.16012105,0.5,1.0,1.0,1.5,-0.020656811,0.09880015
0.8076563,0.2632915,0.5,1.0,1.0,1.5,-0.03184343,0.23326132
0.48526138,0.76475525,0.5,1.0,1.0,1.5,0.009752395,0.842881
0.15664019,0.6469242,0.5,1.0,1.0,1.5,0.033140045,0.73786557
0.39538372,0.8363239,0.5,1.0,1.0,1.5,0.0056848833,0.9206821
0.3867501,0.52948576,0.5,1.0,1.0,1.5,0.03065565,0.73772943
0.47551206,0.63599753,0.5,1.0,1.0,1.5,0.024627779,0.7290067
0.8769298,0.26196906,0.5,1.0,1.0,1.5,-0.04230195,0.27271083
0.23991646,0.878945,0.5,1.0,1.0,1.5,0.011323538,0.88579345
0.11711547,0.73782104,0.5,1.0,1.0,1.5,0.03150282,0.8395015
0.12192503,0.48987517,0.5,1.0,1.0,1.5,0.033572253,0.6027367
0.47655997,0.7586857,0.5,1.0,1.0,1.5,0.0125205675,0.8542965
0.7835448,0.22377092,0.5,1.0,1.0,1.5,-0.030429356,0.17826724
0.7966157,0.22202449,0.5,1.0,1.0,1.5,-0.028792683,0.1698724
0.779244,0.18689266,0.5,1.0,1.0,1.5,-0.02388104,0.17933843
0.23189493,0.53241545,0.5,1.0,1.0,1.5,0.028410537,0.6486601
0.46767652,0.8125211,0.5,1.0,1.0,1.5,0.0047062514,0.84492826
0.5022519,0.8426335,0.5,1.0,1.0,1.5,0.004531064,0.89559615
0.45499197,0.5353174,0.5,1.0,1.0,1.5,0.027911697,0.68725514
0.43934688,0.55330056,0.5,1.0,1.0,1.5,0.026567284,0.6970963
0.28328285,0.5500195,0.5,1.0,1.0,1.5,0.023951145,0.66519636
0.82163286,0.23455329,0.5,1.0,1.0,1.5,-0.03125037,0.20049244
0.18834245,0.6313739,0.5,1.0,1.0,1.5,0.031636782,0.73912555
0.17783618,0.61483234,0.5,1.0,1.0,1.5,0.026918866,0.7167814
0.3679206,0.83117265,0.5,1.0,1.0,1.5,0.010507725,0.8534778
0.3837242,0.82114834,0.5,1.0,1.0,1.5,0.0117206285,0.86349046
0.17787027,0.8176546,0.5,1.0,1.0,1.5,0.023851903,0.88115585
0.18611665,0.57173735,0.5,1.0,1.0,1.5,0.027812203,0.67858756
0.1759992,0.79821414,0.5,1.0,1.0,1.5,0.025891075,0.8481673
0.17740104,0.5429533,0.5,1.0,1.0,1.5,0.030488295,0.68138874
0.2982075,0.8213489,0.5,1.0,1.0,1.5,0.016891941,0.85712636
0.3225591,0.82487816,0.5,1.0,1.0,1.5,0.01240939,0.90608996
0.82202077,0.17307647,0.5,1.0,1.0,1.5,-0.023198754,0.14361814
0.82755184,0.20825331,0.5,1.0,1.0,1.5,-0.03160161,0.1716674
0.838884,0.13265207,0.5,1.0,1.0,1.5,-0.018051408,0.09760186
0.16689397,0.8674426,0.5,1.0,1.0,1.5,0.014321171,0.9165772
0.17808875,0.8404788,0.5,1.0,1.0,1.5,0.018292489,0.93600917
0.1833406,0.59204024,0.5,1.0,1.0,1.5,0.03372944,0.7111708
0.34765658,0.82371235,0.5,1.0,1.0,1.5,0.012935124,0.8787166
0.82124704,0.15186544,0.5,1.0,1.0,1.5,-0.021964358,0.1535514
0.8016443,0.25461394,0.5,1.0,1.0,1.5,-0.03130369,0.19560206
0.16562396,0.651335,0.5,1.0,1.0,1.5,0.030598674,0.76961875
0.40558574,0.83324915,0.5,1.0,1.0,1.5,0.00976287,0.87156224
0.39529178,0.5324991,0.5,1.0,1.0,1.5,0.02949491,0.6849684
0.47227725,0.64051884,0.5,1.0,1.0,1.5,0.02174985,0.7960267
0.49415302,0.79093945,0.5,1.0,1.0,1.5,0.008602696,0.8472522
0.18613037,0.8359281,0.5,1.0,1.0,1.5,0.017234217,0.8930059
0.191661,0.5898968,0.5,1.0,1.0,1.5,0.028604653,0.70028603
0.8136292,0.15374875,0.5,1.0,1.0,1.5,-0.021946752,0.14397052
0.33965644,0.8120498,0.5,1.0,1.0,1.5,0.013167214,0.8380639
0.3264498,0.80871475,0.5,1.0,1.0,1.5,0.012575881,0.872701
0.8064149,0.17582688,0.5,1.0,1.0,1.5,-0.026262494,0.18150535
0.19010688,0.82206845,0.5,1.0,1.0,1.5,0.022619583,0.85545886
0.19697468,0.571171,0.5,1.0,1.0,1.5,0.031784408,0.7250913
0.8333828,0.21053205,0.5,1.0,1.0,1.5,-0.032890905,0.1734542
0.28923577,0.8252414,0.5,1.0,1.0,1.5,0.012780718,0.85054564
0.1795891,0.786902,0.5,1.0,1.0,1.5,0.021382775,0.8161541
0.17875382,0.5352606,0.5,1.0,1.0,1.5,0.035855595,0.6125512
0.8317492,0.13630761,0.5,1.0,1.0,1.5,-0.020811118,0.11738211
0.17456824,0.86180794,0.5,1.0,1.0,1.5,0.017388582,0.9210746
0.46864247,0.75201166,0.5,1.0,1.0,1.5,0.011517456,0.8132785
0.8034143,0.21471742,0.5,1.0,1.0,1.5,-0.03102969,0.19093484
0.77204126,0.17953259,0.5,1.0,1.0,1.5,-0.02217752,0.15998545
0.24200548,0.5237182,0.5,1.0,1.0,1.5,0.028119769,0.6526582
0.47337517,0.8190777,0.5,1.0,1.0,1.5,0.0053071165,0.8487638
0.46198264,0.8062238,0.5,1.0,1.0,1.5,0.0051514376,0.85593927
0.5100183,0.83996665,0.5,1.0,1.0,1.5,0.007705255,0.89881295
0.44635916,0.53451717,0.5,1.0,1.0,1.5,0.023893598,0.65711236
0.30818146,0.5568487,0.5,1.0,1.0,1.5,0.025716117,0.72507334
0.28443187,0.5607476,0.5,1.0,1.0,1.5,0.026292717,0.7227532
0.8135363,0.24346164,0.5,1.0,1.0,1.5,-0.028665412,0.23907003
0.17252472,0.8535089,0.5,1.0,1.0,1.5,0.022393392,0.8996087
0.17839888,0.5984301,0.5,1.0,1.0,1.5,0.032161906,0.68981385
0.3527577,0.82303184,0.5,1.0,1.0,1.5,0.012876189,0.8546946
0.82854956,0.14808643,0.5,1.0,1.0,1.5,-0.01874262,0.1220814
0.80546165,0.24382779,0.5,1.0,1.0,1.5,-0.03098433,0.18177584
0.16151704,0.66018325,0.5,1.0,1.0,1.5,0.030896386,0.754849
0.17851946,0.64677155,0.5,1.0,1.0,1.5,0.02651871,0.7774348
0.40167284,0.82189953,0.5,1.0,1.0,1.5,0.007890003,0.91652584
0.4129082,0.8353693,0.5,1.0,1.0,1.5,0.0098887,0.86495674
0.4063631,0.52673125,0.5,1.0,1.0,1.5,0.032180097,0.6882049
0.3849629,0.5388512,0.5,1.0,1.0,1.5,0.025571067,0.7051579
0.47455445,0.65015185,0.5,1.0,1.0,1.5,0.020743344,0.719262
0.46246156,0.640429,0.5,1.0,1.0,1.5,0.020148328,0.71215975
0.48574683,0.78676313,0.5,1.0,1.0,1.5,0.009526049,0.819761
0.48989674,0.7777695,0.5,1.0,1.0,1.5,0.011346911,0.8423716
0.7959489,0.24482322,0.5,1.0,1.0,1.5,-0.02882154,0.18951061
0.3667306,0.8185642,0.5,1.0,1.0,1.5,0.01615085,0.8507877
0.18693182,0.6123048,0.5,1.0,1.0,1.5,0.027411079,0.6996584
0.23980194,0.54169863,0.5,1.0,1.0,1.5,0.02832308,0.6922291
0.37649295,0.54654604,0.5,1.0,1.0,1.5,0.023275763,0.7199136
0.45331877,0.63591063,0.5,1.0,1.0,1.5,0.024247866,0.7445066
0.5136458,0.8488298,0.5,1.0,1.0,1.5,0.004591929,0.9069638
0.42025614,0.8348385,0.5,1.0,1.0,1.5,0.0072046733,0.92159605
0.15787661,0.66896313,0.5,1.0,1.0,1.5,0.027681628,0.67882127
0.27427152,0.552536,0.5,1.0,1.0,1.5,0.028760541,0.6607665
0.44753107,0.5234741,0.5,1.0,1.0,1.5,0.02916291,0.655092
0.35911462,0.82194185,0.5,1.0,1.0,1.5,0.009002988,0.88963115
0.1770706,0.6063538,0.5,1.0,1.0,1.5,0.033124015,0.70553935
0.19916493,0.580305,0.5,1.0,1.0,1.5,0.026281135,0.7372639
0.19411902,0.8312058,0.5,1.0,1.0,1.5,0.01583505,0.86255527
0.7997054,0.16735482,0.5,1.0,1.0,1.5,-0.021332324,0.14116547
0.3362761,0.80372375,0.5,1.0,1.0,1.5,0.009479509,0.8273288
0.2851488,0.5715345,0.5,1.0,1.0,1.5,0.027677512,0.73835605
0.31544262,0.5563765,0.5,1.0,1.0,1.5,0.026912078,0.6788087
0.43698123,0.5347713,0.5,1.0,1.0,1.5,0.024985975,0.6684437
0.44633028,0.56295484,0.5,1.0,1.0,1.5,0.022635264,0.6901628
0.36720446,0.8076312,0.5,1.0,1.0,1.5,0.01104897,0.8759737
0.19938484,0.6143591,0.5,1.0,1.0,1.5,0.030460306,0.68759876
0.1804727,0.8594756,0.5,1.0,1.0,1.5,0.020577949,0.8712318
0.8153039,0.13892739,0.5,1.0,1.0,1.5,-0.022653751,0.14910024
0.47360125,0.74432176,0.5,1.0,1.0,1.5,0.016037442,0.8294954
0.46271116,0.7581229,0.5,1.0,1.0,1.5,0.012659185,0.851859
0.8067076,0.22249763,0.5,1.0,1.0,1.5,-0.030900259,0.18146327
0.8040151,0.20378193,0.5,1.0,1.0,1.5,-0.03053208,0.182199
0.7592336,0.18201219,0.5,1.0,1.0,1.5,-0.023321416,0.20312253
0.7869885,0.23848195,0.5,1.0,1.0,1.5,-0.031288903,0.20056143
0.1828691,0.6387412,0.5,1.0,1.0,1.5,0.0239899,0.75698197
0.39146316,0.8244644,0.5,1.0,1.0,1.5,0.009466875,0.88846916
0.15171039,0.6558368,0.5,1.0,1.0,1.5,0.0274102,0.7794937
0.17481829,0.6551363,0.5,1.0,1.0,1.5,0.02841219,0.7361666
0.4022232,0.8422853,0.5,1.0,1.0,1.5,0.008819142,0.8879659
0.4071772,0.82490265,0.5,1.0,1.0,1.5,0.009336995,0.91249895
0.377206,0.5375079,0.5,1.0,1.0,1.5,0.025519729,0.7237175
0.46141264,0.63034564,0.5,1.0,1.0,1.5,0.023070307,0.74500626
0.46552166,0.7862753,0.5,1.0,1.0,1.5,0.0054437043,0.7842742
0.40368152,0.5360793,0.5,1.0,1.0,1.5,0.0259123,0.68599916
0.46210155,0.65308,0.5,1.0,1.0,1.5,0.01768866,0.7258383
0.47732005,0.7819456,0.5,1.0,1.0,1.5,0.010224506,0.8177713
0.20271234,0.562187,0.5,1.0,1.0,1.5,0.025869431,0.66097707
0.19829045,0.8177564,0.5,1.0,1.0,1.5,0.020734927,0.8579823
0.8041192,0.18771477,0.5,1.0,1.0,1.5,-0.03176827,0.14031538
0.31243208,0.8041138,0.5,1.0,1.0,1.5,0.013982259,0.8581854
0.46216595,0.8194493,0.5,1.0,1.0,1.5,0.006862168,0.90119195
0.19009945,0.8594748,0.5,1.0,1.0,1.5,0.016742602,0.913445
0.8093374,0.13573866,0.5,1.0,1.0,1.5,-0.018349294,0.08530459
0.18452428,0.8647889,0.5,1.0,1.0,1.5,0.013587641,0.93352115
0.8207044,0.13273375,0.5,1.0,1.0,1.5,-0.017773503,0.1300534
0.75841355,0.16928068,0.5,1.0,1.0,1.5,-0.023972876,0.10256168
0.46774298,0.8258519,0.5,1.0,1.0,1.5,0.0069727716,0.8498851
0.4252075,0.52847344,0.5,1.0,1.0,1.5,0.025571458,0.657343
0.24896257,0.5334804,0.5,1.0,1.0,1.5,0.032927282,0.68038416
0.3967873,0.5528827,0.5,1.0,1.0,1.5,0.02762241,0.6618866
0.44868505,0.64608616,0.5,1.0,1.0,1.5,0.022475535,0.75233895
0.44801524,0.8237489,0.5,1.0,1.0,1.5,0.012423417,0.80414295
0.47319835,0.6195291,0.5,1.0,1.0,1.5,0.021651674,0.7189135
0.36919194,0.5275058,0.5,1.0,1.0,1.5,0.025861189,0.6973711
0.5216023,0.8441426,0.5,1.0,1.0,1.5,0.004272138,0.88962865
0.42759606,0.83287495,0.5,1.0,1.0,1.5,0.0051582716,0.9150387
0.16860668,0.67268324,0.5,1.0,1.0,1.5,0.028214928,0.7189833
0.20126836,0.5898825,0.5,1.0,1.0,1.5,0.03353838,0.6753322
0.19843966,0.84014505,0.5,1.0,1.0,1.5,0.018008642,0.8715904
0.79699606,0.15965544,0.5,1.0,1.0,1.5,-0.021334114,0.14018106
0.34854606,0.7996864,0.5,1.0,1.0,1.5,0.01065881,0.8632851
0.29302546,0.58243024,0.5,1.0,1.0,1.5,0.030960519,0.68791455
0.32564253,0.54049164,0.5,1.0,1.0,1.5,0.029512268,0.71421707
0.42958805,0.54624486,0.5,1.0,1.0,1.5,0.028207673,0.6581068
0.4606416,0.57573175,0.5,1.0,1.0,1.5,0.023910813,0.68649703
0.37400597,0.7989113,0.5,1.0,1.0,1.5,0.012983543,0.9045447
0.19580686,0.625773,0.5,1.0,1.0,1.5,0.02939706,0.7548647
0.46454984,0.7395355,0.5,1.0,1.0,1.5,0.010817256,0.8391348
0.4700863,0.76732016,0.5,1.0,1.0,1.5,0.007960254,0.8443929
0.46776184,0.7990024,0.5,1.0,1.0,1.5,0.0068301815,0.886025
0.18704572,0.65030336,0.5,1.0,1.0,1.5,0.031585656,0.75557995
0.40589792,0.81807715,0.5,1.0,1.0,1.5,0.0077152085,0.8787734
0.41384304,0.5300048,0.5,1.0,1.0,1.5,0.027961181,0.6308151
0.47057962,0.6548768,0.5,1.0,1.0,1.5,0.021078575,0.73091084
0.4043307,0.8562252,0.5,1.0,1.0,1.5,0.003911278,0.93530846
0.14234544,0.6507026,0.5,1.0,1.0,1.5,0.02851383,0.69660336
0.20207788,0.82669634,0.5,1.0,1.0,1.5,0.019650092,0.947763
0.20791784,0.56906885,0.5,1.0,1.0,1.5,0.025730144,0.7053635
0.19549206,0.5533574,0.5,1.0,1.0,1.5,0.031675488,0.6598772
0.1943293,0.8083904,0.5,1.0,1.0,1.5,0.019004688,0.85506034
0.8094128,0.19543079,0.5,1.0,1.0,1.5,-0.02607494,0.17096353
0.79577947,0.18071617,0.5,1.0,1.0,1.5,-0.027622854,0.15771332
0.3217941,0.7996304,0.5,1.0,1.0,1.5,0.014548735,0.8324642
0.30326217,0.8082841,0.5,1.0,1.0,1.5,0.01679313,0.8646708
0.26466122,0.55529726,0.5,1.0,1.0,1.5,0.026628904,0.6885286
0.25882474,0.52552605,0.5,1.0,1.0,1.5,0.028744576,0.6794869
0.4676235,0.67309725,0.5,1.0,1.0,1.5,0.018364433,0.7690608
0.19639403,0.8540416,0.5,1.0,1.0,1.5,0.018801067,0.90118504
0.8076579,0.14435469,0.5,1.0,1.0,1.5,-0.020543598,0.12443116
0.46779197,0.73032546,0.5,1.0,1.0,1.5,0.016778443,0.8027672
0.45642775,0.73676354,0.5,1.0,1.0,1.5,0.0121543845,0.812323
0.7498253,0.1780029,0.5,1.0,1.0,1.5,-0.023135113,0.1665003
0.4009333,0.5453607,0.5,1.0,1.0,1.5,0.027088473,0.70352787
0.38793227,0.5571355,0.5,1.0,1.0,1.5,0.02543755,0.70867366
0.44603646,0.63742495,0.5,1.0,1.0,1.5,0.024008429,0.7242198
0.45209366,0.65509415,0.5,1.0,1.0,1.5,0.02349276,0.74641496
0.19602269,0.65296817,0.5,1.0,1.0,1.5,0.028924448,0.75545514
0.40195718,0.8087726,0.5,1.0,1.0,1.5,-0.00023697386,0.8645841
0.44649073,0.81578475,0.5,1.0,1.0,1.5,0.008597521,0.8837607
0.41759136,0.8150588,0.5,1.0,1.0,1.5,0.006778606,0.8706778
0.4300191,0.84288716,0.5,1.0,1.0,1.5,0.008713521,0.8777366
0.1549475,0.6772872,0.5,1.0,1.0,1.5,0.03006048,0.77521753
0.18137325,0.66670585,0.5,1.0,1.0,1.5,0.023014832,0.8174421
0.285096,0.58204556,0.5,1.0,1.0,1.5,0.02203017,0.6989684
0.3027973,0.5713062,0.5,1.0,1.0,1.5,0.026410684,0.72980285
0.31759185,0.5381468,0.5,1.0,1.0,1.5,0.024426222,0.7119031
0.43097043,0.55404335,0.5,1.0,1.0,1.5,0.024735719,0.7064027
0.46354544,0.56775874,0.5,1.0,1.0,1.5,0.025516957,0.6779685
0.36435387,0.7972749,0.5,1.0,1.0,1.5,0.012747347,0.8633863
0.38625562,0.80862075,0.5,1.0,1.0,1.5,0.010606046,0.8923419
0.2072808,0.6097477,0.5,1.0,1.0,1.5,0.03185541,0.69212216
0.19453964,0.6366281,0.5,1.0,1.0,1.5,0.027690904,0.7055066
0.78905046,0.16156887,0.5,1.0,1.0,1.5,-0.02179269,0.16132706
0.3408268,0.78971,0.5,1.0,1.0,1.5,0.01614432,0.7899998
0.21157768,0.5894769,0.5,1.0,1.0,1.5,0.031210018,0.70675373
0.21021815,0.843773,0.5,1.0,1.0,1.5,0.014911734,0.87095153
0.3078153,0.79490376,0.5,1.0,1.0,1.5,0.01740598,0.8836274
0.2030121,0.80502546,0.5,1.0,1.0,1.5,0.022788439,0.8344207
0.20502996,0.555423,0.5,1.0,1.0,1.5,0.02883245,0.65797925
0.46718967,0.8391432,0.5,1.0,1.0,1.5,0.0059561105,0.8729793
0.41955253,0.53256685,0.5,1.0,1.0,1.5,0.026513536,0.67184055
0.4692829,0.5785968,0.5,1.0,1.0,1.5,0.026456693,0.6897598
0.32814133,0.53168243,0.5,1.0,1.0,1.5,0.02987003,0.66519845
0.7451529,0.18446164,0.5,1.0,1.0,1.5,-0.02355172,0.20460826
0.2987667,0.7989912,0.5,1.0,1.0,1.5,0.01605178,0.86653465
0.19649793,0.5427833,0.5,1.0,1.0,1.5,0.025531428,0.6062106
0.19998962,0.7961781,0.5,1.0,1.0,1.5,0.021171067,0.8719788
0.3034142,0.7856981,0.5,1.0,1.0,1.5,0.016972862,0.84903073
0.21211001,0.80149734,0.5,1.0,1.0,1.5,0.016229391,0.80101717
0.21583578,0.55050033,0.5,1.0,1.0,1.5,0.030732285,0.6594678
0.19080867,0.8453264,0.5,1.0,1.0,1.5,0.020630114,0.9194838
0.8057717,0.1523905,0.5,1.0,1.0,1.5,-0.022689788,0.07042393
0.44979745,0.7547881,0.5,1.0,1.0,1.5,0.013329927,0.8107829
0.19794023,0.64593375,0.5,1.0,1.0,1.5,0.026734319,0.7090189
0.3940988,0.801195,0.5,1.0,1.0,1.5,0.0083003435,0.8487848
0.45082057,0.80471885,0.5,1.0,1.0,1.5,0.006031044,0.8736283
0.43939033,0.81848925,0.5,1.0,1.0,1.5,0.0048202313,0.9132295
0.38186026,0.79737365,0.5,1.0,1.0,1.5,0.011863006,0.8428185
0.3602213,0.80746967,0.5,1.0,1.0,1.5,0.0106898025,0.91373134
0.19475515,0.60779405,0.5,1.0,1.0,1.5,0.030302966,0.7168002
0.1991076,0.6405489,0.5,1.0,1.0,1.5,0.030132713,0.73088354
0.78251505,0.17413634,0.5,1.0,1.0,1.5,-0.02291918,0.15715498
0.3348931,0.78106874,0.5,1.0,1.0,1.5,0.0110423155,0.8415591
0.21989627,0.578806,0.5,1.0,1.0,1.5,0.030537687,0.6970619
0.21363929,0.83083075,0.5,1.0,1.0,1.5,0.012837317,0.9107591
0.46072388,0.8455724,0.5,1.0,1.0,1.5,0.006515507,0.86366355
0.43724388,0.6378202,0.5,1.0,1.0,1.5,0.025568388,0.738626
0.38652316,0.5661885,0.5,1.0,1.0,1.5,0.024726128,0.6587156
0.4664023,0.7202333,0.5,1.0,1.0,1.5,0.015367043,0.8249785
0.17920761,0.6758225,0.5,1.0,1.0,1.5,0.02344238,0.7522314
0.4258004,0.8230418,0.5,1.0,1.0,1.5,0.010947069,0.8294179
0.43759522,0.8394107,0.5,1.0,1.0,1.5,0.00018187519,0.97451395
0.42050382,0.54862165,0.5,1.0,1.0,1.5,0.024555061,0.6645539
0.40234062,0.5588047,0.5,1.0,1.0,1.5,0.0261467,0.7060284
0.4426063,0.65631413,0.5,1.0,1.0,1.5,0.020836895,0.7210589
0.42313558,0.5573694,0.5,1.0,1.0,1.5,0.027300533,0.68690145
0.3105313,0.57930624,0.5,1.0,1.0,1.5,0.027339442,0.7280808
0.30017015,0.58378613,0.5,1.0,1.0,1.5,0.025955785,0.7145253
0.20495269,0.63870734,0.5,1.0,1.0,1.5,0.03442958,0.78582376
0.3834144,0.78543574,0.5,1.0,1.0,1.5,0.013921259,0.8248575
0.47229147,0.5704757,0.5,1.0,1.0,1.5,0.02614746,0.6817598
0.320031,0.5288991,0.5,1.0,1.0,1.5,0.03250756,0.66923964
0.1926487,0.59722066,0.5,1.0,1.0,1.5,0.028577726,0.6854863
0.3476633,0.8093176,0.5,1.0,1.0,1.5,0.012476241,0.8732053
0.31255615,0.78175145,0.5,1.0,1.0,1.5,0.016500067,0.82429767
0.22140269,0.5552277,0.5,1.0,1.0,1.5,0.028522868,0.6519696
0.21559638,0.8097351,0.5,1.0,1.0,1.5,0.01647028,0.84133816
0.45494524,0.7625977,0.5,1.0,1.0,1.5,0.01187995,0.8244225
0.44583902,0.747016,0.5,1.0,1.0,1.5,0.015381178,0.85467637
0.45132437,0.8312369,0.5,1.0,1.0,1.5,0.004836843,0.92768383
0.43571785,0.8014812,0.5,1.0,1.0,1.5,0.008645681,0.87584734
0.779542,0.16419575,0.5,1.0,1.0,1.5,-0.022756886,0.12874413
0.786445,0.18249361,0.5,1.0,1.0,1.5,-0.025681503,0.14617756
0.3427141,0.7759848,0.5,1.0,1.0,1.5,0.015505489,0.8391093
0.32626274,0.7860089,0.5,1.0,1.0,1.5,0.017762119,0.82392
0.21644978,0.5712103,0.5,1.0,1.0,1.5,0.024390874,0.69671255
0.21023032,0.82241786,0.5,1.0,1.0,1.5,0.014824203,0.8471936
0.22119096,0.58878154,0.5,1.0,1.0,1.5,0.029147714,0.67442685
0.21718208,0.8389803,0.5,1.0,1.0,1.5,0.017416216,0.868299
0.45571342,0.8383535,0.5,1.0,1.0,1.5,0.0084483065,0.92458177
0.47293836,0.8462291,0.5,1.0,1.0,1.5,0.0016223354,0.8819967
0.19098753,0.66859055,0.5,1.0,1.0,1.5,0.026517877,0.7424452
0.4239869,0.81346035,0.5,1.0,1.0,1.5,0.009995678,0.8925359
0.42991906,0.64872956,0.5,1.0,1.0,1.5,0.020798529,0.7558215
0.39793834,0.57227725,0.5,1.0,1.0,1.5,0.02678087,0.7091395
0.17770852,0.6865964,0.5,1.0,1.0,1.5,0.033177525,0.7678252
0.4566491,0.7199783,0.5,1.0,1.0,1.5,0.01731212,0.8319813
0.16965093,0.69383484,0.5,1.0,1.0,1.5,0.029954163,0.77088886
0.410124,0.55087686,0.5,1.0,1.0,1.5,0.027475853,0.6002287
0.44515967,0.6652634,0.5,1.0,1.0,1.5,0.02041079,0.7888732
0.40668106,0.567536,0.5,1.0,1.0,1.5,0.025788901,0.6895369
0.43342248,0.6576875,0.5,1.0,1.0,1.5,0.022539558,0.77234745
0.44194344,0.7993855,0.5,1.0,1.0,1.5,0.008221077,0.8652659
0.4291041,0.8031332,0.5,1.0,1.0,1.5,0.0063382545,0.8340292
0.2897023,0.59906507,0.5,1.0,1.0,1.5,0.02656931,0.6966559
0.30872932,0.7730106,0.5,1.0,1.0,1.5,0.016246404,0.838319
0.22664933,0.5501762,0.5,1.0,1.0,1.5,0.028369922,0.6678452
0.2210413,0.7970339,0.5,1.0,1.0,1.5,0.016668554,0.84431255
0.4789811,0.8394607,0.5,1.0,1.0,1.5,0.0018543283,0.8736074
0.45360634,0.85182095,0.5,1.0,1.0,1.5,0.00545389,0.8815772
0.42680073,0.6390991,0.5,1.0,1.0,1.5,0.016900938,0.7494942
0.4476644,0.7288992,0.5,1.0,1.0,1.5,0.015780529,0.8217933
0.46595946,0.71124065,0.5,1.0,1.0,1.5,0.019894322,0.8082956
0.15895262,0.6932477,0.5,1.0,1.0,1.5,0.031189831,0.77077603
0.4468323,0.6742362,0.5,1.0,1.0,1.5,0.018720694,0.77956605
0.3159602,0.5735829,0.5,1.0,1.0,1.5,0.02890716,0.67986196
0.42772678,0.5645028,0.5,1.0,1.0,1.5,0.026033737,0.6990257
0.42225906,0.8042056,0.5,1.0,1.0,1.5,0.011142989,0.8861116
0.19688968,0.67669517,0.5,1.0,1.0,1.5,0.028440993,0.7664265
0.4414597,0.758575,0.5,1.0,1.0,1.5,0.012193827,0.82347405
0.21609534,0.62427145,0.5,1.0,1.0,1.5,0.027820598,0.7292037
0.37811947,0.77915055,0.5,1.0,1.0,1.5,0.012885315,0.7876082
0.22674169,0.5720771,0.5,1.0,1.0,1.5,0.026109112,0.69967026
0.22399695,0.8347888,0.5,1.0,1.0,1.5,0.017997995,0.8720205
0.33002993,0.7728986,0.5,1.0,1.0,1.5,0.014124821,0.8280051
0.46745026,0.7026428,0.5,1.0,1.0,1.5,0.01666786,0.81432545
0.22110718,0.56607914,0.5,1.0,1.0,1.5,0.03316386,0.6828278
0.22841036,0.81424236,0.5,1.0,1.0,1.5,0.019561706,0.8746341
0.32157126,0.77751464,0.5,1.0,1.0,1.5,0.013132902,0.83376646
0.42136127,0.7947889,0.5,1.0,1.0,1.5,0.0063856123,0.86450654
0.23293722,0.56665456,0.5,1.0,1.0,1.5,0.027671402,0.66930556
0.23215342,0.8240533,0.5,1.0,1.0,1.5,0.015128915,0.87920415
0.32600564,0.7650857,0.5,1.0,1.0,1.5,0.02160048,0.8482778
0.44677237,0.7671208,0.5,1.0,1.0,1.5,0.007686278,0.78464055
0.4316746,0.7622734,0.5,1.0,1.0,1.5,0.008354237,0.8352634
0.29995307,0.596659,0.5,1.0,1.0,1.5,0.024551162,0.7419781
0.2845236,0.591616,0.5,1.0,1.0,1.5,0.030416984,0.71676415
0.29962224,0.77635425,0.5,1.0,1.0,1.5,0.019537278,0.83815926
0.22127725,0.54215056,0.5,1.0,1.0,1.5,0.024297323,0.6587165
0.21724072,0.78895384,0.5,1.0,1.0,1.5,0.020387648,0.84105736
0.44936758,0.7368281,0.5,1.0,1.0,1.5,0.018119624,0.79930997
0.44622037,0.72005343,0.5,1.0,1.0,1.5,0.021873496,0.8028233
0.47562724,0.71888894,0.5,1.0,1.0,1.5,0.016610844,0.80169445
0.45669338,0.6738492,0.5,1.0,1.0,1.5,0.020551365,0.7708471
0.32318056,0.5806083,0.5,1.0,1.0,1.5,0.022343753,0.6558882
0.42099732,0.5722839,0.5,1.0,1.0,1.5,0.024930704,0.65931195
0.41559947,0.7976663,0.5,1.0,1.0,1.5,0.0121984435,0.8211233
0.19356938,0.6606983,0.5,1.0,1.0,1.5,0.027438065,0.7606829
0.22377883,0.63677406,0.5,1.0,1.0,1.5,0.02803147,0.7431422
0.2143274,0.6063253,0.5,1.0,1.0,1.5,0.024730718,0.7032452
0.3831996,0.77415574,0.5,1.0,1.0,1.5,0.010444521,0.80738133
0.36780602,0.7894047,0.5,1.0,1.0,1.5,0.013791943,0.8908543
0.4854387,0.84624463,0.5,1.0,1.0,1.5,0.0037975379,0.8801346
0.44026008,0.7916773,0.5,1.0,1.0,1.5,0.0060856864,0.8591306
0.4104171,0.57717645,0.5,1.0,1.0,1.5,0.026751509,0.6776078
0.42488915,0.6600157,0.5,1.0,1.0,1.5,0.022896739,0.76278895
0.21435033,0.5295757,0.5,1.0,1.0,1.5,0.029439732,0.64076895
0.21004117,0.78453517,0.5,1.0,1.0,1.5,0.02749957,0.84887487
0.29017773,0.779551,0.5,1.0,1.0,1.5,0.012526107,0.8109721
0.45685914,0.70181763,0.5,1.0,1.0,1.5,0.0153575875,0.7839066
0.2380042,0.8430716,0.5,1.0,1.0,1.5,0.015154731,0.87880456
0.23610778,0.5831403,0.5,1.0,1.0,1.5,0.02692241,0.7106916
0.33391008,0.76045763,0.5,1.0,1.0,1.5,0.017448206,0.818923
0.42929846,0.75041103,0.5,1.0,1.0,1.5,0.015025226,0.8068962
0.30885977,0.5936361,0.5,1.0,1.0,1.5,0.02684942,0.7582358
0.2841332,0.60003865,0.5,1.0,1.0,1.5,0.029016392,0.68910563
0.438125,0.7309747,0.5,1.0,1.0,1.5,0.014412544,0.79510707
0.4474611,0.6830947,0.5,1.0,1.0,1.5,0.024008479,0.78708816
0.3209223,0.59518963,0.5,1.0,1.0,1.5,0.023141263,0.72338545
0.3273526,0.57018596,0.5,1.0,1.0,1.5,0.02886766,0.7504697
0.43130106,0.5760317,0.5,1.0,1.0,1.5,0.022413077,0.6836424
0.2003759,0.67075485,0.5,1.0,1.0,1.5,0.032578684,0.7490089
0.48417684,0.7158569,0.5,1.0,1.0,1.5,0.014329392,0.7905457
0.41226658,0.6564447,0.5,1.0,1.0,1.5,0.02206453,0.7469736
0.4933626,0.8521616,0.5,1.0,1.0,1.5,0.0059816167,0.9142231
0.43264738,0.7873772,0.5,1.0,1.0,1.5,0.01142039,0.8522384
0.42830703,0.6672083,0.5,1.0,1.0,1.5,0.021480156,0.7655765
0.22248884,0.61120695,0.5,1.0,1.0,1.5,0.025359554,0.56828517
0.36721197,0.7779354,0.5,1.0,1.0,1.5,0.01353971,0.8087983
0.44580075,0.7811429,0.5,1.0,1.0,1.5,0.0075250375,0.8299688
0.4247936,0.7874875,0.5,1.0,1.0,1.5,0.010154762,0.8776267
0.4471257,0.6920703,0.5,1.0,1.0,1.5,0.018463617,0.8014215
0.21008675,0.6758741,0.5,1.0,1.0,1.5,0.027041469,0.7568526
0.48726016,0.72480154,0.5,1.0,1.0,1.5,0.015774079,0.8018522
0.3363038,0.5727814,0.5,1.0,1.0,1.5,0.026786966,0.7095171
0.36123177,0.7840005,0.5,1.0,1.0,1.5,0.01562134,0.8292042
0.23440011,0.61218166,0.5,1.0,1.0,1.5,0.032104127,0.7291894
0.36218357,0.771641,0.5,1.0,1.0,1.5,0.018000163,0.8083055
0.43511853,0.56837684,0.5,1.0,1.0,1.5,0.022047816,0.74570096
0.27718776,0.5921313,0.5,1.0,1.0,1.5,0.02774884,0.67042434
0.42894688,0.58602434,0.5,1.0,1.0,1.5,0.024394935,0.7556482
0.27806646,0.61041456,0.5,1.0,1.0,1.5,0.027553309,0.72055423
0.42556253,0.7248352,0.5,1.0,1.0,1.5,0.017061798,0.8002021
0.20369665,0.7805907,0.5,1.0,1.0,1.5,0.027337926,0.8359083
0.20646313,0.5261387,0.5,1.0,1.0,1.5,0.02941485,0.6812134
0.28535348,0.793437,0.5,1.0,1.0,1.5,0.013984348,0.85872614
0.44535202,0.7106818,0.5,1.0,1.0,1.5,0.017763192,0.8155259
0.46837363,0.6931638,0.5,1.0,1.0,1.5,0.017723763,0.7533624
0.24672745,0.8259135,0.5,1.0,1.0,1.5,0.014549902,0.90045345
0.23867062,0.5722229,0.5,1.0,1.0,1.5,0.02890968,0.7066313
0.22893757,0.58665365,0.5,1.0,1.0,1.5,0.029143877,0.7108102
0.34540015,0.7638842,0.5,1.0,1.0,1.5,0.014026673,0.8336954
0.3295757,0.75213677,0.5,1.0,1.0,1.5,0.018103179,0.8587109
0.4215626,0.76199913,0.5,1.0,1.0,1.5,0.014130054,0.86601496
0.43483087,0.7431913,0.5,1.0,1.0,1.5,0.012935319,0.8553368
0.43807566,0.6827161,0.5,1.0,1.0,1.5,0.017179575,0.80235696
0.32691076,0.5889546,0.5,1.0,1.0,1.5,0.02780031,0.7366124
0.32046095,0.56642634,0.5,1.0,1.0,1.5,0.027871558,0.7032722
0.20021272,0.68220025,0.5,1.0,1.0,1.5,0.033343818,0.75390226
0.40595132,0.6499898,0.5,1.0,1.0,1.5,0.021308674,0.75902534
0.49575904,0.844341,0.5,1.0,1.0,1.5,0.007033391,0.8930391
0.48852864,0.86286855,0.5,1.0,1.0,1.5,0.0002811798,0.919379
0.42867628,0.7822241,0.5,1.0,1.0,1.5,0.010393771,0.8136705
0.22373042,0.66684455,0.5,1.0,1.0,1.5,0.025270397,0.7443593
0.20373574,0.68980265,0.5,1.0,1.0,1.5,0.025186207,0.7457618
0.42936632,0.68189704,0.5,1.0,1.0,1.5,0.022111366,0.7836837
0.49793202,0.7232209,0.5,1.0,1.0,1.5,0.016286086,0.810313
0.34364697,0.58024764,0.5,1.0,1.0,1.5,0.018760677,0.70017266
0.23413393,0.62130505,0.5,1.0,1.0,1.5,0.02822905,0.7428257
0.37491655,0.75796294,0.5,1.0,1.0,1.5,0.01803316,0.8351369
0.42090797,0.5937541,0.5,1.0,1.0,1.5,0.0290037,0.68594754
0.2963204,0.6131195,0.5,1.0,1.0,1.5,0.026579011,0.74861884
0.4279264,0.7351102,0.5,1.0,1.0,1.5,0.014653564,0.80789864
0.19982424,0.78758013,0.5,1.0,1.0,1.5,0.020692334,0.83768666
0.20226033,0.5340344,0.5,1.0,1.0,1.5,0.028189255,0.6518377
0.28985435,0.8030406,0.5,1.0,1.0,1.5,0.014292028,0.8612801
0.24183878,0.8178209,0.5,1.0,1.0,1.5,0.017086346,0.88159
0.23904152,0.5605691,0.5,1.0,1.0,1.5,0.029473195,0.70015883
0.23844929,0.5959027,0.5,1.0,1.0,1.5,0.02026628,0.69789845
0.3225475,0.758049,0.5,1.0,1.0,1.5,0.017225843,0.7987387
0.34259307,0.7565717,0.5,1.0,1.0,1.5,0.016015407,0.79195845
0.4252588,0.7704353,0.5,1.0,1.0,1.5,0.011058858,0.8768908
0.42428088,0.74281275,0.5,1.0,1.0,1.5,0.013716884,0.8200233
0.41392118,0.6414976,0.5,1.0,1.0,1.5,0.019808099,0.7286722
0.40018368,0.6568514,0.5,1.0,1.0,1.5,0.02119256,0.79611564
0.4997514,0.86577994,0.5,1.0,1.0,1.5,0.0012128414,0.8945357
0.32248712,0.5582865,0.5,1.0,1.0,1.5,0.029991876,0.66155744
0.42046863,0.78397524,0.5,1.0,1.0,1.5,0.013072964,0.83248
0.44331965,0.5709316,0.5,1.0,1.0,1.5,0.026775857,0.6902132
0.26206058,0.59440976,0.5,1.0,1.0,1.5,0.025392283,0.751223
0.46853682,0.6829799,0.5,1.0,1.0,1.5,0.019729415,0.78441274
0.42952666,0.6746483,0.5,1.0,1.0,1.5,0.019590044,0.75787324
0.19709222,0.7755724,0.5,1.0,1.0,1.5,0.021057097,0.80023164
0.19917928,0.5213941,0.5,1.0,1.0,1.5,0.030661192,0.5987703
0.27662912,0.79779184,0.5,1.0,1.0,1.5,0.014065254,0.86806214
0.40774545,0.7758675,0.5,1.0,1.0,1.5,0.014411945,0.83074105
0.35178187,0.7609458,0.5,1.0,1.0,1.5,0.014083203,0.827453
0.23229656,0.59271795,0.5,1.0,1.0,1.5,0.028745728,0.75748
0.41974795,0.6869258,0.5,1.0,1.0,1.5,0.020320661,0.78534967
0.34805906,0.746056,0.5,1.0,1.0,1.5,0.016918551,0.81815124
0.25413486,0.5955249,0.5,1.0,1.0,1.5,0.02536168,0.7255164
0.3143963,0.7613123,0.5,1.0,1.0,1.5,0.016779263,0.86377966
0.23759648,0.80928725,0.5,1.0,1.0,1.5,0.015360652,0.8755572
0.23265791,0.555593,0.5,1.0,1.0,1.5,0.029625744,0.714259
0.41577336,0.74341244,0.5,1.0,1.0,1.5,0.012993093,0.7960943
0.2220997,0.6757864,0.5,1.0,1.0,1.5,0.024361657,0.7488917
0.21566068,0.65562916,0.5,1.0,1.0,1.5,0.026907075,0.74832165
0.3322047,0.59524375,0.5,1.0,1.0,1.5,0.024511147,0.7491298
0.34963122,0.5730116,0.5,1.0,1.0,1.5,0.025423514,0.7308686
0.24446914,0.6130387,0.5,1.0,1.0,1.5,0.025262732,0.6979836
0.23163427,0.6392172,0.5,1.0,1.0,1.5,0.024744403,0.72103745
0.3817374,0.762946,0.5,1.0,1.0,1.5,0.014339703,0.82866645
0.36200854,0.75917906,0.5,1.0,1.0,1.5,0.013357975,0.83305836
0.41416767,0.5865713,0.5,1.0,1.0,1.5,0.025061151,0.746801
0.42795634,0.6003484,0.5,1.0,1.0,1.5,0.02637104,0.680236
0.30479464,0.6089034,0.5,1.0,1.0,1.5,0.028864264,0.7160711
0.28770372,0.6168891,0.5,1.0,1.0,1.5,0.024654046,0.7290063
0.4058902,0.6613305,0.5,1.0,1.0,1.5,0.018981356,0.7567327
0.40180388,0.6373225,0.5,1.0,1.0,1.5,0.020674128,0.71452117
0.48976198,0.87493914,0.5,1.0,1.0,1.5,0.0041921036,0.91341627
0.33238038,0.5518349,0.5,1.0,1.0,1.5,0.029734826,0.7059682
0.44909313,0.5822701,0.5,1.0,1.0,1.5,0.025054988,0.73902017
0.25401253,0.60431445,0.5,1.0,1.0,1.5,0.027947083,0.69185287
0.41397536,0.6786717,0.5,1.0,1.0,1.5,0.022400156,0.7906332
0.4888007,0.73299354,0.5,1.0,1.0,1.5,0.015276855,0.80284214
0.41646162,0.7268913,0.5,1.0,1.0,1.5,0.018204112,0.76308644
0.20773406,0.69795316,0.5,1.0,1.0,1.5,0.026350558,0.7676237
0.4139104,0.7207215,0.5,1.0,1.0,1.5,0.020452093,0.8110459
0.40917698,0.72572124,0.5,1.0,1.0,1.5,0.013909425,0.8025059
0.40430015,0.6283112,0.5,1.0,1.0,1.5,0.022397455,0.72424513
0.3920158,0.63423836,0.5,1.0,1.0,1.5,0.022981213,0.7469568
0.18984345,0.7841854,0.5,1.0,1.0,1.5,0.024180144,0.8682236
0.1946316,0.52808744,0.5,1.0,1.0,1.5,0.028202537,0.7001803
0.28105697,0.8072471,0.5,1.0,1.0,1.5,0.015685022,0.88783
0.40395525,0.768058,0.5,1.0,1.0,1.5,0.009627323,0.8322898
0.41157633,0.78279215,0.5,1.0,1.0,1.5,0.00855376,0.85535383
0.33801085,0.7406897,0.5,1.0,1.0,1.5,0.015621898,0.80834544
0.2614396,0.58529353,0.5,1.0,1.0,1.5,0.030094394,0.7129699
0.20563446,0.6545035,0.5,1.0,1.0,1.5,0.027132194,0.7617127
0.34391576,0.5662379,0.5,1.0,1.0,1.5,0.027424812,0.7116898
0.35034597,0.5869822,0.5,1.0,1.0,1.5,0.025448726,0.7392532
0.23586637,0.60335284,0.5,1.0,1.0,1.5,0.026737094,0.75031126
0.24260284,0.6313604,0.5,1.0,1.0,1.5,0.025475739,0.7379279
0.35672,0.76555675,0.5,1.0,1.0,1.5,0.013471667,0.85631657
0.38066286,0.75115967,0.5,1.0,1.0,1.5,0.011140644,0.7643523
0.48836985,0.88237154,0.5,1.0,1.0,1.5,-0.0026829299,0.93773973
0.4137755,0.6012061,0.5,1.0,1.0,1.5,0.024170209,0.7463578
0.43488982,0.5942421,0.5,1.0,1.0,1.5,0.021554478,0.67246693
0.33911097,0.5588993,0.5,1.0,1.0,1.5,0.027574806,0.6792032
0.45193222,0.57358176,0.5,1.0,1.0,1.5,0.02139223,0.642681
0.4421331,0.5892021,0.5,1.0,1.0,1.5,0.026358752,0.73463774
0.262109,0.6128598,0.5,1.0,1.0,1.5,0.026497751,0.7695382
0.19792427,0.70194554,0.5,1.0,1.0,1.5,0.025176281,0.76623565
0.21778867,0.6938469,0.5,1.0,1.0,1.5,0.024211444,0.796996
0.2320612,0.67767364,0.5,1.0,1.0,1.5,0.025661008,0.80446124
0.25350434,0.61321104,0.5,1.0,1.0,1.5,0.025618501,0.70443225
0.36132362,0.57200295,0.5,1.0,1.0,1.5,0.024887389,0.67640257
0.4044767,0.6815058,0.5,1.0,1.0,1.5,0.020346293,0.7870817
0.29810098,0.62327504,0.5,1.0,1.0,1.5,0.026407864,0.77323574
0.40869534,0.7551507,0.5,1.0,1.0,1.5,0.012417441,0.79765487
0.22593622,0.6573721,0.5,1.0,1.0,1.5,0.025881372,0.7735165
0.40077448,0.78076017,0.5,1.0,1.0,1.5,0.009276619,0.8077841
0.4057596,0.7878365,0.5,1.0,1.0,1.5,0.010183308,0.87084615
0.30654272,0.620445,0.5,1.0,1.0,1.5,0.021077413,0.7767747
0.39279017,0.76378965,0.5,1.0,1.0,1.5,0.013707401,0.87459695
0.2407751,0.6405881,0.5,1.0,1.0,1.5,0.026260598,0.73376447
0.2991792,0.633728,0.5,1.0,1.0,1.5,0.023212474,0.73576546
0.4063724,0.7333054,0.5,1.0,1.0,1.5,0.012540612,0.793104
0.40420043,0.59393746,0.5,1.0,1.0,1.5,0.027809488,0.7558456
0.3786613,0.738781,0.5,1.0,1.0,1.5,0.015697125,0.83264863
0.2519,0.6320233,0.5,1.0,1.0,1.5,0.01903227,0.7282133
0.40865487,0.60954165,0.5,1.0,1.0,1.5,0.024546301,0.7366334
0.38850957,0.64248073,0.5,1.0,1.0,1.5,0.025054427,0.75674057
0.22148554,0.6830547,0.5,1.0,1.0,1.5,0.028032143,0.7500588
0.32902434,0.7423035,0.5,1.0,1.0,1.5,0.020429563,0.81982315
0.34645298,0.7394431,0.5,1.0,1.0,1.5,0.016369872,0.8099942
0.250043,0.5721528,0.5,1.0,1.0,1.5,0.02663985,0.6745518
0.2701467,0.61189973,0.5,1.0,1.0,1.5,0.028173514,0.69855374
0.3385055,0.5467635,0.5,1.0,1.0,1.5,0.025060643,0.6904501
0.45412388,0.5889498,0.5,1.0,1.0,1.5,0.021718595,0.72450674
0.24386993,0.66934675,0.5,1.0,1.0,1.5,0.022107981,0.7348901
0.356827,0.59310484,0.5,1.0,1.0,1.5,0.024499211,0.7469096
0.36346173,0.5851305,0.5,1.0,1.0,1.5,0.026111571,0.7238128
0.408886,0.6951248,0.5,1.0,1.0,1.5,0.017709762,0.7766187
0.40356088,0.7438726,0.5,1.0,1.0,1.5,0.01625283,0.83865833
0.4125552,0.76441765,0.5,1.0,1.0,1.5,0.01673317,0.87421536
0.4221798,0.7038501,0.5,1.0,1.0,1.5,0.020703621,0.78196245
0.2174828,0.6448655,0.5,1.0,1.0,1.5,0.024040913,0.7250538
0.40612063,0.6189349,0.5,1.0,1.0,1.5,0.020890454,0.7116691
0.23615134,0.6589582,0.5,1.0,1.0,1.5,0.026954412,0.7464905
0.221378,0.70189065,0.5,1.0,1.0,1.5,0.024382621,0.77974373
0.26834783,0.57417756,0.5,1.0,1.0,1.5,0.025004892,0.67193544
0.25777915,0.5676282,0.5,1.0,1.0,1.5,0.029820157,0.651067
0.4176545,0.69307303,0.5,1.0,1.0,1.5,0.018453859,0.78662544
0.21604624,0.71418476,0.5,1.0,1.0,1.5,0.028904153,0.8357737
0.29045954,0.63605964,0.5,1.0,1.0,1.5,0.026233967,0.7361346
0.3712187,0.73417145,0.5,1.0,1.0,1.5,0.019632552,0.82461107
0.2528175,0.6224731,0.5,1.0,1.0,1.5,0.026713494,0.73450494
0.41491857,0.62045085,0.5,1.0,1.0,1.5,0.024613526,0.74203634
0.38307106,0.6312618,0.5,1.0,1.0,1.5,0.024948085,0.76457036
0.39284486,0.6539746,0.5,1.0,1.0,1.5,0.023232099,0.7291338
0.2422191,0.6786164,0.5,1.0,1.0,1.5,0.02596094,0.8127202
0.37026063,0.5758812,0.5,1.0,1.0,1.5,0.025647298,0.7175541
0.41445863,0.6989698,0.5,1.0,1.0,1.5,0.01873535,0.75545144
0.39458117,0.78692085,0.5,1.0,1.0,1.5,0.0093908105,0.9271646
0.4001457,0.75945437,0.5,1.0,1.0,1.5,0.014549975,0.8334739
0.31486848,0.6186434,0.5,1.0,1.0,1.5,0.020453813,0.7487745
0.23845582,0.64974433,0.5,1.0,1.0,1.5,0.026639253,0.7368868
0.39217758,0.59445167,0.5,1.0,1.0,1.5,0.02682164,0.73581606
0.3285931,0.7332772,0.5,1.0,1.0,1.5,0.02069579,0.8082006
0.32030433,0.7432708,0.5,1.0,1.0,1.5,0.020929143,0.80477566
0.32818323,0.7243251,0.5,1.0,1.0,1.5,0.016579382,0.78256434
0.20697887,0.71846104,0.5,1.0,1.0,1.5,0.025928894,0.77996194
0.29986668,0.64437544,0.5,1.0,1.0,1.5,0.02774837,0.7345326
0.28017056,0.6292314,0.5,1.0,1.0,1.5,0.024647767,0.6965035
0.3599528,0.746525,0.5,1.0,1.0,1.5,0.0142637715,0.8450952
0.38301772,0.7311291,0.5,1.0,1.0,1.5,0.016619215,0.7984796
0.26127103,0.6321689,0.5,1.0,1.0,1.5,0.025088105,0.7309198
0.42969584,0.61072755,0.5,1.0,1.0,1.5,0.017149594,0.6785469
0.3694583,0.5638676,0.5,1.0,1.0,1.5,0.028542243,0.70866704
0.3219715,0.62907255,0.5,1.0,1.0,1.5,0.026600363,0.7437444
0.24820772,0.6508556,0.5,1.0,1.0,1.5,0.027035411,0.77662045
0.391585,0.60482776,0.5,1.0,1.0,1.5,0.02231745,0.70185465
0.40897414,0.70393544,0.5,1.0,1.0,1.5,0.017703034,0.7802533
0.42373702,0.6195272,0.5,1.0,1.0,1.5,0.020231048,0.7622099
0.36988452,0.59194463,0.5,1.0,1.0,1.5,0.024251927,0.6842072
0.24587739,0.66011095,0.5,1.0,1.0,1.5,0.025522962,0.7305562
0.38051185,0.6592935,0.5,1.0,1.0,1.5,0.025301514,0.7490497
0.25357133,0.5582933,0.5,1.0,1.0,1.5,0.023711186,0.69757605
0.24464394,0.55317754,0.5,1.0,1.0,1.5,0.02567887,0.7002637
0.4324639,0.6176369,0.5,1.0,1.0,1.5,0.024298469,0.7305069
0.38944644,0.6639565,0.5,1.0,1.0,1.5,0.022750808,0.79675746
0.36501017,0.5566311,0.5,1.0,1.0,1.5,0.025293754,0.72220516
0.37266195,0.65505517,0.5,1.0,1.0,1.5,0.02375618,0.724961
0.26324573,0.545453,0.5,1.0,1.0,1.5,0.023726966,0.65452623
0.40316713,0.6974388,0.5,1.0,1.0,1.5,0.014613605,0.7869162
0.40836173,0.7150385,0.5,1.0,1.0,1.5,0.016844783,0.7915174
0.33729705,0.72305226,0.5,1.0,1.0,1.5,0.02028859,0.78694296
0.22086024,0.722491,0.5,1.0,1.0,1.5,0.02294181,0.82008195
0.20240577,0.71024054,0.5,1.0,1.0,1.5,0.02908901,0.80663604
0.28128856,0.63854015,0.5,1.0,1.0,1.5,0.026360612,0.7135694
0.30854136,0.642412,0.5,1.0,1.0,1.5,0.02531148,0.72869354
0.3162571,0.63997877,0.5,1.0,1.0,1.5,0.023622809,0.7674089
0.33413666,0.6131431,0.5,1.0,1.0,1.5,0.026646486,0.71032745
0.2601205,0.64202434,0.5,1.0,1.0,1.5,0.025742922,0.73598886
0.38937104,0.6144598,0.5,1.0,1.0,1.5,0.024054883,0.71769196
0.38247025,0.5955215,0.5,1.0,1.0,1.5,0.02714281,0.7597454
0.3630054,0.59917986,0.5,1.0,1.0,1.5,0.025430953,0.73612994
0.31114194,0.73597825,0.5,1.0,1.0,1.5,0.023097366,0.82839483
0.26363447,0.66245914,0.5,1.0,1.0,1.5,0.021721678,0.7597312
0.25647053,0.5332545,0.5,1.0,1.0,1.5,0.022201635,0.6632885
0.3412272,0.616935,0.5,1.0,1.0,1.5,0.028064737,0.73722005
0.27056333,0.6314834,0.5,1.0,1.0,1.5,0.024634212,0.74434507
0.36663836,0.7285355,0.5,1.0,1.0,1.5,0.020291286,0.8219582
0.28270257,0.64731693,0.5,1.0,1.0,1.5,0.027996922,0.7439877
0.35506243,0.55354565,0.5,1.0,1.0,1.5,0.026318882,0.690421
0.36724484,0.64447254,0.5,1.0,1.0,1.5,0.021007236,0.747725
0.34704706,0.7313703,0.5,1.0,1.0,1.5,0.01587665,0.8160564
0.32765132,0.71535414,0.5,1.0,1.0,1.5,0.019983303,0.7856961
0.22876324,0.7177322,0.5,1.0,1.0,1.5,0.018852908,0.78195333
0.19773123,0.72270393,0.5,1.0,1.0,1.5,0.02371647,0.8153332
0.32155335,0.6366971,0.5,1.0,1.0,1.5,0.022784641,0.7465931
0.32652742,0.6081571,0.5,1.0,1.0,1.5,0.025642646,0.75505805
0.38161775,0.6124269,0.5,1.0,1.0,1.5,0.0268324,0.7621109
0.39764947,0.6165244,0.5,1.0,1.0,1.5,0.023400137,0.7429311
0.3027659,0.728417,0.5,1.0,1.0,1.5,0.023614837,0.7917229
0.26186824,0.6705884,0.5,1.0,1.0,1.5,0.024744624,0.72592735
0.23732485,0.54941213,0.5,1.0,1.0,1.5,0.029608056,0.6294476
0.39630297,0.7015749,0.5,1.0,1.0,1.5,0.020548614,0.8031517
0.44573998,0.61949074,0.5,1.0,1.0,1.5,0.026234755,0.74349105
0.35742003,0.60661566,0.5,1.0,1.0,1.5,0.025983693,0.67172664
0.2659519,0.52839047,0.5,1.0,1.0,1.5,0.029467573,0.68529576
0.19315742,0.7144262,0.5,1.0,1.0,1.5,0.021642502,0.69018084
0.20221171,0.73074627,0.5,1.0,1.0,1.5,0.02597124,0.8204776
0.3432105,0.6286465,0.5,1.0,1.0,1.5,0.024830699,0.7578928
0.23450835,0.71353865,0.5,1.0,1.0,1.5,0.0264726,0.79820824
0.37468567,0.72091013,0.5,1.0,1.0,1.5,0.018971223,0.78840184
0.2905603,0.65637755,0.5,1.0,1.0,1.5,0.02638811,0.795739
0.35946983,0.65532094,0.5,1.0,1.0,1.5,0.021197814,0.7692343
0.37064505,0.6361652,0.5,1.0,1.0,1.5,0.02456011,0.73064333
0.35349253,0.74108374,0.5,1.0,1.0,1.5,0.016773142,0.8328389
0.31940833,0.7257995,0.5,1.0,1.0,1.5,0.020365821,0.81817746
0.32646033,0.59935075,0.5,1.0,1.0,1.5,0.021912074,0.7781737
0.31066307,0.71844023,0.5,1.0,1.0,1.5,0.019102473,0.8130759
0.29429495,0.73783326,0.5,1.0,1.0,1.5,0.020720309,0.7830759
0.23158368,0.54666287,0.5,1.0,1.0,1.5,0.024745166,0.67780113
0.3891215,0.7065807,0.5,1.0,1.0,1.5,0.020849857,0.8244848
0.4528006,0.62647146,0.5,1.0,1.0,1.5,0.022640089,0.7287874
0.35252088,0.6142476,0.5,1.0,1.0,1.5,0.023784135,0.72719824
0.2873294,0.72880083,0.5,1.0,1.0,1.5,0.021921318,0.8249364
0.34675738,0.72221327,0.5,1.0,1.0,1.5,0.020081475,0.79831624
0.3460636,0.7121522,0.5,1.0,1.0,1.5,0.01900182,0.7994754
0.3864334,0.62305486,0.5,1.0,1.0,1.5,0.02477951,0.7075895
0.20643696,0.73846817,0.5,1.0,1.0,1.5,0.027394675,0.8006352
0.33666134,0.6333901,0.5,1.0,1.0,1.5,0.023627508,0.762308
0.24262194,0.7066902,0.5,1.0,1.0,1.5,0.020331768,0.7606816
0.36528212,0.7209659,0.5,1.0,1.0,1.5,0.019819172,0.8113675
0.38632935,0.7212449,0.5,1.0,1.0,1.5,0.018729914,0.813502
0.28172624,0.656915,0.5,1.0,1.0,1.5,0.024479907,0.7611778
0.29999048,0.65484476,0.5,1.0,1.0,1.5,0.026354842,0.7711367
0.3678937,0.6614879,0.5,1.0,1.0,1.5,0.027713789,0.7644351
0.3622656,0.6326305,0.5,1.0,1.0,1.5,0.02270217,0.7613131
0.29557285,0.7206572,0.5,1.0,1.0,1.5,0.021271711,0.74583495
0.30288708,0.7460743,0.5,1.0,1.0,1.5,0.019954642,0.80323756
0.39484286,0.71446514,0.5,1.0,1.0,1.5,0.019193912,0.7616945
0.38360056,0.69873434,0.5,1.0,1.0,1.5,0.017767642,0.80843925
0.45964006,0.6191762,0.5,1.0,1.0,1.5,0.025558934,0.7078462
0.34536463,0.60889405,0.5,1.0,1.0,1.5,0.023279993,0.7226647
0.3595415,0.61951905,0.5,1.0,1.0,1.5,0.020320358,0.7503465
0.18394615,0.7185637,0.5,1.0,1.0,1.5,0.027038757,0.81459993
0.34929708,0.63526845,0.5,1.0,1.0,1.5,0.022600621,0.8023836
0.3709969,0.6977663,0.5,1.0,1.0,1.5,0.020816186,0.785987
0.45324656,0.6130923,0.5,1.0,1.0,1.5,0.023412848,0.71246845
0.377605,0.6043525,0.5,1.0,1.0,1.5,0.022572793,0.72811186
0.36681828,0.62416035,0.5,1.0,1.0,1.5,0.0251981,0.7379699
0.3697525,0.67355037,0.5,1.0,1.0,1.5,0.014408994,0.747372
0.2803942,0.72578734,0.5,1.0,1.0,1.5,0.022473559,0.7476232
0.33523455,0.70394546,0.5,1.0,1.0,1.5,0.021446008,0.7850708
0.19765994,0.7428981,0.5,1.0,1.0,1.5,0.026251797,0.8178634
0.21550146,0.73442847,0.5,1.0,1.0,1.5,0.027968125,0.7910732
0.23150748,0.69843984,0.5,1.0,1.0,1.5,0.020327678,0.78266406
0.38188198,0.71104467,0.5,1.0,1.0,1.5,0.017983042,0.77506775
0.35613874,0.7218415,0.5,1.0,1.0,1.5,0.020547079,0.8458515
0.3909008,0.69347286,0.5,1.0,1.0,1.5,0.019415386,0.7548084
0.34800315,0.62177974,0.5,1.0,1.0,1.5,0.026552113,0.7736271
0.34418854,0.5949604,0.5,1.0,1.0,1.5,0.025542267,0.70776236
0.30384433,0.7552271,0.5,1.0,1.0,1.5,0.021460982,0.81092453
0.17468539,0.7225564,0.5,1.0,1.0,1.5,0.029401759,0.80364555
0.299523,0.6648128,0.5,1.0,1.0,1.5,0.021195477,0.7539761
0.24192677,0.6972739,0.5,1.0,1.0,1.5,0.024525337,0.7586031
0.30871403,0.66337305,0.5,1.0,1.0,1.5,0.028067948,0.78991866
0.2999574,0.67482084,0.5,1.0,1.0,1.5,0.026965683,0.7867454
0.3723328,0.70699304,0.5,1.0,1.0,1.5,0.020675411,0.7844445
0.3771467,0.6793093,0.5,1.0,1.0,1.5,0.022078104,0.7624815
0.27414092,0.73713124,0.5,1.0,1.0,1.5,0.019308481,0.8041042
0.28611016,0.71793723,0.5,1.0,1.0,1.5,0.022060847,0.8088123
0.3844826,0.6858268,0.5,1.0,1.0,1.5,0.026228588,0.75299895
0.34486178,0.7013086,0.5,1.0,1.0,1.5,0.019291764,0.75777435
0.3266537,0.70643026,0.5,1.0,1.0,1.5,0.01989612,0.76140785
0.2951085,0.7569082,0.5,1.0,1.0,1.5,0.018223487,0.8461968
0.17030904,0.71407765,0.5,1.0,1.0,1.5,0.02721016,0.80608237
0.17928769,0.73105013,0.5,1.0,1.0,1.5,0.027126651,0.7994367
0.21841642,0.7420227,0.5,1.0,1.0,1.5,0.022952281,0.7973364
0.36593005,0.70432365,0.5,1.0,1.0,1.5,0.017993279,0.7893586
0.1611139,0.71755105,0.5,1.0,1.0,1.5,0.021972915,0.77722764
0.22505955,0.7392472,0.5,1.0,1.0,1.5,0.01998215,0.777941
0.38333562,0.67224103,0.5,1.0,1.0,1.5,0.023738096,0.7709756
0.21540044,0.7535084,0.5,1.0,1.0,1.5,0.022921769,0.7863939
0.24124248,0.6880329,0.5,1.0,1.0,1.5,0.024003953,0.77782875
0.2894839,0.67705786,0.5,1.0,1.0,1.5,0.02188851,0.77665174
0.2854041,0.73778206,0.5,1.0,1.0,1.5,0.019210398,0.7928479
0.2746047,0.7193957,0.5,1.0,1.0,1.5,0.021620916,0.7761148
0.19303775,0.73503494,0.5,1.0,1.0,1.5,0.021907743,0.79720175
0.28593588,0.7473902,0.5,1.0,1.0,1.5,0.018558659,0.8153187
0.17948797,0.71008354,0.5,1.0,1.0,1.5,0.025784412,0.800735
0.1701803,0.73500353,0.5,1.0,1.0,1.5,0.028044034,0.7462716
0.31749693,0.6651941,0.5,1.0,1.0,1.5,0.02715171,0.7424302
0.26338258,0.74106747,0.5,1.0,1.0,1.5,0.022470856,0.8680321
0.32500446,0.6977284,0.5,1.0,1.0,1.5,0.022163983,0.7870388
0.31760862,0.69987184,0.5,1.0,1.0,1.5,0.019450273,0.7947713
0.3160939,0.6919253,0.5,1.0,1.0,1.5,0.02294632,0.7676336
0.15627307,0.72975045,0.5,1.0,1.0,1.5,0.02875414,0.81850064
0.2075244,0.7578025,0.5,1.0,1.0,1.5,0.02034855,0.7854831
0.27886957,0.66813016,0.5,1.0,1.0,1.5,0.023259278,0.7555591
0.29757094,0.6823421,0.5,1.0,1.0,1.5,0.02393675,0.74377346
0.28640455,0.75800514,0.5,1.0,1.0,1.5,0.022831906,0.79248375
0.17508647,0.74358404,0.5,1.0,1.0,1.5,0.028650567,0.8242681
0.17491138,0.70164204,0.5,1.0,1.0,1.5,0.030850168,0.77775383
0.2625844,0.71641123,0.5,1.0,1.0,1.5,0.02365706,0.808251
0.32534778,0.67099977,0.5,1.0,1.0,1.5,0.025427107,0.77453685
0.25811103,0.7313174,0.5,1.0,1.0,1.5,0.021877984,0.778414
0.22993769,0.74431366,0.5,1.0,1.0,1.5,0.02378723,0.80535674
0.39988548,0.676128,0.5,1.0,1.0,1.5,0.018274583,0.7301993
0.18010908,0.7522115,0.5,1.0,1.0,1.5,0.020562151,0.8186773
0.33325976,0.678995,0.5,1.0,1.0,1.5,0.0242785,0.76420355
0.15194005,0.7205638,0.5,1.0,1.0,1.5,0.023455586,0.78249305
0.16114892,0.73886395,0.5,1.0,1.0,1.5,0.026871197,0.79025996
0.20244923,0.75046813,0.5,1.0,1.0,1.5,0.02691741,0.80879575
0.21243519,0.7649009,0.5,1.0,1.0,1.5,0.016518824,0.75056976
0.27875423,0.68107957,0.5,1.0,1.0,1.5,0.021790292,0.7581947
0.3118292,0.6858806,0.5,1.0,1.0,1.5,0.02091064,0.7986609
0.31883958,0.6795298,0.5,1.0,1.0,1.5,0.021674475,0.790477
0.33151934,0.66174436,0.5,1.0,1.0,1.5,0.027450182,0.756831
0.24959268,0.73817676,0.5,1.0,1.0,1.5,0.022195784,0.81132615
0.2352447,0.7513401,0.5,1.0,1.0,1.5,0.020220779,0.79613805
0.40669096,0.67156786,0.5,1.0,1.0,1.5,0.01961938,0.7474996
0.3032914,0.70194817,0.5,1.0,1.0,1.5,0.021786686,0.7706027
0.18360876,0.697021,0.5,1.0,1.0,1.5,0.029905131,0.7963549
0.3384561,0.65466744,0.5,1.0,1.0,1.5,0.020856746,0.7748915
0.26948005,0.67884606,0.5,1.0,1.0,1.5,0.027808782,0.7777371
0.28290468,0.6906585,0.5,1.0,1.0,1.5,0.02277094,0.7934943
0.19396955,0.75536543,0.5,1.0,1.0,1.5,0.023775313,0.7970378
0.34180826,0.6886722,0.5,1.0,1.0,1.5,0.025705803,0.79037416
0.19923802,0.7627697,0.5,1.0,1.0,1.5,0.024318593,0.84768105
0.22033922,0.76132035,0.5,1.0,1.0,1.5,0.021466924,0.85478854
0.32247338,0.651804,0.5,1.0,1.0,1.5,0.025306357,0.76744026
0.25522956,0.74683803,0.5,1.0,1.0,1.5,0.015623339,0.8147949
0.24216752,0.7450738,0.5,1.0,1.0,1.5,0.022130433,0.7966094
0.22784458,0.756851,0.5,1.0,1.0,1.5,0.021501577,0.8471293
0.19353276,0.69339895,0.5,1.0,1.0,1.5,0.027323745,0.78160226
0.15194625,0.74347174,0.5,1.0,1.0,1.5,0.02785623,0.79321444
0.34753057,0.67907363,0.5,1.0,1.0,1.5,0.023975542,0.7739027
0.25156212,0.72012395,0.5,1.0,1.0,1.5,0.024333589,0.80111426
0.27155817,0.75532824,0.5,1.0,1.0,1.5,0.021491995,0.8519491
0.28757077,0.6991086,0.5,1.0,1.0,1.5,0.02051246,0.79508686
0.240734,0.7592192,0.5,1.0,1.0,1.5,0.018554341,0.8407618
0.23571382,0.7378181,0.5,1.0,1.0,1.5,0.025167929,0.8213874
0.24112774,0.7161931,0.5,1.0,1.0,1.5,0.023410555,0.7754729
0.34308353,0.6602454,0.5,1.0,1.0,1.5,0.021168731,0.77183425
0.26070032,0.67864865,0.5,1.0,1.0,1.5,0.024691528,0.7661276
0.18540172,0.7604568,0.5,1.0,1.0,1.5,0.023632316,0.8308456
0.35014084,0.65761954,0.5,1.0,1.0,1.5,0.027555209,0.6978395
0.17133415,0.75669175,0.5,1.0,1.0,1.5,0.020874465,0.81739646
0.18302102,0.7741319,0.5,1.0,1.0,1.5,0.023104008,0.85446906
0.25182986,0.67875755,0.5,1.0,1.0,1.5,0.02245897,0.78088284
0.27836823,0.7578204,0.5,1.0,1.0,1.5,0.019346269,0.82277644
0.27796024,0.7050544,0.5,1.0,1.0,1.5,0.023437487,0.7841797
0.29451603,0.69123447,0.5,1.0,1.0,1.5,0.022122191,0.78577673
0.25997752,0.6867235,0.5,1.0,1.0,1.5,0.027209,0.78561693
0.26354572,0.7053994,0.5,1.0,1.0,1.5,0.023507087,0.8153837
0.29595312,0.7017959,0.5,1.0,1.0,1.5,0.022482894,0.7523469
0.34698465,0.64893854,0.5,1.0,1.0,1.5,0.026102237,0.7458625
0.27399647,0.69765383,0.5,1.0,1.0,1.5,0.025253313,0.76195633
0.16180845,0.76107633,0.5,1.0,1.0,1.5,0.019048288,0.8252684
0.25183406,0.6967275,0.5,1.0,1.0,1.5,0.021620436,0.7665007
0.342234,0.64131325,0.5,1.0,1.0,1.5,0.024776544,0.7142184
0.261184,0.6950949,0.5,1.0,1.0,1.5,0.024923412,0.77011645
0.45135713,0.86660755,0.5,1.0,1.0,1.5,0.0012266054,0.91512203
0.23276435,0.84937286,0.5,1.0,1.0,1.5,0.012325939,0.9260146
0.15267085,0.47988063,0.5,1.0,1.0,1.5,0.030595032,0.6184387
0.85999,0.30349058,0.5,1.0,1.0,1.5,-0.03886712,0.3046077
0.14514197,0.70264065,0.5,1.0,1.0,1.5,0.026065608,0.74232477
0.36155543,0.53790915,0.5,1.0,1.0,1.5,0.03108128,0.6634914
0.46650076,0.61323565,0.5,1.0,1.0,1.5,0.020786704,0.6887834
0.28086475,0.7829652,0.5,1.0,1.0,1.5,0.018497027,0.8261466
0.20905806,0.77529573,0.5,1.0,1.0,1.5,0.023646383,0.8386926
0.21696645,0.5205533,0.5,1.0,1.0,1.5,0.026358917,0.58723503
0.32418597,0.5494439,0.5,1.0,1.0,1.5,0.030110072,0.7096715
0.37081388,0.68585974,0.5,1.0,1.0,1.5,0.024486173,0.7712987
0.5102341,0.5595323,0.5,1.0,1.0,1.5,0.028671365,0.6829623
0.31035718,0.49004117,0.5,1.0,1.0,1.5,0.019053333,0.789835
0.3542086,0.51103425,0.5,1.0,1.0,1.5,0.026167529,0.69653505
0.49376017,0.6044624,0.5,1.0,1.0,1.5,0.026222346,0.6943021
0.7073445,0.15182586,0.5,1.0,1.0,1.5,-0.02124523,0.17532516
0.26667544,0.76303566,0.5,1.0,1.0,1.5,0.016638182,0.8432112
0.3614664,0.54745334,0.5,1.0,1.0,1.5,0.026269756,0.7072368
0.21614148,0.94013613,0.5,1.0,1.0,1.5,0.0040873033,0.98812515
0.9395779,0.2840419,0.5,1.0,1.0,1.5,-0.04339403,0.28648105
0.7902638,0.061472833,0.5,1.0,1.0,1.5,-0.009391764,0.10753775
0.06354725,0.7154488,0.5,1.0,1.0,1.5,0.03247758,0.7601941
0.067854986,0.46509063,0.5,1.0,1.0,1.5,0.045118283,0.57405126
0.13371697,0.4710477,0.5,1.0,1.0,1.5,0.034111485,0.5933837
0.47820216,0.86763054,0.5,1.0,1.0,1.5,0.0041170763,0.9339489
0.8643919,0.2755225,0.5,1.0,1.0,1.5,-0.037083194,0.23215711
0.22504236,0.8677662,0.5,1.0,1.0,1.5,0.018173514,0.89560056
0.76618904,0.13388158,0.5,1.0,1.0,1.5,-0.014520148,0.14315566
0.1325322,0.7257788,0.5,1.0,1.0,1.5,0.029390082,0.79528
0.22293134,0.531713,0.5,1.0,1.0,1.5,0.032843333,0.6103021
0.40254238,0.8693213,0.5,1.0,1.0,1.5,0.0028116303,0.9324542
0.14949264,0.878982,0.5,1.0,1.0,1.5,0.017018482,0.928909
0.8522038,0.118909515,0.5,1.0,1.0,1.5,-0.019210458,0.1178841
0.11878123,0.649282,0.5,1.0,1.0,1.5,0.03586568,0.73165333
0.4691626,0.5184098,0.5,1.0,1.0,1.5,0.026912658,0.6308273
0.41742852,0.8604939,0.5,1.0,1.0,1.5,0.003900601,0.9483136
0.13645464,0.66044366,0.5,1.0,1.0,1.5,0.03309486,0.78676575
0.7434805,0.23784879,0.5,1.0,1.0,1.5,-0.033542883,0.20310506
0.34329486,0.5400328,0.5,1.0,1.0,1.5,0.025283562,0.70998263
0.20363587,0.5044337,0.5,1.0,1.0,1.5,0.030457163,0.6447994
0.2349409,0.7241755,0.5,1.0,1.0,1.5,0.024962664,0.80330646
0.45827693,0.7815226,0.5,1.0,1.0,1.5,0.0044079702,0.8468883
0.17841186,0.8684859,0.5,1.0,1.0,1.5,0.022193367,0.9150803
0.8280913,0.1280359,0.5,1.0,1.0,1.5,-0.019466758,0.09106308
0.2662369,0.6533242,0.5,1.0,1.0,1.5,0.026101222,0.7501138
0.40237117,0.48296168,0.5,1.0,1.0,1.5,0.027725898,0.6765706
0.51646125,0.6500995,0.5,1.0,1.0,1.5,0.02048288,0.7198794
0.25363922,0.76132786,0.5,1.0,1.0,1.5,0.019582419,0.7925935
0.7531521,0.15879874,0.5,1.0,1.0,1.5,-0.023822395,0.11090368
0.5111991,0.7952306,0.5,1.0,1.0,1.5,0.007483963,0.8405159
0.9348505,0.09493438,0.5,1.0,1.0,1.5,-0.016920999,0.17097917
0.08860171,0.06934712,0.5,1.0,1.0,1.5,0.01652491,0.025881648
0.07190342,0.90571594,0.5,1.0,1.0,1.5,0.018979318,0.99904114
0.79088163,0.18891795,0.5,1.0,1.0,1.5,-0.026583778,0.15496257
0.3924554,0.73663497,0.5,1.0,1.0,1.5,0.013039292,0.84371394
0.21738221,0.7826561,0.5,1.0,1.0,1.5,0.019323424,0.8183645
0.820676,0.21650612,0.5,1.0,1.0,1.5,-0.028769206,0.22449058
0.36294752,0.6682819,0.5,1.0,1.0,1.5,0.01661358,0.77430737
0.20639321,0.5100752,0.5,1.0,1.0,1.5,0.029966302,0.66204506
0.4849616,0.83239096,0.5,1.0,1.0,1.5,0.0064161066,0.88447636
0.8055645,0.2694896,0.5,1.0,1.0,1.5,-0.037992608,0.23437151
0.8016513,0.13541892,0.5,1.0,1.0,1.5,-0.018591225,0.10355973
0.19514391,0.8677194,0.5,1.0,1.0,1.5,0.0150809,0.88116735
0.79933876,0.26570603,0.5,1.0,1.0,1.5,-0.035961453,0.23668897
0.2708721,0.53482985,0.5,1.0,1.0,1.5,0.028111188,0.6447998
0.18167935,0.79409444,0.5,1.0,1.0,1.5,0.019263865,0.84167886
0.28526565,0.8163801,0.5,1.0,1.0,1.5,0.011973382,0.83331823
0.46089974,0.59400797,0.5,1.0,1.0,1.5,0.028226975,0.7211194
0.36171454,0.5180552,0.5,1.0,1.0,1.5,0.025808485,0.67082876
0.47851208,0.6137955,0.5,1.0,1.0,1.5,0.020639986,0.7277653
0.4956099,0.902385,0.5,1.0,1.0,1.5,0.0011173207,0.9554758
0.9037144,0.2570339,0.5,1.0,1.0,1.5,-0.039225522,0.21485126
0.09600358,0.49323344,0.5,1.0,1.0,1.5,0.030774327,0.55138534
0.24160895,0.8999934,0.5,1.0,1.0,1.5,0.013001462,0.93004745
0.094867975,0.7436718,0.5,1.0,1.0,1.5,0.036147982,0.70070136
0.75573754,0.09638616,0.5,1.0,1.0,1.5,-0.009913829,0.11451349
0.31249663,0.75323904,0.5,1.0,1.0,1.5,0.019763801,0.8388547
0.24634965,0.80404216,0.5,1.0,1.0,1.5,0.016005449,0.86871386
0.46566617,0.5865363,0.5,1.0,1.0,1.5,0.025061509,0.69193465
0.33594826,0.535259,0.5,1.0,1.0,1.5,0.02592864,0.6718004
0.26794887,0.8025589,0.5,1.0,1.0,1.5,0.015156166,0.85432166
0.19789863,0.5095402,0.5,1.0,1.0,1.5,0.031519093,0.6664367
0.15398557,0.70110416,0.5,1.0,1.0,1.5,0.028539771,0.79313695
0.878291,0.3184532,0.5,1.0,1.0,1.5,-0.038601264,0.29833698
0.42177084,0.87109166,0.5,1.0,1.0,1.5,0.0069725304,0.90923893
0.13009822,0.67183757,0.5,1.0,1.0,1.5,0.031516626,0.6783508
0.4383864,0.5611429,0.5,1.0,1.0,1.5,0.026818272,0.69901925
0.31530023,0.5632761,0.5,1.0,1.0,1.5,0.027191607,0.7110991
0.16032755,0.4600533,0.5,1.0,1.0,1.5,0.036831588,0.5842662
0.34840977,0.78369725,0.5,1.0,1.0,1.5,0.015671488,0.8740094
0.78770363,0.15190545,0.5,1.0,1.0,1.5,-0.022159118,0.11150378
0.21353485,0.5988301,0.5,1.0,1.0,1.5,0.030149985,0.7393186
0.39216474,0.86061984,0.5,1.0,1.0,1.5,0.0070355707,0.9208827
0.13319296,0.64331865,0.5,1.0,1.0,1.5,0.031525813,0.6710172
0.37856552,0.5710498,0.5,1.0,1.0,1.5,0.023495302,0.7193508
0.42547426,0.6291676,0.5,1.0,1.0,1.5,0.023017293,0.7293006
0.8941263,0.35503042,0.5,1.0,1.0,1.5,-0.038421776,0.31810397
0.8279247,0.21682745,0.5,1.0,1.0,1.5,-0.027586428,0.17333373
0.790125,0.27995488,0.5,1.0,1.0,1.5,-0.03296723,0.278762
0.50265706,0.7740207,0.5,1.0,1.0,1.5,0.011613201,0.85353863
0.75874716,0.08780372,0.5,1.0,1.0,1.5,-0.01280967,0.063642174
0.08661888,0.7347084,0.5,1.0,1.0,1.5,0.035593018,0.8178809
0.088474706,0.48486906,0.5,1.0,1.0,1.5,0.035043508,0.5240703
0.23871176,0.91460884,0.5,1.0,1.0,1.5,0.011034653,0.9118112
0.9180811,0.26159716,0.5,1.0,1.0,1.5,-0.043835383,0.21046117
0.48852375,0.9063727,0.5,1.0,1.0,1.5,0.003168264,0.93282795
0.2765366,0.8207154,0.5,1.0,1.0,1.5,0.018402847,0.8907355
0.1822549,0.5283877,0.5,1.0,1.0,1.5,0.030595206,0.6576335
0.44721246,0.6068797,0.5,1.0,1.0,1.5,0.02397894,0.7144005
0.102051936,0.40948004,0.5,1.0,1.0,1.5,0.04937127,0.51119673
0.852546,0.30513775,0.5,1.0,1.0,1.5,-0.03629743,0.2418114
0.47185728,0.51002747,0.5,1.0,1.0,1.5,0.028440269,0.642816
0.7535899,0.22519152,0.5,1.0,1.0,1.5,-0.032572564,0.20651537
0.23243023,0.3660083,0.5,1.0,1.0,1.5,0.051152688,0.60516727
0.63444346,0.48356056,0.5,1.0,1.0,1.5,0.019335013,0.53727937
0.39076033,0.58446014,0.5,1.0,1.0,1.5,0.025505621,0.72758126
0.3561473,0.6999404,0.5,1.0,1.0,1.5,0.021553589,0.796076
0.27669048,0.5725819,0.5,1.0,1.0,1.5,0.028006298,0.70491445
0.7665111,0.15467373,0.5,1.0,1.0,1.5,-0.020208437,0.19084194
0.23321837,0.76514345,0.5,1.0,1.0,1.5,0.020392995,0.8372338
0.8032204,0.22789782,0.5,1.0,1.0,1.5,-0.0318995,0.18006778
0.7543812,0.12492834,0.5,1.0,1.0,1.5,-0.016073218,0.11930227
0.13034362,0.30923048,0.5,1.0,1.0,1.5,0.0650845,0.4259228
0.072521925,0.64385295,0.5,1.0,1.0,1.5,0.038024873,0.70601654
0.85576415,0.07318774,0.5,1.0,1.0,1.5,-0.011608489,0.048288643
0.68587637,0.37690374,0.5,1.0,1.0,1.5,-0.021318125,0.41264725
0.14106378,0.92173046,0.5,1.0,1.0,1.5,0.00899327,0.9104552
0.9235844,0.358564,0.5,1.0,1.0,1.5,-0.04202096,0.30042696
0.3910114,0.92182195,0.5,1.0,1.0,1.5,0.002761561,0.9273233
0.07219685,0.3911492,0.5,1.0,1.0,1.5,0.060232252,0.48210838
0.15721358,0.7091266,0.5,1.0,1.0,1.5,0.027733667,0.810617
0.30252552,0.7107209,0.5,1.0,1.0,1.5,0.022734554,0.8083147
0.18055266,0.48996553,0.5,1.0,1.0,1.5,0.033233814,0.63311446
0.63918185,0.9104768,0.5,1.0,1.0,1.5,-0.0050221123,0.9876518
0.4260617,0.69670314,0.5,1.0,1.0,1.5,0.019481007,0.7863316
0.7342251,0.23963928,0.5,1.0,1.0,1.5,-0.029124469,0.21272069
0.16549377,0.46968216,0.5,1.0,1.0,1.5,0.03611197,0.61359245
0.10699952,0.15245533,0.5,1.0,1.0,1.5,0.036422875,0.17525348
0.84841555,0.35933125,0.5,1.0,1.0,1.5,-0.03572834,0.35556555
0.25517368,0.82109654,0.5,1.0,1.0,1.5,0.013451242,0.89336085
0.263884,0.83951586,0.5,1.0,1.0,1.5,0.018156383,0.9434069
0.159887,0.50979465,0.5,1.0,1.0,1.5,0.034429245,0.5877931
0.52271557,0.41037184,0.5,1.0,1.0,1.5,0.0086322,0.59500885
0.5963358,0.7761839,0.5,1.0,1.0,1.5,0.0077113686,0.85241675
0.86707336,0.33067814,0.5,1.0,1.0,1.5,-0.037727904,0.30805856
0.9821066,0.2879781,0.5,1.0,1.0,1.5,-0.047389053,0.26938814
0.4620115,0.98198485,0.5,1.0,1.0,1.5,0.0010527631,0.963184
0.21205495,0.98211944,0.5,1.0,1.0,1.5,0.0020966828,0.9880277
0.71206474,0.98276895,0.5,1.0,1.0,1.5,-0.0017476445,0.9756124
0.9820118,0.5378055,0.5,1.0,1.0,1.5,-0.05110121,0.51580805
0.9813442,0.7877879,0.5,1.0,1.0,1.5,-0.04440435,0.76963747
0.287486,0.022474932,0.5,1.0,1.0,1.5,-0.0011210442,0.0018969178
0.022684695,0.4622757,0.5,1.0,1.0,1.5,0.049295977,0.56717664
0.01895175,0.2121445,0.5,1.0,1.0,1.5,0.057628848,0.22499686
0.023207912,0.71156967,0.5,1.0,1.0,1.5,0.039086815,0.7586846
0.5381933,0.021695366,0.5,1.0,1.0,1.5,0.0042629363,0.011110842
0.7869331,0.02072811,0.5,1.0,1.0,1.5,-0.0063347127,-0.0025721788
0.47922415,0.69404846,0.5,1.0,1.0,1.5,0.019706035,0.79624367
0.1604522,0.49025705,0.5,1.0,1.0,1.5,0.026061356,0.70775205
0.42172572,0.84577173,0.5,1.0,1.0,1.5,0.0061362954,0.88314426
0.84973586,0.32398403,0.5,1.0,1.0,1.5,-0.034952372,0.2898243
0.25952405,0.479224,0.5,1.0,1.0,1.5,0.022671297,0.6166409
0.51728463,0.50981057,0.5,1.0,1.0,1.5,0.029510075,0.627022
0.36429915,0.69234943,0.5,1.0,1.0,1.5,0.019533165,0.81029665
0.12950128,0.5729297,0.5,1.0,1.0,1.5,0.0319864,0.6553224
0.12553796,0.8237859,0.5,1.0,1.0,1.5,0.01933379,0.85958564
0.8750039,0.17819555,0.5,1.0,1.0,1.5,-0.029303696,0.22598577
0.32228956,0.870353,0.5,1.0,1.0,1.5,0.01165707,0.90573704
0.07463704,0.2512752,0.5,1.0,1.0,1.5,0.06352076,0.3111145
0.3483558,0.523995,0.5,1.0,1.0,1.5,0.026135484,0.7056827
0.4776732,0.59988713,0.5,1.0,1.0,1.5,0.023602711,0.73756206
0.37034264,0.55531013,0.5,1.0,1.0,1.5,0.027157804,0.6993987
0.49847153,0.78214717,0.5,1.0,1.0,1.5,0.013254982,0.885043
0.6758468,0.35798597,0.5,1.0,1.0,1.5,-0.019356884,0.3734701
0.35599524,0.67497814,0.5,1.0,1.0,1.5,0.02354467,0.77476895
0.612193,0.44008002,0.5,1.0,1.0,1.5,0.009942342,0.4695165
0.18951088,0.390236,0.5,1.0,1.0,1.5,0.037859116,0.5988845
0.17896232,0.47335792,0.5,1.0,1.0,1.5,0.036004227,0.6071433
0.13350561,0.69441086,0.5,1.0,1.0,1.5,0.021209307,0.7517675
0.4430555,0.8731563,0.5,1.0,1.0,1.5,0.003306665,0.9006272
0.87208754,0.31372705,0.5,1.0,1.0,1.5,-0.0386899,0.31354287
0.13210821,0.40375194,0.5,1.0,1.0,1.5,0.049748432,0.5961434
0.573226,0.56743646,0.5,1.0,1.0,1.5,0.027909542,0.6517073
0.31757557,0.42669952,0.5,1.0,1.0,1.5,0.022966,0.6485928
0.35911006,0.40579054,0.5,1.0,1.0,1.5,0.021548606,0.7255093
0.59417003,0.6091574,0.5,1.0,1.0,1.5,0.025749678,0.6931918
0.75142384,0.13199142,0.5,1.0,1.0,1.5,-0.005878402,0.13582855
0.2335658,0.8006632,0.5,1.0,1.0,1.5,0.017695097,0.8089819
0.30582622,0.76417124,0.5,1.0,1.0,1.5,0.019219657,0.82832396
0.17457731,0.7787303,0.5,1.0,1.0,1.5,0.027909989,0.8500475
0.83482796,0.21644084,0.5,1.0,1.0,1.5,-0.031806946,0.19471061
0.28068644,0.8294816,0.5,1.0,1.0,1.5,0.016780403,0.8892742
0.47352168,0.50018513,0.5,1.0,1.0,1.5,0.022712467,0.67069364
0.09056391,0.30662686,0.5,1.0,1.0,1.5,0.06697245,0.45170674
0.14263321,0.6840032,0.5,1.0,1.0,1.5,0.028960513,0.77804035
0.42988896,0.86718535,0.5,1.0,1.0,1.5,0.0061679785,0.9130731
0.8675676,0.31996718,0.5,1.0,1.0,1.5,-0.038634557,0.30084372
0.50673795,0.7859402,0.5,1.0,1.0,1.5,0.008947009,0.8582425
0.26798162,0.82530403,0.5,1.0,1.0,1.5,0.0127697475,0.9038323
0.17334798,0.52286965,0.5,1.0,1.0,1.5,0.031610217,0.64168626
0.23737268,0.7872305,0.5,1.0,1.0,1.5,0.01836919,0.83043164
0.79510105,0.2723736,0.5,1.0,1.0,1.5,-0.03634418,0.20189828
0.23154168,0.92089516,0.5,1.0,1.0,1.5,0.0071212556,0.9261274
0.76291746,0.07992657,0.5,1.0,1.0,1.5,-0.005967223,0.0916827
0.48418847,0.91761106,0.5,1.0,1.0,1.5,-0.0011467538,0.9459622
0.08005273,0.4833214,0.5,1.0,1.0,1.5,0.040797748,0.5682284
0.23226821,0.77908117,0.5,1.0,1.0,1.5,0.015232425,0.79249024
0.25481638,0.7987502,0.5,1.0,1.0,1.5,0.014569694,0.8067018
0.259959,0.76969814,0.5,1.0,1.0,1.5,0.014444666,0.80752325
0.76103514,0.12893616,0.5,1.0,1.0,1.5,-0.014750229,0.13689235
0.26653203,0.77817893,0.5,1.0,1.0,1.5,0.020372087,0.82060415
0.15308295,0.47078586,0.5,1.0,1.0,1.5,0.03421329,0.6372844
0.46905804,0.5996969,0.5,1.0,1.0,1.5,0.026826879,0.6617491
0.1727529,0.48425275,0.5,1.0,1.0,1.5,0.033183314,0.5954289
0.34888047,0.53212106,0.5,1.0,1.0,1.5,0.026481833,0.6721484
0.27590644,0.6483824,0.5,1.0,1.0,1.5,0.025714757,0.7697538
0.14320631,0.6934955,0.5,1.0,1.0,1.5,0.025725946,0.7863157
0.8642248,0.309511,0.5,1.0,1.0,1.5,-0.036530003,0.25579637
0.076271616,0.7313266,0.5,1.0,1.0,1.5,0.03110395,0.79403377
0.77309364,0.0724467,0.5,1.0,1.0,1.5,-0.0049479688,0.088416874
0.22683682,0.92971563,0.5,1.0,1.0,1.5,0.0036304586,0.98067355
0.07255524,0.4726485,0.5,1.0,1.0,1.5,0.04084779,0.55741256
0.47840062,0.9288986,0.5,1.0,1.0,1.5,-0.003950169,0.93918884
0.9298698,0.2723377,0.5,1.0,1.0,1.5,-0.04496243,0.28415853
0.42549023,0.85661066,0.5,1.0,1.0,1.5,0.00482729,0.88272154
0.1436416,0.6744588,0.5,1.0,1.0,1.5,0.030325139,0.7477163
0.4731674,0.6083476,0.5,1.0,1.0,1.5,0.023986366,0.6826259
0.35910046,0.52757025,0.5,1.0,1.0,1.5,0.026629638,0.6849557
0.39957297,0.8617713,0.5,1.0,1.0,1.5,0.005452806,0.87830865
0.12716413,0.6543421,0.5,1.0,1.0,1.5,0.029442219,0.7849169
0.7617043,0.14501618,0.5,1.0,1.0,1.5,-0.018556206,0.13107568
0.45344925,0.78789717,0.5,1.0,1.0,1.5,0.007374714,0.84709215
0.36398724,0.680062,0.5,1.0,1.0,1.5,0.018265152,0.74615085
0.25961167,0.829917,0.5,1.0,1.0,1.5,0.013270779,0.92841053
0.16670664,0.51017636,0.5,1.0,1.0,1.5,0.032011915,0.62870955
0.8614954,0.32538116,0.5,1.0,1.0,1.5,-0.03828848,0.28968328
0.16824512,0.49326962,0.5,1.0,1.0,1.5,0.031389967,0.62057465
0.4355263,0.7000184,0.5,1.0,1.0,1.5,0.01940964,0.79492515
0.18697672,0.50948507,0.5,1.0,1.0,1.5,0.032136247,0.66297257
0.25933948,0.807494,0.5,1.0,1.0,1.5,0.01896232,0.8465007
0.26329044,0.79336476,0.5,1.0,1.0,1.5,0.018768797,0.8494529
0.12349126,0.3687075,0.5,1.0,1.0,1.5,0.05336701,0.5127386
0.23922029,0.77336675,0.5,1.0,1.0,1.5,0.018131364,0.8247833
0.7989969,0.23465452,0.5,1.0,1.0,1.5,-0.030265305,0.20658219
0.21323818,0.7799157,0.5,1.0,1.0,1.5,0.016318675,0.8430576
0.6045079,0.61725587,0.5,1.0,1.0,1.5,0.024016779,0.6831746
0.36717874,0.39543706,0.5,1.0,1.0,1.5,0.02293784,0.7491858
0.17591698,0.50995886,0.5,1.0,1.0,1.5,0.030383205,0.6383772
0.24193114,0.7955497,0.5,1.0,1.0,1.5,0.017412413,0.86960787
0.7560449,0.13613941,0.5,1.0,1.0,1.5,-0.019800471,0.09853655
0.17047448,0.50469553,0.5,1.0,1.0,1.5,0.029785205,0.5946311
0.25816965,0.7843995,0.5,1.0,1.0,1.5,0.019892234,0.8603092
0.17516202,0.4976936,0.5,1.0,1.0,1.5,0.02848116,0.6552383
0.24488395,0.7817196,0.5,1.0,1.0,1.5,0.022153966,0.8513454
0.010233781,0.010067134,0.5,1.0,1.0,1.5,0.0033802835,0.008693516
0.44439304,0.13247882,0.5,1.0,1.0,1.5,-0.00089288224,0.022188485
0.45221817,0.13524634,0.5,1.0,1.0,1.5,-0.0030269981,0.011607051
0.12626018,0.25692555,0.5,1.0,1.0,1.5,0.064762376,0.3883489
0.8678864,0.6939981,0.5,1.0,1.0,1.5,-0.04570362,0.73806137
0.86503834,0.7021007,0.5,1.0,1.0,1.5,-0.048036195,0.7178485
0.10942656,0.018054714,0.5,1.0,1.0,1.5,-0.0001663575,0.037340045
0.76638186,0.018705565,0.5,1.0,1.0,1.5,0.0017153098,0.005287826
0.98034704,0.76883966,0.5,1.0,1.0,1.5,-0.044871226,0.74211115
0.23014548,0.98266536,0.5,1.0,1.0,1.5,0.0039393357,0.99959004
0.517248,0.019335024,0.5,1.0,1.0,1.5,0.0033139433,-0.03192699
0.9819548,0.5195235,0.5,1.0,1.0,1.5,-0.06268697,0.49840572
0.4800931,0.982522,0.5,1.0,1.0,1.5,-0.0022579469,0.97926974
0.26634496,0.018761607,0.5,1.0,1.0,1.5,0.0016110621,0.00022113323
0.9826455,0.26990137,0.5,1.0,1.0,1.5,-0.049950585,0.23767066
0.72961706,0.98267734,0.5,1.0,1.0,1.5,-0.00024863775,0.983796
0.9799022,0.030373277,0.5,1.0,1.0,1.5,-0.009555037,0.014423311
0.9696392,0.97994226,0.5,1.0,1.0,1.5,-0.0035480955,1.021095
0.63482624,0.21848868,0.5,1.0,1.0,1.5,-0.030598432,0.21985146
0.78049344,0.8862515,0.5,1.0,1.0,1.5,-0.006478794,0.9934992
0.31674895,0.38172066,0.5,1.0,1.0,1.5,0.035397384,0.65404284
0.6182911,0.5667726,0.5,1.0,1.0,1.5,0.027959194,0.6531484
0.638553,0.23048598,0.5,1.0,1.0,1.5,-0.029678132,0.20116168
0.76837075,0.8888779,0.5,1.0,1.0,1.5,-0.0057841446,0.9831145
0.017164636,0.88997936,0.5,1.0,1.0,1.5,0.021059396,0.9012855
0.019060425,0.23127453,0.5,1.0,1.0,1.5,0.05901185,0.33770722
0.018756432,0.48356894,0.5,1.0,1.0,1.5,0.041859318,0.58437943
0.019882351,0.7335188,0.5,1.0,1.0,1.5,0.034309026,0.76952136
0.5953344,0.18080923,0.5,1.0,1.0,1.5,-0.019530661,0.11915055
0.81985617,0.84482473,0.5,1.0,1.0,1.5,-0.019787345,0.89760834
0.9333102,0.960857,0.5,1.0,1.0,1.5,-0.0074674264,0.9140202
0.90816134,0.96955025,0.5,1.0,1.0,1.5,-0.006416559,0.95446366
0.96074873,0.066611856,0.5,1.0,1.0,1.5,-0.020367902,0.067560256
0.96931654,0.09191271,0.5,1.0,1.0,1.5,-0.02235882,0.111135334
0.72812986,0.97500163,0.5,1.0,1.0,1.5,-0.0020601172,1.0023093
0.68536115,0.9587252,0.5,1.0,1.0,1.5,-0.0036365446,0.96196175
0.6590765,0.96945053,0.5,1.0,1.0,1.5,0.0013315466,0.9355559
0.47981232,0.974545,0.5,1.0,1.0,1.5,-0.0013710423,0.9421612
0.43421543,0.9598588,0.5,1.0,1.0,1.5,0.0026922869,0.9444768
0.40869933,0.96945816,0.5,1.0,1.0,1.5,0.0018801913,1.0011593
0.22984725,0.9748008,0.5,1.0,1.0,1.5,-0.0035231868,0.9566188
0.18440191,0.9595286,0.5,1.0,1.0,1.5,0.0008693049,0.9958724
0.15859392,0.9692328,0.5,1.0,1.0,1.5,0.002812948,1.0115913
0.974762,0.27021253,0.5,1.0,1.0,1.5,-0.04675356,0.25264198
0.95974636,0.31558532,0.5,1.0,1.0,1.5,-0.0435537,0.40524632
0.96954745,0.34110728,0.5,1.0,1.0,1.5,-0.041177407,0.29712626
0.973331,0.5197435,0.5,1.0,1.0,1.5,-0.061693802,0.46052682
0.95940745,0.5658355,0.5,1.0,1.0,1.5,-0.06247308,0.54329866
0.9697793,0.59159034,0.5,1.0,1.0,1.5,-0.05889606,0.540262
0.9596052,0.8156009,0.5,1.0,1.0,1.5,-0.039581247,0.7074165
0.9697598,0.8387296,0.5,1.0,1.0,1.5,-0.03186255,0.84596837
0.52163756,0.36053056,0.5,1.0,1.0,1.5,-0.0077415574,0.57896155
0.6393978,0.77148384,0.5,1.0,1.0,1.5,0.003831793,0.848341
0.8324338,0.028762467,0.5,1.0,1.0,1.5,-0.005116023,0.03208232
0.7781964,0.03227179,0.5,1.0,1.0,1.5,-0.00052773533,0.021440983
0.38865653,0.10499639,0.5,1.0,1.0,1.5,0.0047802906,0.01170063
0.75685173,0.023613777,0.5,1.0,1.0,1.5,-0.005262104,0.00200814
0.7505465,0.026348144,0.5,1.0,1.0,1.5,-5.721976e-05,0.016798317
0.68441683,0.029232629,0.5,1.0,1.0,1.5,0.00047502737,0.04177183
0.5860044,0.028274992,0.5,1.0,1.0,1.5,0.005272378,0.04368347
0.52977127,0.03317671,0.5,1.0,1.0,1.5,0.008841708,0.035257816
0.5073237,0.02555775,0.5,1.0,1.0,1.5,0.007894721,0.037264884
0.5001966,0.026995301,0.5,1.0,1.0,1.5,0.0051146867,0.02069503
0.3358159,0.02818949,0.5,1.0,1.0,1.5,-0.0015625516,0.031385124
0.27760357,0.033816356,0.5,1.0,1.0,1.5,-0.001558559,0.016095042
0.25674123,0.02322775,0.5,1.0,1.0,1.5,-0.0020270962,0.005337715
0.25040492,0.025881374,0.5,1.0,1.0,1.5,0.0005908357,0.00014841557
0.18531016,0.02784649,0.5,1.0,1.0,1.5,0.00034227758,0.017801225
0.64791906,0.22663221,0.5,1.0,1.0,1.5,-0.03278248,0.21010312
0.64761424,0.21685697,0.5,1.0,1.0,1.5,-0.026636494,0.24412647
0.27766278,0.12884651,0.5,1.0,1.0,1.5,0.009115972,0.06577137
0.13456671,0.20207024,0.5,1.0,1.0,1.5,0.044425312,0.27772105
0.112952515,0.23689367,0.5,1.0,1.0,1.5,0.06342127,0.28355044
0.77105135,0.89831084,0.5,1.0,1.0,1.5,-0.004674306,0.94111013
0.77990425,0.89903736,0.5,1.0,1.0,1.5,-0.00720099,0.98156965
0.8760834,0.5298536,0.5,1.0,1.0,1.5,-0.052328244,0.5289175
0.79988533,0.38454178,0.5,1.0,1.0,1.5,-0.023946285,0.39951962
0.7650855,0.36277732,0.5,1.0,1.0,1.5,-0.030175492,0.29292277
0.75856954,0.35518402,0.5,1.0,1.0,1.5,-0.02917878,0.2932582
0.70378697,0.36730152,0.5,1.0,1.0,1.5,-0.014658922,0.37116784
0.27057865,0.035368767,0.5,1.0,1.0,1.5,0.0027845914,0.09502149
0.523405,0.035198513,0.5,1.0,1.0,1.5,0.009237362,0.02235818
0.77148575,0.034794357,0.5,1.0,1.0,1.5,-0.0009791758,0.092252016
0.6229076,0.30546045,0.5,1.0,1.0,1.5,-0.032585777,0.36790356
0.6947144,0.8730495,0.5,1.0,1.0,1.5,-0.0028213002,0.90494144
0.3576743,0.39617732,0.5,1.0,1.0,1.5,0.021637427,0.70683944
0.6037906,0.60771894,0.5,1.0,1.0,1.5,0.02030298,0.63663983
0.42852637,0.11022788,0.5,1.0,1.0,1.5,0.001920603,-0.014239907
0.040941264,0.9503839,0.5,1.0,1.0,1.5,0.0075881802,0.940606
0.86271834,0.045566,0.5,1.0,1.0,1.5,-0.007569773,0.0101720095
0.8296588,0.03685003,0.5,1.0,1.0,1.5,3.1079166e-05,0.017836094
0.82244223,0.03688383,0.5,1.0,1.0,1.5,-0.0057527237,0.07420385
0.5220394,0.3698833,0.5,1.0,1.0,1.5,-0.0076092836,0.5640698
0.51346374,0.37192696,0.5,1.0,1.0,1.5,-0.0061447145,0.61013865
0.6305824,0.7722664,0.5,1.0,1.0,1.5,0.007394922,0.856436
0.62711424,0.763785,0.5,1.0,1.0,1.5,0.0021929457,0.828687
0.5493569,0.04755423,0.5,1.0,1.0,1.5,0.008125169,0.042475462
0.56574225,0.046038575,0.5,1.0,1.0,1.5,0.006220258,0.034480333
0.5914086,0.0352023,0.5,1.0,1.0,1.5,0.00301296,0.061266094
0.59469557,0.039854545,0.5,1.0,1.0,1.5,0.003981295,0.033177793
0.029557148,0.06407389,0.5,1.0,1.0,1.5,0.022167545,0.10170692
0.7105652,0.05170582,0.5,1.0,1.0,1.5,-0.002257296,0.013297379
0.76157886,0.027115235,0.5,1.0,1.0,1.5,-0.0017588423,0.051001787
0.6741862,0.0361844,0.5,1.0,1.0,1.5,-0.0012865928,0.06667143
0.66627717,0.03612326,0.5,1.0,1.0,1.5,-0.0023232992,0.07681233
0.6145109,0.044781588,0.5,1.0,1.0,1.5,0.007456896,0.09143263
0.60673535,0.046896275,0.5,1.0,1.0,1.5,0.004734506,0.043695927
0.60936356,0.33268443,0.5,1.0,1.0,1.5,-0.024461089,0.41441885
0.6678393,0.86032915,0.5,1.0,1.0,1.5,-0.0058536474,0.9362991
0.50679594,0.030654527,0.5,1.0,1.0,1.5,0.011790659,0.1335791
0.5024938,0.032707453,0.5,1.0,1.0,1.5,0.0032302376,0.018618643
0.4982757,0.03512188,0.5,1.0,1.0,1.5,0.007195901,-0.0005207062
0.21086271,0.048474677,0.5,1.0,1.0,1.5,-0.0022343523,0.040006578
0.2613557,0.026762294,0.5,1.0,1.0,1.5,-0.0045259288,-0.022806704
0.32732734,0.036628615,0.5,1.0,1.0,1.5,-0.0021407413,-0.0031428933
0.34702158,0.041136898,0.5,1.0,1.0,1.5,-0.0005435832,-0.026211083
0.17573209,0.035465043,0.5,1.0,1.0,1.5,0.0027424297,0.010380149
0.16749804,0.03609565,0.5,1.0,1.0,1.5,0.0021304549,0.07907456
0.45480895,0.039795958,0.5,1.0,1.0,1.5,0.0018109392,-0.030069292
0.43708056,0.038952302,0.5,1.0,1.0,1.5,0.0038735876,-0.011085212
0.36309627,0.045043554,0.5,1.0,1.0,1.5,0.001361154,0.03888774
0.028822338,0.16436991,0.5,1.0,1.0,1.5,0.04861209,0.24347809
0.028353838,0.22258769,0.5,1.0,1.0,1.5,0.0667126,0.30603454
0.027449965,0.3146687,0.5,1.0,1.0,1.5,0.06709385,0.42339146
0.027626622,0.41357812,0.5,1.0,1.0,1.5,0.053775243,0.51802176
0.033898547,0.47224933,0.5,1.0,1.0,1.5,0.0426735,0.5724814
0.023144796,0.49312884,0.5,1.0,1.0,1.5,0.035308443,0.5649555
0.02576219,0.4993754,0.5,1.0,1.0,1.5,0.041406013,0.53549516
0.029196486,0.5655329,0.5,1.0,1.0,1.5,0.03888599,0.6592112
0.026573682,0.6626725,0.5,1.0,1.0,1.5,0.040698823,0.72024167
0.03495412,0.7210437,0.5,1.0,1.0,1.5,0.03558881,0.82519126
0.026267994,0.7439928,0.5,1.0,1.0,1.5,0.039071158,0.80828404
0.026768258,0.7516645,0.5,1.0,1.0,1.5,0.032380853,0.7731608
0.028913114,0.8156816,0.5,1.0,1.0,1.5,0.024707217,0.8850008
0.95125204,0.108169176,0.5,1.0,1.0,1.5,-0.024036787,0.06272781
0.9487845,0.24479027,0.5,1.0,1.0,1.5,-0.043133616,0.19967633
0.9529324,0.3566152,0.5,1.0,1.0,1.5,-0.046806928,0.3503282
0.95018786,0.493706,0.5,1.0,1.0,1.5,-0.052152514,0.50517815
0.953562,0.6075738,0.5,1.0,1.0,1.5,-0.059515357,0.59381807
0.95017076,0.740813,0.5,1.0,1.0,1.5,-0.047837764,0.722547
0.8921827,0.9521139,0.5,1.0,1.0,1.5,0.00025365734,1.0241129
0.756256,0.94845074,0.5,1.0,1.0,1.5,-0.0040628496,0.99373186
0.6431149,0.95331794,0.5,1.0,1.0,1.5,-0.006247122,0.9578576
0.5054582,0.9485311,0.5,1.0,1.0,1.5,-0.002131544,0.9176308
0.39264855,0.9526292,0.5,1.0,1.0,1.5,-0.0022101384,0.93667996
0.25516728,0.9486451,0.5,1.0,1.0,1.5,0.0026510903,0.948802
0.14225097,0.95198697,0.5,1.0,1.0,1.5,0.0045920913,0.9670031
0.37865573,0.0964114,0.5,1.0,1.0,1.5,-0.0004727915,0.023776472
0.79061353,0.9012068,0.5,1.0,1.0,1.5,-0.007148738,0.9448925
0.77739745,0.9109425,0.5,1.0,1.0,1.5,-0.00428316,0.9523213
0.65925926,0.41725326,0.5,1.0,1.0,1.5,-0.004058582,0.41431433
0.6957845,0.3619062,0.5,1.0,1.0,1.5,-0.023901379,0.37096334
0.630186,0.1870519,0.5,1.0,1.0,1.5,-0.0148022715,0.1077224
0.6603659,0.21775728,0.5,1.0,1.0,1.5,-0.027770795,0.22049084
0.10287238,0.25804114,0.5,1.0,1.0,1.5,0.067789584,0.3551404
0.6597059,0.85075355,0.5,1.0,1.0,1.5,-0.006580578,0.9179235
0.8997634,0.5575354,0.5,1.0,1.0,1.5,-0.057951223,0.5456201
0.5995324,0.34130654,0.5,1.0,1.0,1.5,-0.020943776,0.41787267
0.3069428,0.09915285,0.5,1.0,1.0,1.5,0.0051460993,0.0007022023
0.42459723,0.09605261,0.5,1.0,1.0,1.5,0.0048774937,0.036853015
0.42939073,0.09893588,0.5,1.0,1.0,1.5,-0.00077651953,0.030836105
0.036916997,0.7280959,0.5,1.0,1.0,1.5,0.03229393,0.7893587
0.035291817,0.47930184,0.5,1.0,1.0,1.5,0.044204094,0.56073713
0.9608302,0.22139117,0.5,1.0,1.0,1.5,-0.045290094,0.21767429
0.96006215,0.71936196,0.5,1.0,1.0,1.5,-0.052420445,0.7280993
0.77779543,0.960415,0.5,1.0,1.0,1.5,-0.00072924607,0.9603706
0.52898026,0.96026254,0.5,1.0,1.0,1.5,-0.00065299263,1.0221214
0.9610436,0.47071534,0.5,1.0,1.0,1.5,-0.052424602,0.4667389
0.27875724,0.9604482,0.5,1.0,1.0,1.5,0.0009397443,0.987262
0.19961126,0.96411645,0.5,1.0,1.0,1.5,0.001998961,0.95247984
0.21562158,0.9640353,0.5,1.0,1.0,1.5,0.0060697505,0.9477562
0.22407335,0.96560144,0.5,1.0,1.0,1.5,0.0049774847,0.9911518
0.7294318,0.35982415,0.5,1.0,1.0,1.5,-0.02681126,0.3068229
0.2754603,0.122903615,0.5,1.0,1.0,1.5,0.00841056,0.06589416
0.96513677,0.051016696,0.5,1.0,1.0,1.5,-0.012983952,0.047242105
0.96412283,0.30042267,0.5,1.0,1.0,1.5,-0.043974187,0.26547325
0.964471,0.5502562,0.5,1.0,1.0,1.5,-0.05970092,0.48265305
0.9639601,0.28445148,0.5,1.0,1.0,1.5,-0.043318953,0.25222814
0.96552855,0.27600533,0.5,1.0,1.0,1.5,-0.04338668,0.23337415
0.9647098,0.5349345,0.5,1.0,1.0,1.5,-0.060803868,0.48776504
0.96536964,0.8008352,0.5,1.0,1.0,1.5,-0.042468112,0.7929549
0.9644084,0.78767556,0.5,1.0,1.0,1.5,-0.038170222,0.7642404
0.9621535,0.7797678,0.5,1.0,1.0,1.5,-0.04416076,0.77855515
0.7013389,0.9636278,0.5,1.0,1.0,1.5,-0.004310524,0.9309124
0.71740925,0.9659784,0.5,1.0,1.0,1.5,-0.0060503194,1.0231534
0.7242115,0.9694745,0.5,1.0,1.0,1.5,-0.0011320445,0.95863855
0.44937167,0.9641011,0.5,1.0,1.0,1.5,0.0019844363,0.9590291
0.9645574,0.5272258,0.5,1.0,1.0,1.5,-0.06374653,0.49747157
0.46554852,0.96334434,0.5,1.0,1.0,1.5,0.00040802825,0.95348954
0.47407874,0.965124,0.5,1.0,1.0,1.5,-0.0005535111,0.9566655
0.9489783,0.96523213,0.5,1.0,1.0,1.5,-0.008174913,0.9550249
0.37028342,0.106347136,0.5,1.0,1.0,1.5,0.0023463955,0.02979976
0.794832,0.959287,0.5,1.0,1.0,1.5,0.00031261053,0.98790324
0.5465377,0.9601963,0.5,1.0,1.0,1.5,0.0011421868,1.0096982
0.29614767,0.96001863,0.5,1.0,1.0,1.5,0.0025677104,0.9368532
0.9615324,0.20432594,0.5,1.0,1.0,1.5,-0.036863316,0.19333664
0.960554,0.45355943,0.5,1.0,1.0,1.5,-0.053413235,0.42819604
0.95993495,0.7021412,0.5,1.0,1.0,1.5,-0.05269809,0.6787502
0.50504434,0.037959542,0.5,1.0,1.0,1.5,0.0037549392,-0.008665144
0.9626701,0.1514298,0.5,1.0,1.0,1.5,-0.033107918,0.1608198
0.962495,0.4016857,0.5,1.0,1.0,1.5,-0.04985856,0.38240984
0.9632984,0.65231735,0.5,1.0,1.0,1.5,-0.059009828,0.65295404
0.84730035,0.9617371,0.5,1.0,1.0,1.5,0.000874694,0.98749363
0.5982735,0.9629557,0.5,1.0,1.0,1.5,-0.002074114,0.9655354
0.3481262,0.96306145,0.5,1.0,1.0,1.5,0.0017610764,0.9798877
0.099323,0.96354073,0.5,1.0,1.0,1.5,0.0071231253,0.95565736
0.26261467,0.39070418,0.5,1.0,1.0,1.5,0.039748635,0.61248994
0.6093105,0.51276773,0.5,1.0,1.0,1.5,0.026895674,0.6517293
0.4295373,0.09047391,0.5,1.0,1.0,1.5,0.0012290794,0.05097568
0.55756515,0.039685555,0.5,1.0,1.0,1.5,0.0075501516,0.015918732
0.8952039,0.761361,0.5,1.0,1.0,1.5,-0.04515599,0.7205912
0.51121515,0.103616506,0.5,1.0,1.0,1.5,-0.0010163463,0.060670376
0.024661412,0.9457135,0.5,1.0,1.0,1.5,0.015661042,0.9711324
0.83997065,0.85772556,0.5,1.0,1.0,1.5,-0.019926365,0.89876163
0.96326363,0.18699257,0.5,1.0,1.0,1.5,-0.039414182,0.19963348
0.8127814,0.9612271,0.5,1.0,1.0,1.5,0.0003755167,1.0111897
0.31401742,0.9620363,0.5,1.0,1.0,1.5,0.0038873951,0.94906473
0.9634325,0.6855128,0.5,1.0,1.0,1.5,-0.053876463,0.67152256
0.5644044,0.96228445,0.5,1.0,1.0,1.5,-0.0031657848,0.9500768
0.96229845,0.43591234,0.5,1.0,1.0,1.5,-0.050173026,0.3840415
0.33309096,0.107330814,0.5,1.0,1.0,1.5,0.0011191303,0.034049034
0.4818077,0.967464,0.5,1.0,1.0,1.5,0.0029198274,0.9498781
0.23174916,0.96777064,0.5,1.0,1.0,1.5,0.0013748584,0.9883357
0.9677179,0.26832008,0.5,1.0,1.0,1.5,-0.046346165,0.20519993
0.062078234,0.9578841,0.5,1.0,1.0,1.5,0.010364732,0.9905051
0.85620296,0.05569499,0.5,1.0,1.0,1.5,-0.01154896,0.06933865
0.86761826,0.47656015,0.5,1.0,1.0,1.5,-0.051262986,0.44035515
0.22156885,0.12882778,0.5,1.0,1.0,1.5,0.015774297,0.048362315
0.18240805,0.042853907,0.5,1.0,1.0,1.5,0.004251647,0.045537055
0.62339455,0.774323,0.5,1.0,1.0,1.5,0.0037583576,0.8821229
0.28003123,0.1079208,0.5,1.0,1.0,1.5,0.004225252,0.037242472
0.5229448,0.37925714,0.5,1.0,1.0,1.5,-0.0025271405,0.5789284
0.51451665,0.3815031,0.5,1.0,1.0,1.5,-0.0016030441,0.5721047
0.6725946,0.042986877,0.5,1.0,1.0,1.5,-0.0018254318,0.026551425
0.6075528,0.05584064,0.5,1.0,1.0,1.5,0.0027461369,0.080890715
0.035889857,0.6691237,0.5,1.0,1.0,1.5,0.03684851,0.7405877
0.036894284,0.6531318,0.5,1.0,1.0,1.5,0.037459996,0.73051614
0.45350242,0.04949813,0.5,1.0,1.0,1.5,0.0013623692,0.0051553845
0.35685992,0.05708435,0.5,1.0,1.0,1.5,-0.0007215007,0.00072336197
0.036015984,0.42163008,0.5,1.0,1.0,1.5,0.055815984,0.55652434
0.039877675,0.40200207,0.5,1.0,1.0,1.5,0.050854754,0.5330214
0.784622,0.04741884,0.5,1.0,1.0,1.5,-0.004343909,0.039649427
0.7688273,0.051113088,0.5,1.0,1.0,1.5,-0.004392877,0.019488037
0.77210945,0.9400934,0.5,1.0,1.0,1.5,-0.0036910488,0.9504766
0.3685792,0.4054995,0.5,1.0,1.0,1.5,0.023568595,0.6337676
0.49178883,0.08564233,0.5,1.0,1.0,1.5,0.0037655616,0.03330666
0.6410789,0.29858753,0.5,1.0,1.0,1.5,-0.034708343,0.32100737
0.051608264,0.53915066,0.5,1.0,1.0,1.5,0.038082834,0.62792933
0.026638543,0.48850477,0.5,1.0,1.0,1.5,0.035427712,0.56021386
0.036150888,0.5758147,0.5,1.0,1.0,1.5,0.041086733,0.6641504
0.036063496,0.58378327,0.5,1.0,1.0,1.5,0.040865574,0.64600444
0.042954378,0.63751876,0.5,1.0,1.0,1.5,0.032556154,0.7523918
0.03335148,0.74333453,0.5,1.0,1.0,1.5,0.03253048,0.82563794
0.03500368,0.75068754,0.5,1.0,1.0,1.5,0.03492034,0.8227839
0.048610806,0.7892935,0.5,1.0,1.0,1.5,0.03489999,0.6956088
0.035832074,0.8259098,0.5,1.0,1.0,1.5,0.03063239,0.89239717
0.03572355,0.8338682,0.5,1.0,1.0,1.5,0.02672083,0.8490144
0.038969263,0.2762466,0.5,1.0,1.0,1.5,0.06974099,0.38552582
0.050055195,0.18659978,0.5,1.0,1.0,1.5,0.05422082,0.22448269
0.03514722,0.15829499,0.5,1.0,1.0,1.5,0.04615583,0.22821918
0.03941955,0.15473554,0.5,1.0,1.0,1.5,0.041314673,0.20073828
0.037336115,0.3228839,0.5,1.0,1.0,1.5,0.07116124,0.41967285
0.03732984,0.3321144,0.5,1.0,1.0,1.5,0.07017129,0.3727966
0.043013982,0.38634717,0.5,1.0,1.0,1.5,0.057087597,0.4943524
0.040410403,0.05132483,0.5,1.0,1.0,1.5,0.013269749,0.06067404
0.0441335,0.135224,0.5,1.0,1.0,1.5,0.038037278,0.1238628
0.046017382,0.14259607,0.5,1.0,1.0,1.5,0.03654063,0.17674133
0.56882954,0.05330629,0.5,1.0,1.0,1.5,0.0041998215,0.065556675
0.615102,0.35125834,0.5,1.0,1.0,1.5,-0.022437504,0.42229047
0.5725974,0.34853244,0.5,1.0,1.0,1.5,-0.014709815,0.45882824
0.10544887,0.21331017,0.5,1.0,1.0,1.5,0.05311966,0.20901015
0.122371964,0.1715575,0.5,1.0,1.0,1.5,0.046956435,0.19027877
0.78829324,0.9136029,0.5,1.0,1.0,1.5,-0.0013530608,1.0333014
0.70186216,0.8908342,0.5,1.0,1.0,1.5,-0.0074312836,0.94357693
0.6487422,0.8639278,0.5,1.0,1.0,1.5,-0.0031310637,0.9695083
0.5944145,0.61868364,0.5,1.0,1.0,1.5,0.019400168,0.6840856
0.6883399,0.35621247,0.5,1.0,1.0,1.5,-0.022224573,0.3799666
0.7088698,0.3519884,0.5,1.0,1.0,1.5,-0.034482054,0.30513594
0.72109437,0.35448012,0.5,1.0,1.0,1.5,-0.030265067,0.27971536
0.6621724,0.39871514,0.5,1.0,1.0,1.5,-0.0071485937,0.4071396
0.6244118,0.45890164,0.5,1.0,1.0,1.5,0.017261572,0.5971567
0.9166165,0.74697375,0.5,1.0,1.0,1.5,-0.045068458,0.80051565
0.5999888,0.057419118,0.5,1.0,1.0,1.5,-0.00023216894,0.08369443
0.92867064,0.23679695,0.5,1.0,1.0,1.5,-0.036907203,0.20955396
0.93019503,0.48525766,0.5,1.0,1.0,1.5,-0.055300917,0.4324453
0.51337785,0.92838407,0.5,1.0,1.0,1.5,-0.0038716388,0.92255616
0.262857,0.92850155,0.5,1.0,1.0,1.5,0.0035380404,0.93049395
0.6173198,0.8095867,0.5,1.0,1.0,1.5,0.00301285,0.9023764
0.6111298,0.80183095,0.5,1.0,1.0,1.5,0.0065525593,0.88329947
0.14683802,0.939032,0.5,1.0,1.0,1.5,0.00809939,0.96043366
0.94068897,0.35221526,0.5,1.0,1.0,1.5,-0.04511969,0.31194472
0.9424276,0.6027974,0.5,1.0,1.0,1.5,-0.05483481,0.56819105
0.89634013,0.93941706,0.5,1.0,1.0,1.5,-0.007938546,1.0211556
0.647827,0.94149625,0.5,1.0,1.0,1.5,-0.0061720395,0.9135227
0.39708576,0.93985146,0.5,1.0,1.0,1.5,0.004132615,0.9102564
0.80837846,0.36033195,0.5,1.0,1.0,1.5,-0.035385244,0.3930475
0.67339134,0.21860836,0.5,1.0,1.0,1.5,-0.028096661,0.23691264
0.30971056,0.09023769,0.5,1.0,1.0,1.5,-0.004033192,0.038651586
0.31865776,0.09256693,0.5,1.0,1.0,1.5,0.004180146,0.052688003
0.10610246,0.3249953,0.5,1.0,1.0,1.5,0.061243106,0.45199892
0.10369172,0.054286152,0.5,1.0,1.0,1.5,0.010965437,0.03542155
0.51333404,0.0965487,0.5,1.0,1.0,1.5,0.0021708705,0.07574764
0.90137225,0.76381725,0.5,1.0,1.0,1.5,-0.042583708,0.77649117
0.91100144,0.6718157,0.5,1.0,1.0,1.5,-0.05372287,0.649018
0.59271973,0.059544392,0.5,1.0,1.0,1.5,0.004091618,0.042782784
0.033913385,0.89493406,0.5,1.0,1.0,1.5,0.016452078,0.90780246
0.625495,0.7806838,0.5,1.0,1.0,1.5,0.005821752,0.8971123
0.6193792,0.77835923,0.5,1.0,1.0,1.5,0.0068409042,0.85216427
0.08502982,0.03387582,0.5,1.0,1.0,1.5,0.0112013575,0.07777059
0.5312342,0.3765752,0.5,1.0,1.0,1.5,-0.0034333263,0.5617025
0.531902,0.38359737,0.5,1.0,1.0,1.5,-0.0023151464,0.5331861
0.10751828,0.28413227,0.5,1.0,1.0,1.5,0.06341425,0.3562479
0.1756052,0.35805348,0.5,1.0,1.0,1.5,0.04953362,0.5454617
0.9180912,0.6842982,0.5,1.0,1.0,1.5,-0.050359357,0.720498
0.8393615,0.05267801,0.5,1.0,1.0,1.5,-0.00871872,0.024325907
0.07087628,0.035059944,0.5,1.0,1.0,1.5,0.011062453,0.04505253
0.0621306,0.036045488,0.5,1.0,1.0,1.5,0.012351202,0.064354956
0.64066446,0.18796821,0.5,1.0,1.0,1.5,-0.018532002,0.13105461
0.6663722,0.2817268,0.5,1.0,1.0,1.5,-0.036343593,0.27998096
0.8053928,0.90129215,0.5,1.0,1.0,1.5,-0.0058269007,0.91375816
0.71856976,0.91266245,0.5,1.0,1.0,1.5,-0.010121808,0.96205175
0.5825948,0.5933516,0.5,1.0,1.0,1.5,0.026593007,0.7048329
0.34335798,0.41737723,0.5,1.0,1.0,1.5,0.023521716,0.67923415
0.827627,0.051259838,0.5,1.0,1.0,1.5,-0.005924261,0.039830685
0.6943371,0.05409917,0.5,1.0,1.0,1.5,-0.007503598,0.069383025
0.19358185,0.0525032,0.5,1.0,1.0,1.5,0.0006301445,0.012454152
0.5137372,0.04810589,0.5,1.0,1.0,1.5,-0.0014544348,0.058472008
0.2778462,0.10020045,0.5,1.0,1.0,1.5,0.006346423,0.02870375
0.5312877,0.05470345,0.5,1.0,1.0,1.5,0.010953166,0.02631861
0.30155024,0.41523418,0.5,1.0,1.0,1.5,0.025799107,0.62025523
0.7214941,0.34454417,0.5,1.0,1.0,1.5,-0.028651223,0.31907648
0.6542124,0.39299244,0.5,1.0,1.0,1.5,-0.01080732,0.45349672
0.58509177,0.55163807,0.5,1.0,1.0,1.5,0.025904855,0.6831302
0.28283727,0.061781023,0.5,1.0,1.0,1.5,-0.00033581653,0.02722174
0.21961553,0.06039367,0.5,1.0,1.0,1.5,-0.002458937,0.04553181
0.7256562,0.06371581,0.5,1.0,1.0,1.5,-0.009348178,0.06601223
0.73407936,0.33388683,0.5,1.0,1.0,1.5,-0.030893039,0.3172055
0.57217497,0.060302895,0.5,1.0,1.0,1.5,0.004389664,0.06329396
0.56657207,0.06503287,0.5,1.0,1.0,1.5,0.007936163,0.027997017
0.33921504,0.04256258,0.5,1.0,1.0,1.5,0.0037545355,0.0041083097
0.34248635,0.04663233,0.5,1.0,1.0,1.5,0.00038730167,0.00041890144
0.72599316,0.9225567,0.5,1.0,1.0,1.5,-0.0004924638,0.99101925
0.88879347,0.059966825,0.5,1.0,1.0,1.5,-0.011842226,0.065653056
0.94100046,0.59652466,0.5,1.0,1.0,1.5,-0.05580198,0.5915857
0.5419116,0.06432612,0.5,1.0,1.0,1.5,0.002187882,0.07409924
0.551918,0.0724274,0.5,1.0,1.0,1.5,0.004024458,0.021688461
0.65216494,0.057630595,0.5,1.0,1.0,1.5,0.001292371,0.028167248
0.6007043,0.06676697,0.5,1.0,1.0,1.5,0.0034248221,0.057220757
0.7667479,0.061002728,0.5,1.0,1.0,1.5,-0.008381517,0.0582425
0.95782435,0.788809,0.5,1.0,1.0,1.5,-0.041152857,0.75725245
0.7224878,0.95872045,0.5,1.0,1.0,1.5,-0.0009959624,0.90030915
0.27814683,0.069284916,0.5,1.0,1.0,1.5,0.00508394,-0.0046368837
0.86248314,0.4186799,0.5,1.0,1.0,1.5,-0.04258306,0.36764175
0.535487,0.10515124,0.5,1.0,1.0,1.5,0.005646622,0.056364417
0.54838496,0.11822021,0.5,1.0,1.0,1.5,-0.00016094814,0.080331236
0.5635246,0.12024032,0.5,1.0,1.0,1.5,-0.00031859218,0.07234529
0.2549517,0.39570716,0.5,1.0,1.0,1.5,0.034829818,0.6086409
0.054394435,0.7320764,0.5,1.0,1.0,1.5,0.032837816,0.8146491
0.46834117,0.9544657,0.5,1.0,1.0,1.5,-0.0034003397,0.979905
0.28089163,0.08105854,0.5,1.0,1.0,1.5,0.0021142932,0.025695562
0.054852564,0.28386614,0.5,1.0,1.0,1.5,0.068959825,0.3430829
0.95555115,0.28200644,0.5,1.0,1.0,1.5,-0.04706473,0.25913867
0.95799583,0.53340185,0.5,1.0,1.0,1.5,-0.06500365,0.50473714
0.88603956,0.52044684,0.5,1.0,1.0,1.5,-0.05515004,0.47404084
0.91264814,0.5302234,0.5,1.0,1.0,1.5,-0.0574721,0.46920592
0.21807909,0.9557102,0.5,1.0,1.0,1.5,0.0061413134,0.8999803
0.8923941,0.78425795,0.5,1.0,1.0,1.5,-0.037155665,0.8085763
0.882327,0.7932717,0.5,1.0,1.0,1.5,-0.033550743,0.80206454
0.88255215,0.80830395,0.5,1.0,1.0,1.5,-0.0295928,0.83267194
0.44508427,0.05769463,0.5,1.0,1.0,1.5,0.006302775,-0.0006402135
0.39048055,0.062876955,0.5,1.0,1.0,1.5,0.002546907,0.041405678
0.46565303,0.08180082,0.5,1.0,1.0,1.5,0.0035274727,0.027540565
0.48202825,0.08291883,0.5,1.0,1.0,1.5,0.0032890514,0.04622388
0.16384399,0.1471993,0.5,1.0,1.0,1.5,0.028771032,0.12194875
0.80398697,0.34968695,0.5,1.0,1.0,1.5,-0.031584624,0.3009376
0.82002145,0.35399884,0.5,1.0,1.0,1.5,-0.033325132,0.31573164
0.8287402,0.3563842,0.5,1.0,1.0,1.5,-0.041531116,0.36771595
0.7773685,0.33543888,0.5,1.0,1.0,1.5,-0.027763516,0.29239586
0.8704134,0.44976458,0.5,1.0,1.0,1.5,-0.043733105,0.40472713
0.8714187,0.4577046,0.5,1.0,1.0,1.5,-0.047289483,0.37622678
0.8924379,0.5037159,0.5,1.0,1.0,1.5,-0.054127,0.47894198
0.91169626,0.61815584,0.5,1.0,1.0,1.5,-0.055974383,0.6491582
0.919014,0.6205304,0.5,1.0,1.0,1.5,-0.057829425,0.575908
0.9185121,0.71492875,0.5,1.0,1.0,1.5,-0.048800018,0.7169124
0.9246783,0.737308,0.5,1.0,1.0,1.5,-0.047950123,0.7186221
0.8788525,0.8257769,0.5,1.0,1.0,1.5,-0.02884968,0.85913026
0.8631708,0.8408141,0.5,1.0,1.0,1.5,-0.02145231,0.90062535
0.60826504,0.3579757,0.5,1.0,1.0,1.5,-0.018524783,0.4729504
0.13025743,0.071059525,0.5,1.0,1.0,1.5,0.015577146,0.09003633
0.60411674,0.5050098,0.5,1.0,1.0,1.5,0.021364355,0.58354783
0.0425015,0.8275111,0.5,1.0,1.0,1.5,0.029380327,0.86874956
0.043006845,0.5774781,0.5,1.0,1.0,1.5,0.04025518,0.6915311
0.052724637,0.6461666,0.5,1.0,1.0,1.5,0.04024151,0.6926484
0.043400206,0.3164033,0.5,1.0,1.0,1.5,0.06819192,0.41824615
0.40138587,0.92766845,0.5,1.0,1.0,1.5,0.0051582167,0.93929
0.69103616,0.8910814,0.5,1.0,1.0,1.5,-0.004376378,0.9851624
0.7991948,0.9169643,0.5,1.0,1.0,1.5,-0.0049039423,0.9522012
0.8992646,0.9264638,0.5,1.0,1.0,1.5,-0.0102709085,0.94776314
0.9524792,0.4429997,0.5,1.0,1.0,1.5,-0.054414805,0.46257836
0.054536738,0.14182244,0.5,1.0,1.0,1.5,0.040052786,0.18645355
0.049515724,0.058150128,0.5,1.0,1.0,1.5,0.01588231,0.086057305
0.055321768,0.14899608,0.5,1.0,1.0,1.5,0.042089064,0.21691293
0.6023745,0.80666417,0.5,1.0,1.0,1.5,0.0058616716,0.8734609
0.64097255,0.8446461,0.5,1.0,1.0,1.5,-0.0015026489,0.9442236
0.10905401,0.17467552,0.5,1.0,1.0,1.5,0.04651499,0.18053982
0.952944,0.6905354,0.5,1.0,1.0,1.5,-0.05812204,0.6707686
0.92507005,0.64496243,0.5,1.0,1.0,1.5,-0.057935946,0.6328882
0.6407657,0.3095743,0.5,1.0,1.0,1.5,-0.03029105,0.34567595
0.5888809,0.13889673,0.5,1.0,1.0,1.5,-0.006866102,0.099104136
0.5966421,0.14139777,0.5,1.0,1.0,1.5,-0.0069772927,0.10439333
0.9289322,0.34836248,0.5,1.0,1.0,1.5,-0.0444411,0.29947773
0.9546542,0.19424997,0.5,1.0,1.0,1.5,-0.03739458,0.16432786
0.67639214,0.2733479,0.5,1.0,1.0,1.5,-0.03269706,0.27955213
0.3068093,0.9519977,0.5,1.0,1.0,1.5,0.00426527,1.003598
0.15128954,0.9269672,0.5,1.0,1.0,1.5,0.009407402,0.94299316
0.557521,0.95274055,0.5,1.0,1.0,1.5,-0.0017323829,0.96021193
0.93451,0.747394,0.5,1.0,1.0,1.5,-0.046387527,0.7773732
0.65293753,0.87371546,0.5,1.0,1.0,1.5,-0.0043288786,0.9979945
0.56465554,0.57076067,0.5,1.0,1.0,1.5,0.027436089,0.61328703
0.6094424,0.48030356,0.5,1.0,1.0,1.5,0.019252345,0.6216585
0.6240162,0.3450853,0.5,1.0,1.0,1.5,-0.02293544,0.42811874
0.90991473,0.57466215,0.5,1.0,1.0,1.5,-0.0566548,0.5333066
0.32103512,0.43527433,0.5,1.0,1.0,1.5,0.02579326,0.6564976
0.22970077,0.39193264,0.5,1.0,1.0,1.5,0.03669649,0.63301206
0.052925996,0.39358506,0.5,1.0,1.0,1.5,0.052101113,0.5397694
0.12046787,0.15719739,0.5,1.0,1.0,1.5,0.03419432,0.19871941
0.6068955,0.7765951,0.5,1.0,1.0,1.5,0.0068175658,0.85672534
0.44745725,0.077197574,0.5,1.0,1.0,1.5,0.0023234645,-0.0048244
0.9195913,0.7600311,0.5,1.0,1.0,1.5,-0.048474804,0.7643763
0.11428119,0.34525484,0.5,1.0,1.0,1.5,0.060944263,0.49662113
0.040497668,0.9038531,0.5,1.0,1.0,1.5,0.024632383,0.9438565
0.55803436,0.40103593,0.5,1.0,1.0,1.5,0.0012698465,0.5324325
0.54657555,0.40065044,0.5,1.0,1.0,1.5,-0.0014272709,0.58376575
0.8606428,0.9395563,0.5,1.0,1.0,1.5,-0.0077722576,0.9349897
0.93461543,0.38109508,0.5,1.0,1.0,1.5,-0.045704257,0.42593965
0.941473,0.640173,0.5,1.0,1.0,1.5,-0.05389057,0.58881766
0.61184216,0.94135,0.5,1.0,1.0,1.5,-0.002689395,0.9890368
0.36117464,0.94109833,0.5,1.0,1.0,1.5,0.0014206739,0.93897307
0.09904007,0.9431778,0.5,1.0,1.0,1.5,0.008167409,0.97528887
0.94186616,0.15056314,0.5,1.0,1.0,1.5,-0.029343098,0.16449934
0.27390194,0.08412006,0.5,1.0,1.0,1.5,-0.0012376658,0.009388268
0.48706785,0.068608746,0.5,1.0,1.0,1.5,0.0039529423,-0.012476385
0.739325,0.32755005,0.5,1.0,1.0,1.5,-0.03347472,0.2836403
0.91893476,0.5591026,0.5,1.0,1.0,1.5,-0.05738036,0.54003274
0.93259215,0.7656873,0.5,1.0,1.0,1.5,-0.04193986,0.8048797
0.050328705,0.32159984,0.5,1.0,1.0,1.5,0.06846024,0.4302831
0.8423432,0.057218287,0.5,1.0,1.0,1.5,-0.010362633,0.05485165
0.5568063,0.07724234,0.5,1.0,1.0,1.5,0.004794836,-0.041484594
0.056486912,0.15572634,0.5,1.0,1.0,1.5,0.046522055,0.2019274
0.91992706,0.67749035,0.5,1.0,1.0,1.5,-0.057803184,0.6761199
0.34922695,0.060405158,0.5,1.0,1.0,1.5,0.0003070177,0.06076181
0.83387685,0.8721612,0.5,1.0,1.0,1.5,-0.01422465,0.9356874
0.9196648,0.6703546,0.5,1.0,1.0,1.5,-0.053821262,0.66498625
0.8177617,0.90722114,0.5,1.0,1.0,1.5,-0.005603118,0.9251369
0.9270247,0.7259074,0.5,1.0,1.0,1.5,-0.046659663,0.7657217
0.5273258,0.066852406,0.5,1.0,1.0,1.5,0.009046177,0.026850045
0.52405405,0.07363021,0.5,1.0,1.0,1.5,0.0036340624,0.039439917
0.51562613,0.076514184,0.5,1.0,1.0,1.5,-0.0012766379,-0.0049569607
0.93909675,0.2745172,0.5,1.0,1.0,1.5,-0.03897735,0.25262254
0.94696873,0.2871753,0.5,1.0,1.0,1.5,-0.04297901,0.23598179
0.6095628,0.73636407,0.5,1.0,1.0,1.5,0.0062574903,0.79456234
0.6090404,0.72695893,0.5,1.0,1.0,1.5,0.010458531,0.82958317
0.2252809,0.93933856,0.5,1.0,1.0,1.5,0.0060886517,0.91732347
0.21297878,0.9472283,0.5,1.0,1.0,1.5,0.008200226,0.984575
0.35467407,0.08707003,0.5,1.0,1.0,1.5,0.002188237,0.006550014
0.46394178,0.9425763,0.5,1.0,1.0,1.5,0.0022450944,0.9838886
0.47517452,0.9407147,0.5,1.0,1.0,1.5,0.0015666797,0.955422
0.4874039,0.38825744,0.5,1.0,1.0,1.5,-0.0016972069,0.600181
0.47785556,0.39113045,0.5,1.0,1.0,1.5,0.002966046,0.5869168
0.17755881,0.37055916,0.5,1.0,1.0,1.5,0.051119022,0.5699379
0.9275066,0.62122416,0.5,1.0,1.0,1.5,-0.057359386,0.61861926
0.57979256,0.118117206,0.5,1.0,1.0,1.5,-0.0036721486,0.072821826
0.73448485,0.32113212,0.5,1.0,1.0,1.5,-0.03048573,0.30862713
0.66247016,0.06298952,0.5,1.0,1.0,1.5,0.0015006273,0.1058352
0.054200236,0.55547184,0.5,1.0,1.0,1.5,0.036367606,0.66471636
0.94198513,0.39776927,0.5,1.0,1.0,1.5,-0.046833757,0.3819063
0.9318636,0.58578634,0.5,1.0,1.0,1.5,-0.048604455,0.55401355
0.92400104,0.6927907,0.5,1.0,1.0,1.5,-0.054090917,0.7059994
0.05463371,0.8044723,0.5,1.0,1.0,1.5,0.031402133,0.84303176
0.35325232,0.42544606,0.5,1.0,1.0,1.5,0.026894063,0.6814324
0.5745149,0.6032372,0.5,1.0,1.0,1.5,0.02300325,0.70911145
0.9277653,0.83084786,0.5,1.0,1.0,1.5,-0.035073023,0.82711685
0.18375154,0.049765963,0.5,1.0,1.0,1.5,0.006750158,0.05707848
0.16934036,0.053219363,0.5,1.0,1.0,1.5,0.0068932874,0.03455907
0.15372169,0.056944966,0.5,1.0,1.0,1.5,0.0043435423,0.13427135
0.93045455,0.32896966,0.5,1.0,1.0,1.5,-0.04107873,0.28501013
0.057932828,0.3114929,0.5,1.0,1.0,1.5,0.06732779,0.42884248
0.42228645,0.92975074,0.5,1.0,1.0,1.5,0.0013947957,0.92518055
0.1726032,0.93106234,0.5,1.0,1.0,1.5,0.0112039875,0.91590184
0.668264,0.92957366,0.5,1.0,1.0,1.5,-0.005324878,0.9780247
0.5336763,0.087419994,0.5,1.0,1.0,1.5,0.0053635547,0.06534937
0.648138,0.8802458,0.5,1.0,1.0,1.5,-0.0011212607,0.9295876
0.6334192,0.8737601,0.5,1.0,1.0,1.5,-0.00311469,0.95680547
0.06094904,0.2796857,0.5,1.0,1.0,1.5,0.067144014,0.30720338
0.065752484,0.28471097,0.5,1.0,1.0,1.5,0.067383565,0.36111903
0.0715268,0.26419425,0.5,1.0,1.0,1.5,0.061974805,0.35725784
0.6566453,0.31051773,0.5,1.0,1.0,1.5,-0.031743303,0.3289482
0.6944325,0.9075162,0.5,1.0,1.0,1.5,-0.004464306,0.9667971
0.07713571,0.9528411,0.5,1.0,1.0,1.5,0.009476747,0.94573903
0.08469835,0.9545161,0.5,1.0,1.0,1.5,0.0018812905,0.9234402
0.060774166,0.46918812,0.5,1.0,1.0,1.5,0.041547127,0.57405186
0.7079351,0.92163044,0.5,1.0,1.0,1.5,-0.007470838,0.95764077
0.06293509,0.52497756,0.5,1.0,1.0,1.5,0.037354283,0.579287
0.047650643,0.22286364,0.5,1.0,1.0,1.5,0.061592598,0.30745173
0.83881867,0.9547634,0.5,1.0,1.0,1.5,-0.0024319324,1.0153483
0.95711976,0.66064286,0.5,1.0,1.0,1.5,-0.052639708,0.62530226
0.05812109,0.16969153,0.5,1.0,1.0,1.5,0.04454856,0.23012182
0.6535521,0.33714366,0.5,1.0,1.0,1.5,-0.030062962,0.38752759
0.58055496,0.06329085,0.5,1.0,1.0,1.5,0.004363279,0.08666065
0.57049274,0.07119768,0.5,1.0,1.0,1.5,0.004083211,0.04004681
0.5663984,0.07664056,0.5,1.0,1.0,1.5,0.001966847,0.037897468
0.9560565,0.40995425,0.5,1.0,1.0,1.5,-0.05091385,0.4161264
0.5902989,0.95635223,0.5,1.0,1.0,1.5,0.0006754827,0.93802804
0.34008783,0.95645297,0.5,1.0,1.0,1.5,0.013833011,0.86125785
0.58605874,0.4741065,0.5,1.0,1.0,1.5,0.019766679,0.5413786
0.04188484,0.4096757,0.5,1.0,1.0,1.5,0.05923151,0.519005
0.04586463,0.40630642,0.5,1.0,1.0,1.5,0.049099132,0.48506215
0.64823484,0.39365107,0.5,1.0,1.0,1.5,-0.009402132,0.40535936
0.9069664,0.58548254,0.5,1.0,1.0,1.5,-0.058980264,0.5799032
0.6962818,0.059849694,0.5,1.0,1.0,1.5,-0.0032603885,0.035851896
0.05722724,0.59850115,0.5,1.0,1.0,1.5,0.041126907,0.6829664
0.6307194,0.35559556,0.5,1.0,1.0,1.5,-0.016561234,0.41045606
0.710742,0.32925877,0.5,1.0,1.0,1.5,-0.03472582,0.2713395
0.93294793,0.522486,0.5,1.0,1.0,1.5,-0.05409883,0.5188325
0.05671488,0.8486889,0.5,1.0,1.0,1.5,0.0222559,0.87911737
0.6748443,0.34537575,0.5,1.0,1.0,1.5,-0.027687192,0.36623573
0.6782135,0.33916324,0.5,1.0,1.0,1.5,-0.02686615,0.34843493
0.9478988,0.19927494,0.5,1.0,1.0,1.5,-0.035701506,0.1907363
0.9377974,0.20654826,0.5,1.0,1.0,1.5,-0.0367317,0.15718624
0.92613125,0.09753343,0.5,1.0,1.0,1.5,-0.022834765,0.091974765
0.91822875,0.8779923,0.5,1.0,1.0,1.5,-0.025857303,0.8757254
0.92247516,0.92455983,0.5,1.0,1.0,1.5,0.0017078342,0.8558743
0.5155902,0.40124053,0.5,1.0,1.0,1.5,0.006098622,0.55677974
0.5369657,0.40390912,0.5,1.0,1.0,1.5,0.004372995,0.57753515
0.54631764,0.4094805,0.5,1.0,1.0,1.5,0.006773126,0.5672609
0.07528401,0.18982585,0.5,1.0,1.0,1.5,0.053381614,0.16103268
0.8072372,0.34283435,0.5,1.0,1.0,1.5,-0.033583306,0.29436228
0.8235143,0.34610465,0.5,1.0,1.0,1.5,-0.034107413,0.29327342
0.064500615,0.7348265,0.5,1.0,1.0,1.5,0.034236595,0.7393783
0.06516794,0.47411683,0.5,1.0,1.0,1.5,0.041804027,0.58831817
0.065852486,0.9226134,0.5,1.0,1.0,1.5,0.016899258,0.936411
0.49225822,0.91456354,0.5,1.0,1.0,1.5,0.00070552365,0.91006386
0.079528354,0.0675428,0.5,1.0,1.0,1.5,0.015887331,0.12485945
0.2662624,0.4217397,0.5,1.0,1.0,1.5,0.03036566,0.6205196
0.56406254,0.11315372,0.5,1.0,1.0,1.5,0.0013844292,0.15697515
0.5789312,0.5177036,0.5,1.0,1.0,1.5,0.025422327,0.6244507
0.63133776,0.8383801,0.5,1.0,1.0,1.5,0.0006179891,0.9123671
0.89388263,0.8137864,0.5,1.0,1.0,1.5,-0.028114654,0.82099044
0.9414378,0.69298506,0.5,1.0,1.0,1.5,-0.049893294,0.7092317
0.9486835,0.67980355,0.5,1.0,1.0,1.5,-0.05331342,0.6939609
0.93826264,0.6607439,0.5,1.0,1.0,1.5,-0.051208124,0.6536028
0.91057444,0.78160536,0.5,1.0,1.0,1.5,-0.038897697,0.7796098
0.60884,0.36441663,0.5,1.0,1.0,1.5,-0.0068324907,0.4209413
0.148335,0.91947114,0.5,1.0,1.0,1.5,0.0058627683,0.88368464
0.84668565,0.3953624,0.5,1.0,1.0,1.5,-0.039255757,0.33208358
0.87884855,0.44949508,0.5,1.0,1.0,1.5,-0.046257656,0.41562653
0.88016456,0.4566669,0.5,1.0,1.0,1.5,-0.04686809,0.4063355
0.88276476,0.47133976,0.5,1.0,1.0,1.5,-0.04990488,0.3949138
0.60622877,0.1340077,0.5,1.0,1.0,1.5,-0.010121242,0.09906778
0.08231261,0.20415966,0.5,1.0,1.0,1.5,0.057575546,0.28138012
0.08055879,0.19731055,0.5,1.0,1.0,1.5,0.053997766,0.25879988
0.56634545,0.944606,0.5,1.0,1.0,1.5,0.0015643907,0.9535943
0.5738314,0.9427287,0.5,1.0,1.0,1.5,-0.0018493528,0.9629216
0.5425113,0.93545216,0.5,1.0,1.0,1.5,-0.0023597013,0.97640646
0.94408566,0.43418804,0.5,1.0,1.0,1.5,-0.049238905,0.3944515
0.94254273,0.42672,0.5,1.0,1.0,1.5,-0.04867818,0.36993754
0.9393343,0.4592862,0.5,1.0,1.0,1.5,-0.04862387,0.442573
0.9327055,0.1615121,0.5,1.0,1.0,1.5,-0.029550452,0.18968281
0.904979,0.06925676,0.5,1.0,1.0,1.5,-0.01855769,0.077680916
0.89653224,0.06882987,0.5,1.0,1.0,1.5,-0.012648134,0.07514539
0.73534125,0.07324187,0.5,1.0,1.0,1.5,-0.007895357,0.052585214
0.0661136,0.78713304,0.5,1.0,1.0,1.5,0.029861698,0.8298743
0.31576192,0.9438436,0.5,1.0,1.0,1.5,0.0074033123,0.9767417
0.32330236,0.9424008,0.5,1.0,1.0,1.5,0.0010448266,0.9525989
0.289628,0.9381663,0.5,1.0,1.0,1.5,0.0051014405,0.9493307
0.16264845,0.930296,0.5,1.0,1.0,1.5,0.0066282963,0.8976697
0.39874166,0.9190533,0.5,1.0,1.0,1.5,0.0022804397,0.8960686
0.4119539,0.93215674,0.5,1.0,1.0,1.5,0.0047482355,0.9210055
0.92093873,0.35090622,0.5,1.0,1.0,1.5,-0.04468648,0.27499437
0.93315035,0.33827665,0.5,1.0,1.0,1.5,-0.03812112,0.32079476
0.65159523,0.9229578,0.5,1.0,1.0,1.5,-0.0038134665,0.98640656
0.9271532,0.46514776,0.5,1.0,1.0,1.5,-0.052558016,0.46062344
0.08829188,0.9379499,0.5,1.0,1.0,1.5,0.011474562,0.9602112
0.09446277,0.18131168,0.5,1.0,1.0,1.5,0.047707144,0.23077261
0.08198539,0.19140168,0.5,1.0,1.0,1.5,0.05281863,0.27179977
0.6038017,0.8415579,0.5,1.0,1.0,1.5,0.0010041643,0.912699
0.8098307,0.9213031,0.5,1.0,1.0,1.5,-0.0076674037,0.99735326
0.79631454,0.9292775,0.5,1.0,1.0,1.5,-0.003748509,0.9567747
0.8410434,0.3494113,0.5,1.0,1.0,1.5,-0.03645155,0.34104466
0.8383108,0.06509978,0.5,1.0,1.0,1.5,-0.007950399,0.064483166
0.5528243,0.08490776,0.5,1.0,1.0,1.5,0.0015067835,0.049602985
0.5537678,0.41296473,0.5,1.0,1.0,1.5,0.0053512026,0.60359555
0.5764941,0.4092223,0.5,1.0,1.0,1.5,0.007870002,0.5053822
0.692858,0.2142923,0.5,1.0,1.0,1.5,-0.024085807,0.22841537
0.06407308,0.14889787,0.5,1.0,1.0,1.5,0.04263697,0.20311764
0.6474167,0.15644483,0.5,1.0,1.0,1.5,-0.016882865,0.16690299
0.07695034,0.31220222,0.5,1.0,1.0,1.5,0.07035243,0.44741207
0.5966139,0.43243426,0.5,1.0,1.0,1.5,0.007970473,0.51083475
0.062520005,0.4023885,0.5,1.0,1.0,1.5,0.053520564,0.50418353
0.49771664,0.39509344,0.5,1.0,1.0,1.5,0.0023199685,0.60958016
0.9134848,0.8583698,0.5,1.0,1.0,1.5,-0.025585376,0.8287028
0.35257667,0.07945557,0.5,1.0,1.0,1.5,0.0010674102,0.016897202
0.91211015,0.918421,0.5,1.0,1.0,1.5,-0.0025019236,0.85615796
0.6533699,0.15945935,0.5,1.0,1.0,1.5,-0.020638969,0.17527992
0.7120882,0.93605775,0.5,1.0,1.0,1.5,-0.0073025227,0.9613806
0.70834285,0.93001586,0.5,1.0,1.0,1.5,-0.0037126872,1.0204198
0.919129,0.8372133,0.5,1.0,1.0,1.5,-0.030850928,0.8697127
0.5822806,0.06889991,0.5,1.0,1.0,1.5,0.005600461,0.04282409
0.57413137,0.07569236,0.5,1.0,1.0,1.5,0.0018439483,0.07224581
0.6442336,0.88545454,0.5,1.0,1.0,1.5,-0.0007473901,0.93504876
0.62788844,0.8800446,0.5,1.0,1.0,1.5,-0.0014235331,0.95339954
0.054971643,0.07596123,0.5,1.0,1.0,1.5,0.021806745,0.14176935
0.05326155,0.654652,0.5,1.0,1.0,1.5,0.039306525,0.7602381
0.54364425,0.073112495,0.5,1.0,1.0,1.5,0.008671749,0.016213179
0.93392706,0.17103161,0.5,1.0,1.0,1.5,-0.031298924,0.11660907
0.05554507,0.08384988,0.5,1.0,1.0,1.5,0.018804014,0.11343348
0.8454977,0.88933456,0.5,1.0,1.0,1.5,-0.01261384,0.9260238
0.6625416,0.071567185,0.5,1.0,1.0,1.5,0.0004062308,0.09935564
0.8648344,0.8603794,0.5,1.0,1.0,1.5,-0.017662667,0.88788664
0.11559575,0.07852519,0.5,1.0,1.0,1.5,0.01229853,0.052360237
0.07686713,0.71393955,0.5,1.0,1.0,1.5,0.03464202,0.7675148
0.062106993,0.83787185,0.5,1.0,1.0,1.5,0.0277242,0.92922735
0.74095035,0.31634188,0.5,1.0,1.0,1.5,-0.035331853,0.28563654
0.6014977,0.71965885,0.5,1.0,1.0,1.5,0.007294447,0.8009102
0.24546964,0.4096654,0.5,1.0,1.0,1.5,0.03422776,0.60797155
0.063167796,0.58828485,0.5,1.0,1.0,1.5,0.031026524,0.7418764
0.5864385,0.49396738,0.5,1.0,1.0,1.5,0.020951014,0.5593564
0.7935405,0.9393203,0.5,1.0,1.0,1.5,-0.0035279393,0.9706037
0.10783299,0.35178897,0.5,1.0,1.0,1.5,0.059209764,0.49328986
0.6610502,0.935876,0.5,1.0,1.0,1.5,-0.0050273063,0.9699712
0.059850503,0.10899204,0.5,1.0,1.0,1.5,0.029563012,0.19600919
0.57948804,0.65370494,0.5,1.0,1.0,1.5,0.017507829,0.7078495
0.6920931,0.22523023,0.5,1.0,1.0,1.5,-0.030369908,0.22765821
0.40294176,0.4203841,0.5,1.0,1.0,1.5,0.02097226,0.66378725
0.92366755,0.3353989,0.5,1.0,1.0,1.5,-0.04426672,0.28739974
0.15168978,0.12002397,0.5,1.0,1.0,1.5,0.021682044,0.16486546
0.3309045,0.053098876,0.5,1.0,1.0,1.5,0.0017034005,0.020538628
0.057561472,0.34996045,0.5,1.0,1.0,1.5,0.069553494,0.46088147
0.41560343,0.92178154,0.5,1.0,1.0,1.5,0.0050928188,0.92679775
0.43087894,0.9110009,0.5,1.0,1.0,1.5,0.002199933,0.9256739
0.070782706,0.06773141,0.5,1.0,1.0,1.5,0.018927243,0.05650547
0.5625921,0.10321355,0.5,1.0,1.0,1.5,0.002699384,0.08032897
0.9090951,0.07894795,0.5,1.0,1.0,1.5,-0.01597866,0.04240638
0.25839555,0.07190112,0.5,1.0,1.0,1.5,-0.00034893863,0.031978607
0.14388138,0.1278357,0.5,1.0,1.0,1.5,0.02588191,0.103811085
0.6917077,0.06793487,0.5,1.0,1.0,1.5,-0.0025419532,0.058457166
0.07147775,0.48187476,0.5,1.0,1.0,1.5,0.027108995,0.7894323
0.7120523,0.31748065,0.5,1.0,1.0,1.5,-0.032589015,0.30711377
0.66633314,0.9154375,0.5,1.0,1.0,1.5,-0.0059827687,0.9506601
0.6716858,0.9126827,0.5,1.0,1.0,1.5,-0.007512505,0.95953953
0.8956105,0.07787745,0.5,1.0,1.0,1.5,-0.018480616,0.055814683
0.87978846,0.07880947,0.5,1.0,1.0,1.5,-0.016559744,0.120765984
0.8719338,0.0796551,0.5,1.0,1.0,1.5,-0.012981197,0.11402884
0.6618401,0.17251603,0.5,1.0,1.0,1.5,-0.020320343,0.22044048
0.062809914,0.20085925,0.5,1.0,1.0,1.5,0.05776667,0.25668216
0.1804527,0.39419407,0.5,1.0,1.0,1.5,0.04262364,0.5499053
0.6072923,0.37355366,0.5,1.0,1.0,1.5,-0.004987699,0.49430466
0.8477559,0.0836847,0.5,1.0,1.0,1.5,-0.009991448,0.07511398
0.06368129,0.16317683,0.5,1.0,1.0,1.5,0.04377301,0.22205892
0.070008956,0.1687302,0.5,1.0,1.0,1.5,0.045791086,0.21407157
0.5477985,0.10242202,0.5,1.0,1.0,1.5,0.0004013318,0.05598536
0.897335,0.47996736,0.5,1.0,1.0,1.5,-0.047850203,0.4260374
0.8886075,0.4693872,0.5,1.0,1.0,1.5,-0.049484618,0.44563937
0.16502006,0.37414843,0.5,1.0,1.0,1.5,0.051241472,0.57720953
0.14937213,0.36793897,0.5,1.0,1.0,1.5,0.05382721,0.50247455
0.16331233,0.063257866,0.5,1.0,1.0,1.5,0.0057764817,0.041781425
0.20666215,0.09965019,0.5,1.0,1.0,1.5,0.009801331,0.052488267
0.23609653,0.05854175,0.5,1.0,1.0,1.5,0.0056189448,0.07430485
0.06068525,0.80569303,0.5,1.0,1.0,1.5,0.028630555,0.8599781
0.88190675,0.4398514,0.5,1.0,1.0,1.5,-0.04553313,0.37986684
0.059987485,0.55344194,0.5,1.0,1.0,1.5,0.03647703,0.67359227
0.8268519,0.34009764,0.5,1.0,1.0,1.5,-0.03458085,0.3076848
0.8581043,0.38220188,0.5,1.0,1.0,1.5,-0.038826928,0.3455399
0.06743398,0.20812938,0.5,1.0,1.0,1.5,0.056919556,0.29782164
0.09283673,0.17413212,0.5,1.0,1.0,1.5,0.051390722,0.23346439
0.18980508,0.0641983,0.5,1.0,1.0,1.5,-0.0013050144,0.08777386
0.62613964,0.42265388,0.5,1.0,1.0,1.5,0.0070561343,0.51053905
0.9244271,0.17266952,0.5,1.0,1.0,1.5,-0.028559532,0.12382981
0.14661698,0.912105,0.5,1.0,1.0,1.5,0.010711199,0.9612919
0.9276593,0.41252488,0.5,1.0,1.0,1.5,-0.047608223,0.3840836
0.3383763,0.9278648,0.5,1.0,1.0,1.5,0.009150507,0.88094616
0.67250425,0.33613488,0.5,1.0,1.0,1.5,-0.023974333,0.3664202
0.6731782,0.33059853,0.5,1.0,1.0,1.5,-0.02588573,0.39082232
0.755802,0.077187866,0.5,1.0,1.0,1.5,-0.007907016,0.035231173
0.9084057,0.8235248,0.5,1.0,1.0,1.5,-0.027651004,0.8249867
0.69558114,0.2685657,0.5,1.0,1.0,1.5,-0.031709228,0.2598514
0.5700253,0.5147352,0.5,1.0,1.0,1.5,0.026765937,0.6421407
0.611473,0.124273,0.5,1.0,1.0,1.5,-0.007394174,0.085513145
0.26251066,0.43049932,0.5,1.0,1.0,1.5,0.0224685,0.60119814
0.38625157,0.44299236,0.5,1.0,1.0,1.5,0.024392482,0.6716105
0.06902913,0.62781966,0.5,1.0,1.0,1.5,0.03652614,0.68271005
0.8757681,0.8572553,0.5,1.0,1.0,1.5,-0.023090184,0.89829284
0.63056815,0.8640658,0.5,1.0,1.0,1.5,-0.0025117747,0.9369164
0.6049452,0.8496976,0.5,1.0,1.0,1.5,-0.0006671259,0.9298192
0.629521,0.07759045,0.5,1.0,1.0,1.5,-0.0026514563,0.08916286
0.6171719,0.08011061,0.5,1.0,1.0,1.5,-4.223897e-05,0.06982452
0.6028716,0.08286553,0.5,1.0,1.0,1.5,-0.0022372636,0.047422767
0.555571,0.4205253,0.5,1.0,1.0,1.5,0.008026159,0.5303269
0.5930241,0.8360249,0.5,1.0,1.0,1.5,0.001646888,0.9327905
0.58026737,0.80679184,0.5,1.0,1.0,1.5,0.0034851024,0.9144335
0.5563256,0.63596296,0.5,1.0,1.0,1.5,0.022862565,0.75390065
0.9112508,0.38231853,0.5,1.0,1.0,1.5,-0.04430969,0.33792073
0.077305645,0.91666806,0.5,1.0,1.0,1.5,0.011277502,0.91628206
0.0771452,0.7768173,0.5,1.0,1.0,1.5,0.032584086,0.7999685
0.07350234,0.79701626,0.5,1.0,1.0,1.5,0.030347116,0.80590296
0.5906926,0.48368663,0.5,1.0,1.0,1.5,0.024930641,0.58927774
0.6247803,0.3848252,0.5,1.0,1.0,1.5,-0.01300494,0.453737
0.38859335,0.91264266,0.5,1.0,1.0,1.5,0.002699738,0.97562313
0.06930065,0.15777,0.5,1.0,1.0,1.5,0.04191606,0.21694091
0.070940524,0.075333394,0.5,1.0,1.0,1.5,0.020363068,0.103377044
0.6417136,0.91747236,0.5,1.0,1.0,1.5,-0.006252113,0.99414736
0.23704597,0.41036192,0.5,1.0,1.0,1.5,0.036720157,0.5978337
0.92267334,0.45757025,0.5,1.0,1.0,1.5,-0.053454634,0.42702368
0.8073878,0.07288149,0.5,1.0,1.0,1.5,-0.012566743,0.049011827
0.67177856,0.08739798,0.5,1.0,1.0,1.5,-0.0061819423,0.12629327
0.6619149,0.0805778,0.5,1.0,1.0,1.5,-0.0041182623,0.090045065
0.9149107,0.36072516,0.5,1.0,1.0,1.5,-0.044736892,0.33748794
0.08164586,0.47527844,0.5,1.0,1.0,1.5,0.0411251,0.56771284
0.6225504,0.13735813,0.5,1.0,1.0,1.5,-0.010557582,0.13055533
0.9255898,0.20296727,0.5,1.0,1.0,1.5,-0.039327968,0.18255907
0.078855835,0.7250535,0.5,1.0,1.0,1.5,0.031180639,0.8128893
0.07298575,0.40994385,0.5,1.0,1.0,1.5,0.04819531,0.4867234
0.5434792,0.92361385,0.5,1.0,1.0,1.5,0.007303486,0.9204731
0.09501366,0.1448114,0.5,1.0,1.0,1.5,0.034832306,0.16942528
0.90957093,0.2735979,0.5,1.0,1.0,1.5,-0.04057394,0.24937242
0.62723774,0.870094,0.5,1.0,1.0,1.5,-0.003183629,0.92716336
0.47601873,0.9197994,0.5,1.0,1.0,1.5,0.0008393219,0.91976434
0.47477648,0.9108335,0.5,1.0,1.0,1.5,-0.0023797797,0.94018865
0.58711845,0.7787383,0.5,1.0,1.0,1.5,0.006288153,0.8896235
0.32789075,0.45229042,0.5,1.0,1.0,1.5,0.02497561,0.69101554
0.31947866,0.45629004,0.5,1.0,1.0,1.5,0.023572937,0.68437093
0.5477496,0.5773585,0.5,1.0,1.0,1.5,0.027079124,0.6427219
0.5438094,0.56860304,0.5,1.0,1.0,1.5,0.028335763,0.6832479
0.09972506,0.69108087,0.5,1.0,1.0,1.5,0.02870851,0.7133209
0.7768733,0.2818192,0.5,1.0,1.0,1.5,-0.036665794,0.23271626
0.78746474,0.30571237,0.5,1.0,1.0,1.5,-0.035395626,0.2533025
0.8305648,0.078358255,0.5,1.0,1.0,1.5,-0.0099235345,0.10757935
0.5964704,0.71490115,0.5,1.0,1.0,1.5,0.012054971,0.80254775
0.15426499,0.080971844,0.5,1.0,1.0,1.5,0.005236661,0.12023106
0.5663179,0.09544563,0.5,1.0,1.0,1.5,-0.00041145226,0.06016478
0.12749062,0.36324528,0.5,1.0,1.0,1.5,0.05626249,0.47186545
0.60401446,0.383688,0.5,1.0,1.0,1.5,-0.010300506,0.5083359
0.58009773,0.43940032,0.5,1.0,1.0,1.5,0.01237729,0.5233585
0.19855447,0.09629384,0.5,1.0,1.0,1.5,0.0105914995,0.07074219
0.5993029,0.3875341,0.5,1.0,1.0,1.5,-0.0046420265,0.47580835
0.059322793,0.65376604,0.5,1.0,1.0,1.5,0.03940091,0.76536286
0.062422436,0.65921247,0.5,1.0,1.0,1.5,0.036659878,0.72228754
0.6959372,0.26306477,0.5,1.0,1.0,1.5,-0.03706541,0.25927395
0.86117524,0.3897723,0.5,1.0,1.0,1.5,-0.03827017,0.347179
0.7019029,0.22493318,0.5,1.0,1.0,1.5,-0.029999115,0.22074437
0.7098452,0.22428176,0.5,1.0,1.0,1.5,-0.029526535,0.19879583
0.6897097,0.19106844,0.5,1.0,1.0,1.5,-0.023373295,0.1822558
0.82270867,0.08037543,0.5,1.0,1.0,1.5,-0.013118945,0.095658004
0.816679,0.07953026,0.5,1.0,1.0,1.5,-0.012038823,0.07352388
0.90095294,0.8687069,0.5,1.0,1.0,1.5,-0.019628903,0.89257735
0.072082356,0.588758,0.5,1.0,1.0,1.5,0.032995634,0.66421854
0.28819212,0.44527313,0.5,1.0,1.0,1.5,0.025530305,0.67958176
0.5987753,0.9251864,0.5,1.0,1.0,1.5,-0.003541347,0.9036131
0.13531677,0.13262105,0.5,1.0,1.0,1.5,0.03073697,0.22316584
0.048263974,0.662202,0.5,1.0,1.0,1.5,0.036122676,0.7332588
0.55694807,0.5369802,0.5,1.0,1.0,1.5,0.028380135,0.64231086
0.5345637,0.4101027,0.5,1.0,1.0,1.5,0.008402906,0.7223904
0.07057612,0.8372495,0.5,1.0,1.0,1.5,0.027482083,0.81430113
0.08281896,0.355402,0.5,1.0,1.0,1.5,0.05887062,0.4701215
0.9247596,0.9069172,0.5,1.0,1.0,1.5,-0.015185706,0.9128939
0.9085236,0.26473877,0.5,1.0,1.0,1.5,-0.03908692,0.26342866
0.90830386,0.46406978,0.5,1.0,1.0,1.5,-0.051483653,0.40274078
0.5528023,0.93377775,0.5,1.0,1.0,1.5,-0.0030081798,0.973842
0.07928308,0.4913513,0.5,1.0,1.0,1.5,0.0386161,0.5579005
0.06376178,0.08336432,0.5,1.0,1.0,1.5,0.022157528,0.13191897
0.06526881,0.0912233,0.5,1.0,1.0,1.5,0.025645437,0.11256036
0.6104667,0.0889243,0.5,1.0,1.0,1.5,-0.0017856429,0.11013058
0.60653925,0.1178884,0.5,1.0,1.0,1.5,-0.004993477,0.118036956
0.72363687,0.30686066,0.5,1.0,1.0,1.5,-0.033686753,0.30133772
0.7080032,0.31160805,0.5,1.0,1.0,1.5,-0.036978044,0.31066698
0.30283368,0.4640955,0.5,1.0,1.0,1.5,0.026148997,0.7548
0.08145329,0.51617104,0.5,1.0,1.0,1.5,0.0327285,0.5784713
0.089345925,0.71416754,0.5,1.0,1.0,1.5,0.037429113,0.7848447
0.69954824,0.192988,0.5,1.0,1.0,1.5,-0.02690994,0.21109796
0.7117382,0.21187252,0.5,1.0,1.0,1.5,-0.030343447,0.16615146
0.9220827,0.91485685,0.5,1.0,1.0,1.5,-0.01939781,0.94281656
0.091848716,0.41893935,0.5,1.0,1.0,1.5,0.044545636,0.50072694
0.07741193,0.13744128,0.5,1.0,1.0,1.5,0.034692414,0.126912
0.84625363,0.9251629,0.5,1.0,1.0,1.5,-0.0055126166,0.9416803
0.7147347,0.10453042,0.5,1.0,1.0,1.5,-0.010116133,0.14447173
0.89628744,0.8783501,0.5,1.0,1.0,1.5,-0.021189515,0.96666855
0.8872076,0.087492526,0.5,1.0,1.0,1.5,-0.01826457,0.07570842
0.80613214,0.08234684,0.5,1.0,1.0,1.5,-0.012575144,0.04424858
0.6684914,0.33230263,0.5,1.0,1.0,1.5,-0.029721774,0.3409018
0.41428068,0.42637897,0.5,1.0,1.0,1.5,0.02300007,0.63432485
0.90186965,0.8585772,0.5,1.0,1.0,1.5,-0.026339596,0.8598572
0.07447806,0.8154538,0.5,1.0,1.0,1.5,0.027622933,0.8421557
0.06829767,0.5579575,0.5,1.0,1.0,1.5,0.03209413,0.70071894
0.57406175,0.6655048,0.5,1.0,1.0,1.5,0.023251962,0.7808727
0.864149,0.08947716,0.5,1.0,1.0,1.5,-0.015307229,0.09652218
0.45544297,0.40658414,0.5,1.0,1.0,1.5,0.016157892,0.63129455
0.63126755,0.8980292,0.5,1.0,1.0,1.5,-0.0038155718,0.9719621
0.6084986,0.09675855,0.5,1.0,1.0,1.5,-0.0007424322,0.10440683
0.13739406,0.11959743,0.5,1.0,1.0,1.5,0.022504225,0.14421147
0.14125758,0.11268101,0.5,1.0,1.0,1.5,0.016505826,0.15191734
0.14715311,0.9046066,0.5,1.0,1.0,1.5,0.017043084,0.9534412
0.6332745,0.08200956,0.5,1.0,1.0,1.5,-0.0013036048,0.07275936
0.5971399,0.8597238,0.5,1.0,1.0,1.5,0.001635066,0.8712261
0.86027825,0.33670747,0.5,1.0,1.0,1.5,-0.03491716,0.3122753
0.9209746,0.42218626,0.5,1.0,1.0,1.5,-0.04626319,0.3853556
0.3279199,0.9206743,0.5,1.0,1.0,1.5,0.005646134,0.996331
0.39463466,0.9014282,0.5,1.0,1.0,1.5,0.0067385593,0.9214753
0.6296091,0.39834702,0.5,1.0,1.0,1.5,-0.0022771275,0.45085496
0.86069214,0.87821263,0.5,1.0,1.0,1.5,-0.015333774,0.964202
0.856063,0.35259414,0.5,1.0,1.0,1.5,-0.034188207,0.29593995
0.8585164,0.3640034,0.5,1.0,1.0,1.5,-0.034106042,0.38947356
0.2715999,0.442023,0.5,1.0,1.0,1.5,0.02346471,0.6451894
0.55972284,0.52498245,0.5,1.0,1.0,1.5,0.024658514,0.6041221
0.91313004,0.4558277,0.5,1.0,1.0,1.5,-0.0539332,0.40632665
0.8623484,0.37615725,0.5,1.0,1.0,1.5,-0.03503854,0.35969257
0.899524,0.102985084,0.5,1.0,1.0,1.5,-0.023324283,0.081076026
0.8980787,0.09767376,0.5,1.0,1.0,1.5,-0.018997246,0.09045833
0.5228065,0.41943678,0.5,1.0,1.0,1.5,0.011682125,0.6678178
0.6228604,0.8671658,0.5,1.0,1.0,1.5,-0.004900232,0.9039353
0.20908275,0.4323965,0.5,1.0,1.0,1.5,0.034564346,0.5871762
0.18799175,0.42424852,0.5,1.0,1.0,1.5,0.03480935,0.5854007
0.40303358,0.43835858,0.5,1.0,1.0,1.5,0.020975024,0.66012037
0.0999343,0.673586,0.5,1.0,1.0,1.5,0.03583078,0.7358985
0.08521209,0.72809464,0.5,1.0,1.0,1.5,0.034533158,0.72481585
0.07877492,0.6338064,0.5,1.0,1.0,1.5,0.033996455,0.69268775
0.08409838,0.64997876,0.5,1.0,1.0,1.5,0.03243306,0.6936645
0.90568066,0.35491726,0.5,1.0,1.0,1.5,-0.043451678,0.36090454
0.9022018,0.34904054,0.5,1.0,1.0,1.5,-0.04294694,0.29726356
0.886124,0.40391192,0.5,1.0,1.0,1.5,-0.038165875,0.40522814
0.91199726,0.41749173,0.5,1.0,1.0,1.5,-0.039910253,0.35360995
0.92910206,0.19084136,0.5,1.0,1.0,1.5,-0.04055976,0.14741811
0.549396,0.9182826,0.5,1.0,1.0,1.5,-0.0024499963,0.94009125
0.5489543,0.4321905,0.5,1.0,1.0,1.5,0.010519389,0.59356916
0.5943434,0.40644506,0.5,1.0,1.0,1.5,0.0019888754,0.59000677
0.5605425,0.6546121,0.5,1.0,1.0,1.5,0.019769425,0.7738379
0.10151389,0.35796136,0.5,1.0,1.0,1.5,0.05903211,0.4494454
0.091778405,0.47121334,0.5,1.0,1.0,1.5,0.036919303,0.6356649
0.37773624,0.46173635,0.5,1.0,1.0,1.5,0.028175583,0.6759658
0.5378057,0.62677026,0.5,1.0,1.0,1.5,0.022242209,0.7487171
0.08921969,0.5770273,0.5,1.0,1.0,1.5,0.036498904,0.66541755
0.0810666,0.59104615,0.5,1.0,1.0,1.5,0.039059043,0.6696456
0.71544534,0.23645438,0.5,1.0,1.0,1.5,-0.033746716,0.18495998
0.79821366,0.2856861,0.5,1.0,1.0,1.5,-0.034419987,0.28025243
0.6851178,0.16785416,0.5,1.0,1.0,1.5,-0.021190818,0.14684442
0.16850857,0.39706427,0.5,1.0,1.0,1.5,0.043576133,0.5339245
0.86693007,0.34218514,0.5,1.0,1.0,1.5,-0.032261606,0.33037072
0.8689589,0.23093313,0.5,1.0,1.0,1.5,-0.03123058,0.23954734
0.8647418,0.38502157,0.5,1.0,1.0,1.5,-0.035577014,0.37646067
0.9128232,0.43951997,0.5,1.0,1.0,1.5,-0.049701132,0.38269395
0.0799099,0.79922205,0.5,1.0,1.0,1.5,0.031075215,0.80261093
0.5178782,0.8694506,0.5,1.0,1.0,1.5,-0.0046917666,0.9009864
0.27125743,0.8687962,0.5,1.0,1.0,1.5,0.0121479025,0.9172573
0.5901868,0.7097254,0.5,1.0,1.0,1.5,0.015150635,0.8133962
0.078976676,0.83556205,0.5,1.0,1.0,1.5,0.024415545,0.8808567
0.5609135,0.4684295,0.5,1.0,1.0,1.5,0.023171041,0.6140292
0.8980958,0.19920805,0.5,1.0,1.0,1.5,-0.03806915,0.1879735
0.40910167,0.43560255,0.5,1.0,1.0,1.5,0.023810266,0.6662533
0.5638943,0.6615064,0.5,1.0,1.0,1.5,0.021680726,0.7462535
0.89802235,0.45488444,0.5,1.0,1.0,1.5,-0.053720478,0.39033955
0.8895433,0.8688547,0.5,1.0,1.0,1.5,-0.018814888,0.9172182
0.071094796,0.21338569,0.5,1.0,1.0,1.5,0.05439579,0.27070823
0.13060655,0.12699826,0.5,1.0,1.0,1.5,0.026981898,0.14762023
0.60228986,0.3996455,0.5,1.0,1.0,1.5,0.0012736593,0.48470283
0.30828577,0.91585815,0.5,1.0,1.0,1.5,0.008740474,0.9521154
0.5593986,0.9160782,0.5,1.0,1.0,1.5,-0.0027765273,0.9548749
0.5542331,0.91401064,0.5,1.0,1.0,1.5,-0.000622652,0.88798326
0.10704887,0.67496634,0.5,1.0,1.0,1.5,0.03896848,0.69887745
0.6076338,0.8653944,0.5,1.0,1.0,1.5,-0.0063164867,0.9415413
0.081730865,0.7398959,0.5,1.0,1.0,1.5,0.035443194,0.7908691
0.07263578,0.0894599,0.5,1.0,1.0,1.5,0.02383301,0.1360709
0.8860246,0.09676418,0.5,1.0,1.0,1.5,-0.017571004,0.1361208
0.08329002,0.74683285,0.5,1.0,1.0,1.5,0.032469686,0.7419137
0.08782349,0.4921491,0.5,1.0,1.0,1.5,0.036989093,0.5811611
0.088026196,0.49968368,0.5,1.0,1.0,1.5,0.034634918,0.63743407
0.5971559,0.91574967,0.5,1.0,1.0,1.5,-0.003290833,0.9616844
0.4108579,0.8965821,0.5,1.0,1.0,1.5,0.0012332157,0.9487493
0.075802974,0.096137084,0.5,1.0,1.0,1.5,0.029204285,0.124932736
0.081679344,0.09337076,0.5,1.0,1.0,1.5,0.024735237,0.1583907
0.098104686,0.8608488,0.5,1.0,1.0,1.5,0.01815616,0.92351973
0.09326012,0.6654178,0.5,1.0,1.0,1.5,0.03775684,0.7710098
0.16351062,0.07199029,0.5,1.0,1.0,1.5,0.013221961,0.04650545
0.4203284,0.41647238,0.5,1.0,1.0,1.5,0.016924642,0.6875562
0.58398974,0.671347,0.5,1.0,1.0,1.5,0.019201258,0.78391457
0.20452462,0.8847867,0.5,1.0,1.0,1.5,0.019458849,0.94854605
0.84644276,0.3162028,0.5,1.0,1.0,1.5,-0.0350016,0.25540343
0.8572199,0.9121169,0.5,1.0,1.0,1.5,-0.007478553,0.95017755
0.55805457,0.48640722,0.5,1.0,1.0,1.5,0.024962485,0.5959568
0.10079056,0.8905524,0.5,1.0,1.0,1.5,0.019031916,0.9368172
0.72363704,0.2937827,0.5,1.0,1.0,1.5,-0.033006683,0.2497549
0.8948308,0.10952943,0.5,1.0,1.0,1.5,-0.024100523,0.07346487
0.892639,0.40625417,0.5,1.0,1.0,1.5,-0.043711375,0.39032993
0.87273276,0.34769943,0.5,1.0,1.0,1.5,-0.034897123,0.34160063
0.70451355,0.28767774,0.5,1.0,1.0,1.5,-0.0352277,0.26417416
0.8645754,0.097981706,0.5,1.0,1.0,1.5,-0.0187563,0.09504151
0.8490828,0.10160606,0.5,1.0,1.0,1.5,-0.017275816,0.07880026
0.18947315,0.44295064,0.5,1.0,1.0,1.5,0.033201426,0.62782365
0.28223214,0.4538391,0.5,1.0,1.0,1.5,0.028700724,0.6756065
0.5642675,0.43260592,0.5,1.0,1.0,1.5,0.005565998,0.52928555
0.5516092,0.44072652,0.5,1.0,1.0,1.5,0.012263635,0.59276557
0.10728698,0.37441358,0.5,1.0,1.0,1.5,0.046338722,0.527563
0.1484776,0.8966971,0.5,1.0,1.0,1.5,0.013327333,0.9501658
0.12432126,0.38015103,0.5,1.0,1.0,1.5,0.051728304,0.529074
0.80312455,0.093945235,0.5,1.0,1.0,1.5,-0.01600128,0.10304287
0.44545844,0.4157717,0.5,1.0,1.0,1.5,0.017841507,0.6307416
0.10668191,0.75310856,0.5,1.0,1.0,1.5,0.027835483,0.85050964
0.10902435,0.761539,0.5,1.0,1.0,1.5,0.024618259,0.8284472
0.48376122,0.8910841,0.5,1.0,1.0,1.5,0.0008776651,0.95190084
0.903707,0.40508336,0.5,1.0,1.0,1.5,-0.044336967,0.3821442
0.6590878,0.109124966,0.5,1.0,1.0,1.5,-0.007918231,0.082659334
0.889863,0.32882887,0.5,1.0,1.0,1.5,-0.03426135,0.29913765
0.7145034,0.27982804,0.5,1.0,1.0,1.5,-0.035465337,0.26499805
0.08849892,0.111096196,0.5,1.0,1.0,1.5,0.023530109,0.07276854
0.17031959,0.08890473,0.5,1.0,1.0,1.5,0.009074114,0.08558053
0.56173384,0.7489389,0.5,1.0,1.0,1.5,0.017851649,0.8006338
0.5594421,0.7411643,0.5,1.0,1.0,1.5,0.0094498545,0.7975676
0.09309504,0.58845663,0.5,1.0,1.0,1.5,0.030931579,0.68964744
0.9004905,0.35764283,0.5,1.0,1.0,1.5,-0.04395337,0.33451307
0.754942,0.10488645,0.5,1.0,1.0,1.5,-0.014130697,0.045899868
0.8833404,0.31245527,0.5,1.0,1.0,1.5,-0.037943233,0.30508292
0.8846428,0.29982975,0.5,1.0,1.0,1.5,-0.04011349,0.27023384
0.87870973,0.8903351,0.5,1.0,1.0,1.5,-0.01533176,0.913638
0.3493187,0.9032336,0.5,1.0,1.0,1.5,0.0054275757,0.9497646
0.38503382,0.8943152,0.5,1.0,1.0,1.5,0.0025390335,0.9186295
0.40056112,0.89020073,0.5,1.0,1.0,1.5,-0.0025288202,0.91550565
0.08965037,0.6383675,0.5,1.0,1.0,1.5,0.027419256,0.6838504
0.24528545,0.8749764,0.5,1.0,1.0,1.5,0.012912406,0.93254364
0.55020607,0.6541671,0.5,1.0,1.0,1.5,0.016424553,0.7821791
0.5121306,0.8618241,0.5,1.0,1.0,1.5,0.00025241286,0.94190896
0.09751372,0.47935668,0.5,1.0,1.0,1.5,0.04296277,0.531385
0.1058737,0.47248942,0.5,1.0,1.0,1.5,0.035110872,0.52899116
0.090409406,0.8383263,0.5,1.0,1.0,1.5,0.023424286,0.90394807
0.865812,0.3701658,0.5,1.0,1.0,1.5,-0.034627315,0.37069613
0.70636904,0.19123384,0.5,1.0,1.0,1.5,-0.025905557,0.22370619
0.7101623,0.17538281,0.5,1.0,1.0,1.5,-0.022236807,0.22327021
0.7137215,0.20145917,0.5,1.0,1.0,1.5,-0.032000154,0.1814872
0.7238616,0.21200812,0.5,1.0,1.0,1.5,-0.029329717,0.1950978
0.81176996,0.27968955,0.5,1.0,1.0,1.5,-0.032509323,0.2586999
0.51907504,0.8563482,0.5,1.0,1.0,1.5,0.0034292638,0.89586437
0.41094717,0.44131866,0.5,1.0,1.0,1.5,0.025731541,0.71861243
0.16248544,0.40397856,0.5,1.0,1.0,1.5,0.047033735,0.5469482
0.19233513,0.88088804,0.5,1.0,1.0,1.5,0.012410182,0.91446763
0.55495405,0.8002909,0.5,1.0,1.0,1.5,0.007306454,0.8657552
0.8742781,0.33611482,0.5,1.0,1.0,1.5,-0.03356434,0.2671564
0.7638822,0.26908675,0.5,1.0,1.0,1.5,-0.036110736,0.20914409
0.7863667,0.110987395,0.5,1.0,1.0,1.5,-0.01247629,0.12679893
0.55685276,0.66533154,0.5,1.0,1.0,1.5,0.01826828,0.743508
0.8572335,0.31948546,0.5,1.0,1.0,1.5,-0.040839136,0.27491757
0.72260064,0.22236933,0.5,1.0,1.0,1.5,-0.030306764,0.18078083
0.42497325,0.4332974,0.5,1.0,1.0,1.5,0.024326636,0.6314671
0.53053033,0.5832792,0.5,1.0,1.0,1.5,0.02511641,0.6786473
0.3339846,0.4696788,0.5,1.0,1.0,1.5,0.025857363,0.6901833
0.09350746,0.39064702,0.5,1.0,1.0,1.5,0.052997626,0.50965
0.07685874,0.21222267,0.5,1.0,1.0,1.5,0.058063623,0.25853068
0.8042713,0.10248586,0.5,1.0,1.0,1.5,-0.014059177,0.11096686
0.243329,0.86729234,0.5,1.0,1.0,1.5,0.01603296,0.90651274
0.41770044,0.44254008,0.5,1.0,1.0,1.5,0.022661522,0.65843403
0.5582716,0.67223215,0.5,1.0,1.0,1.5,0.02212518,0.7670665
0.158288,0.8887723,0.5,1.0,1.0,1.5,0.020745749,0.88578105
0.8853721,0.10773547,0.5,1.0,1.0,1.5,-0.016946066,0.1258904
0.8785727,0.32907885,0.5,1.0,1.0,1.5,-0.034555875,0.28590167
0.87286574,0.3245539,0.5,1.0,1.0,1.5,-0.04175302,0.31106377
0.073577635,0.36962715,0.5,1.0,1.0,1.5,0.057390127,0.4776349
0.07966733,0.3617373,0.5,1.0,1.0,1.5,0.05807268,0.47706696
0.7271221,0.2257705,0.5,1.0,1.0,1.5,-0.030314542,0.17544338
0.079606995,0.11656859,0.5,1.0,1.0,1.5,0.02738636,0.17839608
0.8655261,0.10616588,0.5,1.0,1.0,1.5,-0.019829117,0.090459526
0.8504427,0.1103767,0.5,1.0,1.0,1.5,-0.013006812,0.09884596
0.5133819,0.43647325,0.5,1.0,1.0,1.5,0.016642991,0.6018025
0.10006955,0.87498415,0.5,1.0,1.0,1.5,0.022208557,0.9285387
0.61482507,0.899552,0.5,1.0,1.0,1.5,6.144401e-05,0.9375608
0.60984457,0.89718336,0.5,1.0,1.0,1.5,-0.0014331313,0.9806776
0.6059288,0.9041594,0.5,1.0,1.0,1.5,-0.0037032655,0.93831277
0.43027773,0.42320555,0.5,1.0,1.0,1.5,0.018767325,0.6695361
0.7468276,0.11023025,0.5,1.0,1.0,1.5,-0.0093175145,0.105772495
0.5472112,0.46848407,0.5,1.0,1.0,1.5,0.017698254,0.59898084
0.3192184,0.48588058,0.5,1.0,1.0,1.5,0.028923145,0.6629853
0.5915514,0.8791683,0.5,1.0,1.0,1.5,0.0002822224,0.92584467
0.5144461,0.56836665,0.5,1.0,1.0,1.5,0.025646238,0.6810771
0.48093447,0.87574154,0.5,1.0,1.0,1.5,0.0055386666,0.9198164
0.7624923,0.098134,0.5,1.0,1.0,1.5,-0.008883987,0.11550361
0.09221365,0.4096061,0.5,1.0,1.0,1.5,0.052178755,0.5368275
0.7242047,0.28131077,0.5,1.0,1.0,1.5,-0.036030363,0.2560121
0.70273006,0.15948258,0.5,1.0,1.0,1.5,-0.014143068,0.1299645
0.2463303,0.4557358,0.5,1.0,1.0,1.5,0.027458834,0.65114605
0.43615618,0.43825197,0.5,1.0,1.0,1.5,0.022535553,0.6632871
0.100332275,0.8408344,0.5,1.0,1.0,1.5,0.026292881,0.8956315
0.111997925,0.85080075,0.5,1.0,1.0,1.5,0.017423328,0.8932382
0.547723,0.7334325,0.5,1.0,1.0,1.5,0.009326959,0.8067088
0.43674302,0.42123246,0.5,1.0,1.0,1.5,0.018443178,0.63034797
0.894057,0.15649323,0.5,1.0,1.0,1.5,-0.029183112,0.16264996
0.57770973,0.6818563,0.5,1.0,1.0,1.5,0.0150416745,0.79032123
0.10499708,0.4877584,0.5,1.0,1.0,1.5,0.03515797,0.59904945
0.09482654,0.49897924,0.5,1.0,1.0,1.5,0.037426967,0.6297532
0.5885972,0.70142853,0.5,1.0,1.0,1.5,0.015080513,0.7908355
0.86318254,0.31637374,0.5,1.0,1.0,1.5,-0.03488462,0.29592937
0.10379244,0.392673,0.5,1.0,1.0,1.5,0.0515989,0.4908402
0.8191609,0.26861024,0.5,1.0,1.0,1.5,-0.03531488,0.17942777
0.78153425,0.24677198,0.5,1.0,1.0,1.5,-0.03322971,0.23383075
0.17372178,0.42264888,0.5,1.0,1.0,1.5,0.041059956,0.5884965
0.17447907,0.4279795,0.5,1.0,1.0,1.5,0.03724877,0.60176766
0.1709765,0.43831474,0.5,1.0,1.0,1.5,0.033233136,0.5589746
0.10530295,0.64754236,0.5,1.0,1.0,1.5,0.033988327,0.7500378
0.5459577,0.658855,0.5,1.0,1.0,1.5,0.018989427,0.7936514
0.55064636,0.667753,0.5,1.0,1.0,1.5,0.022369444,0.7432549
0.12144827,0.7664418,0.5,1.0,1.0,1.5,0.02809139,0.83644176
0.54731834,0.5066181,0.5,1.0,1.0,1.5,0.029891398,0.66375154
0.6858288,0.12609413,0.5,1.0,1.0,1.5,-0.010885855,0.12764019
0.67770946,0.12921308,0.5,1.0,1.0,1.5,-0.012365855,0.116531014
0.76353526,0.2566335,0.5,1.0,1.0,1.5,-0.03000186,0.22923532
0.3907907,0.88342756,0.5,1.0,1.0,1.5,0.003168757,0.9347744
0.40577254,0.8782831,0.5,1.0,1.0,1.5,0.004402951,0.92686427
0.3379258,0.89728737,0.5,1.0,1.0,1.5,0.006232448,0.94461346
0.3205302,0.9031852,0.5,1.0,1.0,1.5,0.005380053,0.91910183
0.5524939,0.8103952,0.5,1.0,1.0,1.5,0.0046006516,0.9110826
0.5563912,0.8257835,0.5,1.0,1.0,1.5,0.005620461,0.8785546
0.1740058,0.8785743,0.5,1.0,1.0,1.5,0.017896382,0.9007101
0.15814532,0.87877256,0.5,1.0,1.0,1.5,0.01626883,0.98832965
0.73601395,0.2811355,0.5,1.0,1.0,1.5,-0.034903903,0.28127638
0.72459924,0.12931594,0.5,1.0,1.0,1.5,-0.009786679,0.07913464
0.72064465,0.1817929,0.5,1.0,1.0,1.5,-0.024555342,0.15953588
0.579818,0.8724839,0.5,1.0,1.0,1.5,0.0023050713,0.97541404
0.75955564,0.11671382,0.5,1.0,1.0,1.5,-0.013306582,0.10636857
0.7972524,0.11125077,0.5,1.0,1.0,1.5,-0.01640315,0.12823114
0.78632104,0.12360232,0.5,1.0,1.0,1.5,-0.0162536,0.09625113
0.57357204,0.90158045,0.5,1.0,1.0,1.5,-0.0056606093,0.9185871
0.11945952,0.41809994,0.5,1.0,1.0,1.5,0.045906667,0.53981483
0.71284556,0.12797327,0.5,1.0,1.0,1.5,-0.017930876,0.087889254
0.106300384,0.8824028,0.5,1.0,1.0,1.5,0.018340617,0.8934507
0.10852624,0.8607393,0.5,1.0,1.0,1.5,0.025032006,0.9146684
0.56838155,0.6761755,0.5,1.0,1.0,1.5,0.018296085,0.76846266
0.11039492,0.87040704,0.5,1.0,1.0,1.5,0.020380272,0.9330671
0.70589465,0.13405336,0.5,1.0,1.0,1.5,-0.014965961,0.13404438
0.8741364,0.11047931,0.5,1.0,1.0,1.5,-0.014091793,0.09110919
0.8601196,0.1164977,0.5,1.0,1.0,1.5,-0.018212346,0.092065245
0.112358026,0.8782772,0.5,1.0,1.0,1.5,0.019365618,0.93354154
0.11811663,0.875327,0.5,1.0,1.0,1.5,0.030261904,0.73556876
0.24922861,0.85679555,0.5,1.0,1.0,1.5,0.010885829,0.89942014
0.69572306,0.12989108,0.5,1.0,1.0,1.5,-0.006737503,0.1421299
0.85953957,0.25694656,0.5,1.0,1.0,1.5,-0.037476897,0.2061952
0.8442207,0.121412404,0.5,1.0,1.0,1.5,-0.021607216,0.11552581
0.113443404,0.48893338,0.5,1.0,1.0,1.5,0.036943164,0.6121482
0.21999724,0.8601316,0.5,1.0,1.0,1.5,0.016429793,0.92780375
0.57906616,0.7090861,0.5,1.0,1.0,1.5,0.01398694,0.8044771
0.5632642,0.68609315,0.5,1.0,1.0,1.5,0.016426073,0.75373363
0.12290745,0.4817717,0.5,1.0,1.0,1.5,0.0370506,0.5672812
0.31563094,0.8949052,0.5,1.0,1.0,1.5,0.00934756,0.9233003
0.4380036,0.86285275,0.5,1.0,1.0,1.5,0.0040596477,0.9289163
0.4459692,0.8576797,0.5,1.0,1.0,1.5,0.005357512,0.8850944
0.11803309,0.38852206,0.5,1.0,1.0,1.5,0.05305837,0.49703732
0.5210484,0.6616747,0.5,1.0,1.0,1.5,0.020686297,0.7788624
0.7310814,0.20596737,0.5,1.0,1.0,1.5,-0.026769372,0.19469056
0.7003597,0.14878887,0.5,1.0,1.0,1.5,-0.016029797,0.14794144
0.57162184,0.6919114,0.5,1.0,1.0,1.5,0.0145730395,0.806054
0.12327099,0.42835248,0.5,1.0,1.0,1.5,0.038084242,0.55142415
0.12030519,0.84761286,0.5,1.0,1.0,1.5,0.021498967,0.8862493
0.4145581,0.47852698,0.5,1.0,1.0,1.5,0.02726167,0.6564175
0.5375433,0.7328373,0.5,1.0,1.0,1.5,0.012040241,0.7952454
0.8428326,0.24175349,0.5,1.0,1.0,1.5,-0.034057256,0.22864088
0.8395941,0.23286282,0.5,1.0,1.0,1.5,-0.036225557,0.18400294
0.73006916,0.18788362,0.5,1.0,1.0,1.5,-0.025372861,0.17969814
0.8721916,0.1913938,0.5,1.0,1.0,1.5,-0.028026398,0.20361346
0.8659585,0.2005013,0.5,1.0,1.0,1.5,-0.033482324,0.16706148
0.24937794,0.8485643,0.5,1.0,1.0,1.5,0.014970284,0.90760374
0.8377949,0.27294192,0.5,1.0,1.0,1.5,-0.035532277,0.22454792
0.8470611,0.27767062,0.5,1.0,1.0,1.5,-0.041505545,0.24042317
0.72457105,0.14065023,0.5,1.0,1.0,1.5,-0.02155163,0.12101969
0.40984306,0.8651391,0.5,1.0,1.0,1.5,0.0040013194,0.891273
0.38809556,0.87395227,0.5,1.0,1.0,1.5,0.009656458,0.91197646
0.36151934,0.87429565,0.5,1.0,1.0,1.5,0.010677947,0.93661404
0.11564904,0.6302581,0.5,1.0,1.0,1.5,0.031085396,0.6724123
0.20053756,0.46299317,0.5,1.0,1.0,1.5,0.033118136,0.6550183
0.17072183,0.45023033,0.5,1.0,1.0,1.5,0.034959916,0.572029
0.51800084,0.8367615,0.5,1.0,1.0,1.5,0.0030250677,0.88982296
0.8753462,0.16961277,0.5,1.0,1.0,1.5,-0.027016971,0.13188273
0.8654046,0.1697925,0.5,1.0,1.0,1.5,-0.029086638,0.16653818
0.12528124,0.7554688,0.5,1.0,1.0,1.5,0.027766977,0.83374184
0.32294923,0.8905355,0.5,1.0,1.0,1.5,0.0041131517,0.9422425
0.12392028,0.5584682,0.5,1.0,1.0,1.5,0.035989113,0.68484765
0.7835706,0.13485116,0.5,1.0,1.0,1.5,-0.018482568,0.05691561
0.5503513,0.8629209,0.5,1.0,1.0,1.5,-0.0005147257,0.9442785
0.14853942,0.8698715,0.5,1.0,1.0,1.5,0.019274104,0.9278035
0.46641356,0.8527887,0.5,1.0,1.0,1.5,0.010307819,0.8902313
0.5283929,0.8007669,0.5,1.0,1.0,1.5,0.0070150266,0.8817291
0.13727093,0.73549473,0.5,1.0,1.0,1.5,0.033640668,0.77511215
0.11609446,0.8329631,0.5,1.0,1.0,1.5,0.024142927,0.91003096
0.7858807,0.14296353,0.5,1.0,1.0,1.5,-0.023928195,0.14931715
0.69911563,0.13446666,0.5,1.0,1.0,1.5,-0.013342457,0.101213545
0.32455224,0.50266844,0.5,1.0,1.0,1.5,0.024103237,0.6616685
0.49786666,0.5741957,0.5,1.0,1.0,1.5,0.024894701,0.6694071
0.49475917,0.56618214,0.5,1.0,1.0,1.5,0.02450708,0.69347996
0.13874218,0.8713856,0.5,1.0,1.0,1.5,0.013113585,0.9249586
0.5171476,0.6696789,0.5,1.0,1.0,1.5,0.018855594,0.7615077
0.31644383,0.50575435,0.5,1.0,1.0,1.5,0.025610154,0.6977632
0.12327223,0.7408763,0.5,1.0,1.0,1.5,0.029663008,0.804567
0.80289054,0.26138535,0.5,1.0,1.0,1.5,-0.035164982,0.2209422
0.854365,0.12703377,0.5,1.0,1.0,1.5,-0.021087237,0.04483658
0.5806181,0.6981531,0.5,1.0,1.0,1.5,0.017157402,0.7788311
0.12941532,0.6123322,0.5,1.0,1.0,1.5,0.029881727,0.693969
0.3359206,0.8902901,0.5,1.0,1.0,1.5,0.003930834,0.9369126
0.3699055,0.87973964,0.5,1.0,1.0,1.5,0.0051143104,0.918252
0.5390288,0.8510799,0.5,1.0,1.0,1.5,0.005877605,0.924651
0.12280253,0.51411295,0.5,1.0,1.0,1.5,0.031185184,0.640816
0.13216338,0.6005947,0.5,1.0,1.0,1.5,0.034329347,0.66041577
0.2969794,0.8596112,0.5,1.0,1.0,1.5,0.012800038,0.9284835
0.17319673,0.87133145,0.5,1.0,1.0,1.5,0.016588077,0.9238956
0.8351109,0.26078227,0.5,1.0,1.0,1.5,-0.031610653,0.253411
0.24309656,0.847562,0.5,1.0,1.0,1.5,0.014615139,0.8659066
0.8097716,0.25765887,0.5,1.0,1.0,1.5,-0.03637559,0.2212334
0.83980215,0.25376406,0.5,1.0,1.0,1.5,-0.036419004,0.20167133
0.50781953,0.8307209,0.5,1.0,1.0,1.5,0.0068593575,0.881259
0.5232143,0.8266304,0.5,1.0,1.0,1.5,0.0041467566,0.91234803
0.13581735,0.4231612,0.5,1.0,1.0,1.5,0.041722808,0.62605166
0.1415724,0.57837284,0.5,1.0,1.0,1.5,0.03551597,0.6696197
0.749349,0.24873039,0.5,1.0,1.0,1.5,-0.026615534,0.2418797
0.82513815,0.14032164,0.5,1.0,1.0,1.5,-0.021338595,0.13253793
0.8190196,0.14423098,0.5,1.0,1.0,1.5,-0.022983702,0.14167103
0.8307775,0.23471141,0.5,1.0,1.0,1.5,-0.032432143,0.2287507
0.8292038,0.22527818,0.5,1.0,1.0,1.5,-0.028174907,0.17801699
0.56415015,0.6996009,0.5,1.0,1.0,1.5,0.013125344,0.7822344
0.51470846,0.7891951,0.5,1.0,1.0,1.5,0.007674052,0.9050707
0.73055416,0.14540625,0.5,1.0,1.0,1.5,-0.0225616,0.07584098
0.7329922,0.15448815,0.5,1.0,1.0,1.5,-0.018912852,0.16780803
0.44136816,0.8485718,0.5,1.0,1.0,1.5,0.0062802257,0.8619819
0.4487724,0.8437326,0.5,1.0,1.0,1.5,0.005632902,0.920257
0.7376643,0.18776315,0.5,1.0,1.0,1.5,-0.026462292,0.11515996
0.44576332,0.4436194,0.5,1.0,1.0,1.5,0.022237618,0.6713512
0.25522625,0.8409481,0.5,1.0,1.0,1.5,0.014643756,0.8645738
0.24557184,0.84199953,0.5,1.0,1.0,1.5,0.014842853,0.8849982
0.54494095,0.84370446,0.5,1.0,1.0,1.5,0.002190601,0.9290186
0.7779894,0.14568536,0.5,1.0,1.0,1.5,-0.022658577,0.14935601
0.7623233,0.22667284,0.5,1.0,1.0,1.5,-0.028414413,0.206451
0.14738877,0.86064726,0.5,1.0,1.0,1.5,0.018648727,0.9290978
0.15597412,0.85898036,0.5,1.0,1.0,1.5,0.017272845,0.9131477
0.19468573,0.47625545,0.5,1.0,1.0,1.5,0.029136913,0.59035426
0.23445642,0.47191247,0.5,1.0,1.0,1.5,0.029111272,0.64805853
0.16589808,0.45594478,0.5,1.0,1.0,1.5,0.034302294,0.6340155
0.1599485,0.4522108,0.5,1.0,1.0,1.5,0.031462103,0.565186
0.13004045,0.49040252,0.5,1.0,1.0,1.5,0.030826285,0.60115564
0.13079743,0.49748877,0.5,1.0,1.0,1.5,0.035999566,0.57719696
0.5417894,0.69903326,0.5,1.0,1.0,1.5,0.015152713,0.7920899
0.5379884,0.81890845,0.5,1.0,1.0,1.5,0.010136399,0.87088895
0.52848995,0.723893,0.5,1.0,1.0,1.5,0.014918401,0.7930283
0.1521168,0.6932025,0.5,1.0,1.0,1.5,0.029209726,0.7615806
0.122975886,0.74645054,0.5,1.0,1.0,1.5,0.028996754,0.85367167
0.522198,0.75506735,0.5,1.0,1.0,1.5,0.0122488355,0.84033096
0.34388277,0.5068015,0.5,1.0,1.0,1.5,0.026143385,0.68205726
0.49482235,0.5937796,0.5,1.0,1.0,1.5,0.028737133,0.6933607
0.5154707,0.8002913,0.5,1.0,1.0,1.5,0.0076017003,0.83017814
0.47325575,0.8325393,0.5,1.0,1.0,1.5,0.009334048,0.8838015
0.22154084,0.8470391,0.5,1.0,1.0,1.5,0.014563122,0.89897376
0.26297128,0.507284,0.5,1.0,1.0,1.5,0.024095522,0.697113
0.2619567,0.51672995,0.5,1.0,1.0,1.5,0.023139974,0.64815235
0.4919302,0.51327896,0.5,1.0,1.0,1.5,0.028020408,0.68718433
0.48194888,0.5125287,0.5,1.0,1.0,1.5,0.02734586,0.65093386
0.24320835,0.83757305,0.5,1.0,1.0,1.5,0.016846588,0.92571104
0.56132126,0.7053804,0.5,1.0,1.0,1.5,0.01417763,0.77122
0.5534682,0.7041927,0.5,1.0,1.0,1.5,0.014641018,0.79183644
0.74283797,0.24595143,0.5,1.0,1.0,1.5,-0.02799043,0.22045964
0.31921512,0.511207,0.5,1.0,1.0,1.5,0.02531337,0.71553355
0.23378722,0.8370594,0.5,1.0,1.0,1.5,0.016881132,0.87684304
0.4893437,0.5691454,0.5,1.0,1.0,1.5,0.027312512,0.72903734
0.7782475,0.15443146,0.5,1.0,1.0,1.5,-0.021361055,0.14763919
0.7442167,0.17526889,0.5,1.0,1.0,1.5,-0.0247108,0.17357433
0.7713461,0.14671424,0.5,1.0,1.0,1.5,-0.022706883,0.11424583
0.3154559,0.51722777,0.5,1.0,1.0,1.5,0.025704887,0.67861223
0.48357373,0.56567496,0.5,1.0,1.0,1.5,0.026606161,0.6922894
0.5145865,0.67609537,0.5,1.0,1.0,1.5,0.01816872,0.78915447
0.23921518,0.83107233,0.5,1.0,1.0,1.5,0.016320862,0.887415
0.8576638,0.151294,0.5,1.0,1.0,1.5,-0.026888961,0.13596809
0.85057575,0.1439241,0.5,1.0,1.0,1.5,-0.020989904,0.1093654
0.83528423,0.14401717,0.5,1.0,1.0,1.5,-0.02181502,0.11022079
0.14011241,0.6153399,0.5,1.0,1.0,1.5,0.030077552,0.69960785
0.86372864,0.19456936,0.5,1.0,1.0,1.5,-0.02965561,0.1996629
0.806509,0.2498891,0.5,1.0,1.0,1.5,-0.032684796,0.25210038
0.82119834,0.22511317,0.5,1.0,1.0,1.5,-0.027731746,0.22996855
0.22183569,0.8267623,0.5,1.0,1.0,1.5,0.019091347,0.8481959
0.1507621,0.5757449,0.5,1.0,1.0,1.5,0.035723183,0.6612229
0.44472456,0.8354683,0.5,1.0,1.0,1.5,0.007972445,0.88167226
0.14887123,0.762129,0.5,1.0,1.0,1.5,0.025781022,0.8215827
0.1325852,0.5135054,0.5,1.0,1.0,1.5,0.03526135,0.60145944
0.37347972,0.8724496,0.5,1.0,1.0,1.5,0.008708249,0.9123195
0.13630481,0.8434095,0.5,1.0,1.0,1.5,0.020533618,0.8468902
0.19361167,0.49002215,0.5,1.0,1.0,1.5,0.030077448,0.6867262
0.1871712,0.49656817,0.5,1.0,1.0,1.5,0.029270597,0.64136803
0.15396157,0.8499677,0.5,1.0,1.0,1.5,0.018405406,0.9147297
0.5196006,0.7225157,0.5,1.0,1.0,1.5,0.017161714,0.82951355
0.52084035,0.71562344,0.5,1.0,1.0,1.5,0.015775222,0.80720556
0.13739242,0.4896746,0.5,1.0,1.0,1.5,0.030136406,0.6114489
0.13654833,0.48446003,0.5,1.0,1.0,1.5,0.033158235,0.62552327
0.16225517,0.6987269,0.5,1.0,1.0,1.5,0.025276003,0.7252984
0.5152537,0.7443621,0.5,1.0,1.0,1.5,0.012023164,0.8675663
0.49025223,0.4762627,0.5,1.0,1.0,1.5,0.024137162,0.61348516
0.33923835,0.52729315,0.5,1.0,1.0,1.5,0.025467588,0.6350576
0.3609366,0.50985944,0.5,1.0,1.0,1.5,0.026681714,0.6831338
0.47379678,0.59012455,0.5,1.0,1.0,1.5,0.024560431,0.6866653
0.49018744,0.61110127,0.5,1.0,1.0,1.5,0.019793984,0.6896723
0.34807485,0.85967994,0.5,1.0,1.0,1.5,0.007817557,0.82388765
0.53411674,0.70059085,0.5,1.0,1.0,1.5,0.014178883,0.798321
0.5083619,0.82190865,0.5,1.0,1.0,1.5,0.002132807,0.89225423
0.49502102,0.8188959,0.5,1.0,1.0,1.5,0.0083317915,0.9013915
0.8043533,0.16100742,0.5,1.0,1.0,1.5,-0.025093222,0.14369094
0.13930115,0.8113741,0.5,1.0,1.0,1.5,0.025542626,0.87760186
0.2505473,0.52439076,0.5,1.0,1.0,1.5,0.026348103,0.6608705
0.26370832,0.8163636,0.5,1.0,1.0,1.5,0.0146929445,0.864873
0.8053302,0.2374507,0.5,1.0,1.0,1.5,-0.035518516,0.19153097
0.15885715,0.75062925,0.5,1.0,1.0,1.5,0.028045572,0.8296999
0.52593374,0.7030541,0.5,1.0,1.0,1.5,0.014175653,0.8038037
0.8132435,0.22393356,0.5,1.0,1.0,1.5,-0.029214926,0.20924833
0.22989717,0.83226585,0.5,1.0,1.0,1.5,0.015606656,0.84466964
0.8126675,0.21533482,0.5,1.0,1.0,1.5,-0.032939885,0.17983401
0.83202296,0.19103798,0.5,1.0,1.0,1.5,-0.028138436,0.1687653
0.741039,0.14824724,0.5,1.0,1.0,1.5,-0.022189727,0.14681813
0.5007859,0.4991075,0.5,1.0,1.0,1.5,0.027241893,0.6289068
0.5223397,0.7092017,0.5,1.0,1.0,1.5,0.017629199,0.8266436
0.46385485,0.5348838,0.5,1.0,1.0,1.5,0.026975092,0.6658211
0.46175656,0.52936316,0.5,1.0,1.0,1.5,0.02485036,0.616553
0.18398927,0.7393488,0.5,1.0,1.0,1.5,0.023696078,0.79368186
0.83950907,0.1513345,0.5,1.0,1.0,1.5,-0.026826842,0.08320269
0.8207537,0.20875917,0.5,1.0,1.0,1.5,-0.030942213,0.16764557
0.76095134,0.13837098,0.5,1.0,1.0,1.5,-0.019161303,0.089820355
0.23257644,0.4800734,0.5,1.0,1.0,1.5,0.02832978,0.65442604
0.22596723,0.4792012,0.5,1.0,1.0,1.5,0.025603833,0.6158638
0.24615088,0.5012475,0.5,1.0,1.0,1.5,0.027973518,0.64019644
0.3739887,0.50851613,0.5,1.0,1.0,1.5,0.030447414,0.7043575
0.30431393,0.8390102,0.5,1.0,1.0,1.5,0.012922719,0.93167955
0.34437168,0.8536315,0.5,1.0,1.0,1.5,0.0100575695,0.850593
0.15204585,0.6022351,0.5,1.0,1.0,1.5,0.029286249,0.72600853
0.4415725,0.8269533,0.5,1.0,1.0,1.5,0.00801323,0.89885753
0.21901985,0.8183005,0.5,1.0,1.0,1.5,0.01811492,0.84512305
0.45738503,0.8260158,0.5,1.0,1.0,1.5,0.004512905,0.91755354
0.19279878,0.50312966,0.5,1.0,1.0,1.5,0.031150203,0.6209241
0.15187943,0.84192,0.5,1.0,1.0,1.5,0.018266115,0.8789136
0.15872471,0.8387367,0.5,1.0,1.0,1.5,0.018935893,0.89949346
0.4647291,0.6634554,0.5,1.0,1.0,1.5,0.021802552,0.7459745
0.46778077,0.64598763,0.5,1.0,1.0,1.5,0.023911415,0.7139265
0.4727538,0.6308031,0.5,1.0,1.0,1.5,0.022495482,0.6930645
0.4546893,0.5654598,0.5,1.0,1.0,1.5,0.025322018,0.72642076
0.31618774,0.5475839,0.5,1.0,1.0,1.5,0.027203262,0.68357176
0.39849114,0.82897234,0.5,1.0,1.0,1.5,0.0051859953,0.8584158
0.41921958,0.8245223,0.5,1.0,1.0,1.5,0.004893441,0.89508903
0.16202082,0.68801206,0.5,1.0,1.0,1.5,0.030639922,0.75569826
0.15783095,0.49816504,0.5,1.0,1.0,1.5,0.03421549,0.6040806
0.49820086,0.76261497,0.5,1.0,1.0,1.5,0.013824325,0.8486861
0.50472295,0.74910855,0.5,1.0,1.0,1.5,0.0108486805,0.84950274
0.5074062,0.7344849,0.5,1.0,1.0,1.5,0.01323508,0.81714606
0.14332601,0.48832265,0.5,1.0,1.0,1.5,0.037713196,0.6219465
0.14923237,0.5044619,0.5,1.0,1.0,1.5,0.027388671,0.62786067
0.23961002,0.5050644,0.5,1.0,1.0,1.5,0.02715933,0.6899423
0.3781603,0.52763957,0.5,1.0,1.0,1.5,0.024553195,0.7381301
0.839197,0.16827406,0.5,1.0,1.0,1.5,-0.027233016,0.1428929
0.829968,0.17930551,0.5,1.0,1.0,1.5,-0.025379032,0.14843139
0.261392,0.5349441,0.5,1.0,1.0,1.5,0.028403785,0.6680295
0.24083515,0.5329037,0.5,1.0,1.0,1.5,0.02645121,0.7407205
0.45532948,0.5281209,0.5,1.0,1.0,1.5,0.025474941,0.62290716
0.22779107,0.4856832,0.5,1.0,1.0,1.5,0.030169873,0.6468796
0.35162592,0.8385458,0.5,1.0,1.0,1.5,0.009938403,0.8965355
0.26512137,0.53814775,0.5,1.0,1.0,1.5,0.025724443,0.6627465
0.45338038,0.82141256,0.5,1.0,1.0,1.5,0.0063822893,0.8866768
0.43251777,0.8209466,0.5,1.0,1.0,1.5,0.006439275,0.8710793
0.45847237,0.49851128,0.5,1.0,1.0,1.5,0.02594778,0.65803874
0.35630444,0.51688766,0.5,1.0,1.0,1.5,0.024050336,0.7064096
0.17695218,0.76541877,0.5,1.0,1.0,1.5,0.021339161,0.7785076
0.82696074,0.197144,0.5,1.0,1.0,1.5,-0.028957989,0.13453636
0.8202334,0.1926287,0.5,1.0,1.0,1.5,-0.029758994,0.20231667
0.36942112,0.518007,0.5,1.0,1.0,1.5,0.028950116,0.685146
0.4730686,0.7912327,0.5,1.0,1.0,1.5,0.008049476,0.87363577
0.51923513,0.7006491,0.5,1.0,1.0,1.5,0.013172029,0.78707707
0.4569225,0.5221491,0.5,1.0,1.0,1.5,0.027870907,0.6663339
0.160301,0.5298869,0.5,1.0,1.0,1.5,0.029116612,0.617634
0.82899266,0.16720648,0.5,1.0,1.0,1.5,-0.027187733,0.15571606
0.8163594,0.18058813,0.5,1.0,1.0,1.5,-0.027847964,0.14099056
0.16206072,0.6046081,0.5,1.0,1.0,1.5,0.032306142,0.7116765
0.49494553,0.75228524,0.5,1.0,1.0,1.5,0.011579516,0.8090733
0.4977788,0.740418,0.5,1.0,1.0,1.5,0.01324787,0.8314612
0.34959677,0.54686594,0.5,1.0,1.0,1.5,0.028946383,0.69354916
0.34421352,0.5532291,0.5,1.0,1.0,1.5,0.02742082,0.7092301
0.4542324,0.60071677,0.5,1.0,1.0,1.5,0.026200434,0.7449545
0.44779664,0.59484893,0.5,1.0,1.0,1.5,0.024306403,0.72307
0.33721024,0.8397648,0.5,1.0,1.0,1.5,0.013714202,0.84561145
0.19268638,0.51556563,0.5,1.0,1.0,1.5,0.02370416,0.62543124
0.18737882,0.5219571,0.5,1.0,1.0,1.5,0.03482315,0.5907209
0.18919672,0.6766723,0.5,1.0,1.0,1.5,0.03427694,0.71173817
0.4115851,0.8168793,0.5,1.0,1.0,1.5,0.012348775,0.8600359
0.4282549,0.5372938,0.5,1.0,1.0,1.5,0.028783822,0.6872606
0.3531608,0.8305287,0.5,1.0,1.0,1.5,0.016308825,0.9030634
0.46725625,0.6355516,0.5,1.0,1.0,1.5,0.02255135,0.7192018
0.22613546,0.4960319,0.5,1.0,1.0,1.5,0.025264692,0.6589985
0.23331712,0.5235191,0.5,1.0,1.0,1.5,0.030571388,0.6445381
0.81626105,0.19944888,0.5,1.0,1.0,1.5,-0.030489214,0.15737766
0.16898751,0.54063857,0.5,1.0,1.0,1.5,0.031222975,0.67326975
0.16977513,0.5154727,0.5,1.0,1.0,1.5,0.026543068,0.6568429
0.18146323,0.80487674,0.5,1.0,1.0,1.5,0.0201644,0.87209237
0.45755792,0.6831475,0.5,1.0,1.0,1.5,0.016700745,0.79181254
0.36927816,0.5372505,0.5,1.0,1.0,1.5,0.024643937,0.7166756
0.34608755,0.8288055,0.5,1.0,1.0,1.5,0.010208804,0.88831234
0.22492817,0.5058932,0.5,1.0,1.0,1.5,0.026459906,0.6783531
0.22811241,0.5095161,0.5,1.0,1.0,1.5,0.030303497,0.62927496
0.41991797,0.53950995,0.5,1.0,1.0,1.5,0.027717311,0.6395217
0.43744883,0.8099005,0.5,1.0,1.0,1.5,0.0073151006,0.9740926
0.4442446,0.8075971,0.5,1.0,1.0,1.5,0.007552321,0.8576721
0.33199215,0.8306547,0.5,1.0,1.0,1.5,0.011916355,0.86308306
0.5034633,0.69820285,0.5,1.0,1.0,1.5,0.01613812,0.82185704
0.46128786,0.7933024,0.5,1.0,1.0,1.5,0.0034794125,0.78661877
0.26661298,0.56463414,0.5,1.0,1.0,1.5,0.03015766,0.67123437
0.4589118,0.6354076,0.5,1.0,1.0,1.5,0.017899133,0.6644548
0.46902907,0.7779708,0.5,1.0,1.0,1.5,0.0066902996,0.8417932
0.4898822,0.7040377,0.5,1.0,1.0,1.5,0.016894288,0.8133595
0.22958523,0.79234564,0.5,1.0,1.0,1.5,0.01958457,0.8307642
0.25739577,0.5397299,0.5,1.0,1.0,1.5,0.026848426,0.66223013
0.17640966,0.55126184,0.5,1.0,1.0,1.5,0.03290962,0.68471164
0.49075252,0.7472983,0.5,1.0,1.0,1.5,0.012104803,0.81746924
0.44107154,0.60053205,0.5,1.0,1.0,1.5,0.029142613,0.71015084
0.28716728,0.7689284,0.5,1.0,1.0,1.5,0.018662788,0.8052248
0.2032567,0.51498413,0.5,1.0,1.0,1.5,0.031844992,0.6709701
0.40933985,0.81002605,0.5,1.0,1.0,1.5,0.012276416,0.85483027
0.34951836,0.55985034,0.5,1.0,1.0,1.5,0.026263442,0.6931902
0.38339683,0.54747266,0.5,1.0,1.0,1.5,0.024243912,0.7142621
0.18469892,0.60083306,0.5,1.0,1.0,1.5,0.036936294,0.67018574
0.25512683,0.54918057,0.5,1.0,1.0,1.5,0.027641911,0.63162786
0.44612285,0.701327,0.5,1.0,1.0,1.5,0.013236045,0.7605706
0.2033477,0.6629285,0.5,1.0,1.0,1.5,0.030720001,0.80460256
0.39016378,0.5494082,0.5,1.0,1.0,1.5,0.024814658,0.6716741
0.3346877,0.56374055,0.5,1.0,1.0,1.5,0.031005828,0.6960019
0.43735367,0.5844254,0.5,1.0,1.0,1.5,0.024220407,0.6885665
0.3381905,0.8255158,0.5,1.0,1.0,1.5,0.0068992404,0.8898418
0.20085126,0.63205785,0.5,1.0,1.0,1.5,0.031730242,0.76099896
0.22650313,0.5147194,0.5,1.0,1.0,1.5,0.028676312,0.6671558
0.18674959,0.5967318,0.5,1.0,1.0,1.5,0.026549563,0.68723166
0.44770223,0.79714125,0.5,1.0,1.0,1.5,0.011348505,0.8515922
0.45250425,0.79519206,0.5,1.0,1.0,1.5,0.0077328384,0.9062955
0.20650102,0.78885627,0.5,1.0,1.0,1.5,0.02077982,0.84471965
0.1861563,0.5444141,0.5,1.0,1.0,1.5,0.02799047,0.6615561
0.26019004,0.57632595,0.5,1.0,1.0,1.5,0.027426893,0.701347
0.18512824,0.5622201,0.5,1.0,1.0,1.5,0.031386256,0.7087148
0.25249067,0.7758529,0.5,1.0,1.0,1.5,0.021494765,0.8501583
0.1898076,0.53408986,0.5,1.0,1.0,1.5,0.031033546,0.65273654
0.46244574,0.7765558,0.5,1.0,1.0,1.5,0.008512964,0.8664625
0.40648645,0.8002438,0.5,1.0,1.0,1.5,0.011941801,0.8652085
0.42830315,0.79546124,0.5,1.0,1.0,1.5,0.011971098,0.8293797
0.43465155,0.6059772,0.5,1.0,1.0,1.5,0.02284896,0.7814921
0.21174854,0.510335,0.5,1.0,1.0,1.5,0.025064444,0.64130247
0.25252268,0.5785926,0.5,1.0,1.0,1.5,0.02435165,0.73301315
0.3548844,0.56625783,0.5,1.0,1.0,1.5,0.025193015,0.71619236
0.37614375,0.55515575,0.5,1.0,1.0,1.5,0.027049769,0.67851776
0.38223168,0.55549914,0.5,1.0,1.0,1.5,0.025273979,0.7400718
0.48048964,0.73447645,0.5,1.0,1.0,1.5,0.011902738,0.812598
0.47357723,0.7119802,0.5,1.0,1.0,1.5,0.01709803,0.8034518
0.26925665,0.58374846,0.5,1.0,1.0,1.5,0.029552763,0.7295823
0.30609795,0.58519125,0.5,1.0,1.0,1.5,0.024750452,0.7633178
0.43618667,0.66607744,0.5,1.0,1.0,1.5,0.024496634,0.78936404
0.38840717,0.79295707,0.5,1.0,1.0,1.5,0.013148142,0.8745167
0.35594743,0.8151216,0.5,1.0,1.0,1.5,0.010039375,0.86601317
0.36066315,0.8136391,0.5,1.0,1.0,1.5,0.011156983,0.8979854
0.34380892,0.81931466,0.5,1.0,1.0,1.5,0.013441113,0.82864404
0.44528487,0.6303396,0.5,1.0,1.0,1.5,0.022933438,0.71785045
0.43732196,0.69108766,0.5,1.0,1.0,1.5,0.020151492,0.7799115
0.3950622,0.56401056,0.5,1.0,1.0,1.5,0.024005454,0.7204138
0.253508,0.58678794,0.5,1.0,1.0,1.5,0.028392402,0.7172353
0.20819993,0.6281477,0.5,1.0,1.0,1.5,0.031568497,0.7573433
0.21239881,0.6358132,0.5,1.0,1.0,1.5,0.025484316,0.7347088
0.21603979,0.7717083,0.5,1.0,1.0,1.5,0.022059765,0.85275865
0.21702033,0.776648,0.5,1.0,1.0,1.5,0.022921484,0.7846543
0.44625688,0.7898374,0.5,1.0,1.0,1.5,0.005674799,0.8732827
0.18970515,0.6029699,0.5,1.0,1.0,1.5,0.030197985,0.6911832
0.48188028,0.7420888,0.5,1.0,1.0,1.5,0.014457073,0.81489563
0.3535167,0.8080489,0.5,1.0,1.0,1.5,0.0077179,0.84830177
0.4158649,0.7887242,0.5,1.0,1.0,1.5,0.014220844,0.85547614
0.45236924,0.7751286,0.5,1.0,1.0,1.5,0.011661425,0.843669
0.47414902,0.736395,0.5,1.0,1.0,1.5,0.01588004,0.80864465
0.22161326,0.7789054,0.5,1.0,1.0,1.5,0.018712718,0.82609
0.22465429,0.71000785,0.5,1.0,1.0,1.5,0.026406556,0.82892424
0.26035663,0.7551571,0.5,1.0,1.0,1.5,0.020614428,0.78409517
0.2667788,0.74953324,0.5,1.0,1.0,1.5,0.01771994,0.80744636
0.42847416,0.7899364,0.5,1.0,1.0,1.5,0.0068304045,0.84117484
0.43821278,0.78417253,0.5,1.0,1.0,1.5,0.011420746,0.80910337
0.45676932,0.75110245,0.5,1.0,1.0,1.5,0.015866678,0.8396425
0.21243273,0.61683285,0.5,1.0,1.0,1.5,0.021906931,0.69362426
0.24428748,0.5788505,0.5,1.0,1.0,1.5,0.025635883,0.6931455
0.26963893,0.59317666,0.5,1.0,1.0,1.5,0.027197752,0.7345668
0.38908878,0.7798924,0.5,1.0,1.0,1.5,0.016015613,0.83203995
0.3814634,0.5619047,0.5,1.0,1.0,1.5,0.025832517,0.7203159
0.3637901,0.5654035,0.5,1.0,1.0,1.5,0.030376911,0.7417883
0.43542498,0.72159714,0.5,1.0,1.0,1.5,0.019963365,0.83626527
0.20729767,0.5468258,0.5,1.0,1.0,1.5,0.02711286,0.6598894
0.38951826,0.5752888,0.5,1.0,1.0,1.5,0.024757896,0.6992382
0.33797562,0.58834827,0.5,1.0,1.0,1.5,0.029538829,0.70926094
0.27260658,0.7475969,0.5,1.0,1.0,1.5,0.020371405,0.81353736
0.3734088,0.79265004,0.5,1.0,1.0,1.5,0.007489157,0.87978995
0.41750717,0.7792848,0.5,1.0,1.0,1.5,0.011207961,0.87152743
0.4151019,0.6128046,0.5,1.0,1.0,1.5,0.02299487,0.75027794
0.31165832,0.74464864,0.5,1.0,1.0,1.5,0.022689344,0.87129337
0.24611852,0.5961206,0.5,1.0,1.0,1.5,0.026229218,0.6949469
0.43330598,0.77683216,0.5,1.0,1.0,1.5,0.011032483,0.8698127
0.2191205,0.6315966,0.5,1.0,1.0,1.5,0.02639862,0.7342294
0.35835925,0.8013776,0.5,1.0,1.0,1.5,0.0110273305,0.8282999
0.23216319,0.57710177,0.5,1.0,1.0,1.5,0.029112807,0.7131861
0.3027515,0.7371227,0.5,1.0,1.0,1.5,0.019459479,0.74635196
0.45346507,0.7436823,0.5,1.0,1.0,1.5,0.013799043,0.8110887
0.27725092,0.6012764,0.5,1.0,1.0,1.5,0.023340259,0.7557671
0.26210374,0.6035453,0.5,1.0,1.0,1.5,0.024900446,0.7382764
0.42191994,0.71655357,0.5,1.0,1.0,1.5,0.014430981,0.7836795
0.4212058,0.6805273,0.5,1.0,1.0,1.5,0.01862118,0.76200354
0.42193487,0.6741653,0.5,1.0,1.0,1.5,0.021305216,0.7999563
0.23843595,0.5894305,0.5,1.0,1.0,1.5,0.029156892,0.7098667
0.37274915,0.78384167,0.5,1.0,1.0,1.5,0.013754454,0.8713913
0.38781935,0.7683832,0.5,1.0,1.0,1.5,0.015549239,0.8324729
0.4225186,0.6687455,0.5,1.0,1.0,1.5,0.020711776,0.7686839
0.38236108,0.5770163,0.5,1.0,1.0,1.5,0.02648306,0.6771716
0.42332348,0.77890176,0.5,1.0,1.0,1.5,0.012613599,0.84090257
0.2256678,0.6297329,0.5,1.0,1.0,1.5,0.023600718,0.7758126
0.23358232,0.63035375,0.5,1.0,1.0,1.5,0.022680867,0.73666024
0.38356212,0.60426027,0.5,1.0,1.0,1.5,0.028776983,0.7459061
0.34998083,0.7709734,0.5,1.0,1.0,1.5,0.008791271,0.8579824
0.28560346,0.6081521,0.5,1.0,1.0,1.5,0.029365398,0.7291006
0.29506615,0.72911334,0.5,1.0,1.0,1.5,0.0190302,0.78098315
0.31098253,0.7272181,0.5,1.0,1.0,1.5,0.020143127,0.8369565
0.41178727,0.6845335,0.5,1.0,1.0,1.5,0.017439501,0.78334373
0.41499138,0.6723667,0.5,1.0,1.0,1.5,0.022855932,0.79456496
0.32321048,0.61937726,0.5,1.0,1.0,1.5,0.02211128,0.7503432
0.37295628,0.77334523,0.5,1.0,1.0,1.5,0.017706772,0.8674716
0.38739356,0.75709337,0.5,1.0,1.0,1.5,0.012659755,0.81006813
0.36877194,0.60498893,0.5,1.0,1.0,1.5,0.02182667,0.7467783
0.36404824,0.6119168,0.5,1.0,1.0,1.5,0.024152098,0.7425466
0.25510937,0.66115946,0.5,1.0,1.0,1.5,0.024070416,0.68521434
0.2790549,0.61968505,0.5,1.0,1.0,1.5,0.029579237,0.7142061
0.40966704,0.66566026,0.5,1.0,1.0,1.5,0.020406378,0.76762253
0.26171458,0.6223066,0.5,1.0,1.0,1.5,0.02334397,0.7408906
0.40828562,0.67721254,0.5,1.0,1.0,1.5,0.013540807,0.73161036
0.40104076,0.66682696,0.5,1.0,1.0,1.5,0.021028291,0.74034643
0.37468016,0.6096658,0.5,1.0,1.0,1.5,0.025378607,0.6865875
0.33078876,0.6219697,0.5,1.0,1.0,1.5,0.023858182,0.76036894
0.40201014,0.7210214,0.5,1.0,1.0,1.5,0.017017948,0.82160974
0.3028264,0.7195872,0.5,1.0,1.0,1.5,0.019158501,0.8155
0.31902668,0.7170241,0.5,1.0,1.0,1.5,0.018733319,0.8046855
0.3289306,0.6306846,0.5,1.0,1.0,1.5,0.027627284,0.74276066
0.30734137,0.6315003,0.5,1.0,1.0,1.5,0.027933583,0.7563178
0.3696021,0.7658403,0.5,1.0,1.0,1.5,0.015495656,0.83495426
0.38681653,0.74421656,0.5,1.0,1.0,1.5,0.017359968,0.8347837
0.28165248,0.7125412,0.5,1.0,1.0,1.5,0.020700319,0.73144746
0.38468447,0.6508193,0.5,1.0,1.0,1.5,0.025218101,0.7533069
0.25760236,0.65178406,0.5,1.0,1.0,1.5,0.025219189,0.77664024
0.37095702,0.61649567,0.5,1.0,1.0,1.5,0.027345816,0.7007808
0.379614,0.6393393,0.5,1.0,1.0,1.5,0.024294905,0.73475814
0.37465525,0.62794805,0.5,1.0,1.0,1.5,0.023169162,0.7442092
0.2879105,0.7078439,0.5,1.0,1.0,1.5,0.023400007,0.77655774
0.31846857,0.7083785,0.5,1.0,1.0,1.5,0.022438219,0.8016042
0.3955744,0.67130125,0.5,1.0,1.0,1.5,0.020816868,0.70686316
0.26688942,0.68550634,0.5,1.0,1.0,1.5,0.025564216,0.808763
0.3264517,0.639537,0.5,1.0,1.0,1.5,0.028583635,0.770002
0.36746696,0.75240606,0.5,1.0,1.0,1.5,0.014979433,0.78351986
0.3921447,0.67900884,0.5,1.0,1.0,1.5,0.016648632,0.7626823
0.3342157,0.6472501,0.5,1.0,1.0,1.5,0.023764484,0.75215834
0.27384016,0.65569067,0.5,1.0,1.0,1.5,0.030837,0.7692185
0.3102927,0.7017736,0.5,1.0,1.0,1.5,0.024053913,0.781251
0.3655471,0.73983586,0.5,1.0,1.0,1.5,0.015288384,0.79973733
0.37344003,0.7131026,0.5,1.0,1.0,1.5,0.021953704,0.7977088
0.36640683,0.65146166,0.5,1.0,1.0,1.5,0.020950869,0.72251517
0.2981993,0.6949934,0.5,1.0,1.0,1.5,0.021263635,0.77534765
0.31021702,0.69539976,0.5,1.0,1.0,1.5,0.020228023,0.73307365
0.32497808,0.68795437,0.5,1.0,1.0,1.5,0.022970235,0.77281505
0.27133626,0.66401947,0.5,1.0,1.0,1.5,0.03136005,0.77344346
0.35893363,0.6860278,0.5,1.0,1.0,1.5,0.0169806,0.8235571
0.35119137,0.6663996,0.5,1.0,1.0,1.5,0.022693133,0.7595241
0.36470264,0.7125677,0.5,1.0,1.0,1.5,0.018731605,0.8079618
0.30115014,0.68649757,0.5,1.0,1.0,1.5,0.023510296,0.77933925
0.35359553,0.6824461,0.5,1.0,1.0,1.5,0.021432884,0.7871347
0.3066933,0.68055624,0.5,1.0,1.0,1.5,0.022481333,0.7953131
0.30747175,0.67077184,0.5,1.0,1.0,1.5,0.023711326,0.815658
